timestamp,talhao_id,sensor_id,temperatura_c,umidade_solo_pct,luminosidade_pct,movimento_detectado,irrigacao_ligada,precipitacao_mm,perc_folhas_doentes,praga_detectada,fonte,valor_imputado,umidade_media_3h,temp_media_3h,tendencia_umidade_6h,chuva_24h_mm,temp_max_24h,temp_min_24h,data,hora,periodo_dia,praga_presente
2026-09-28 00:00:00,TAL-01,SNS-01,19.5,54.7,1.1,0,0,0.0,4.3,nenhuma,simulador_campo,0,54.7,19.5,0.0,0.0,19.5,19.5,2026-09-28,0,madrugada,0
2026-09-28 00:30:00,TAL-01,SNS-01,19.0,54.6,1.2,0,0,0.0,4.5,nenhuma,simulador_campo,0,54.6,19.2,-0.1,0.0,19.5,19.0,2026-09-28,0,madrugada,0
2026-09-28 01:00:00,TAL-01,SNS-01,18.2,54.5,4.9,0,0,0.0,4.8,nenhuma,simulador_campo,0,54.6,18.9,-0.2,0.0,19.5,18.2,2026-09-28,1,madrugada,0
2026-09-28 01:30:00,TAL-01,SNS-01,18.6,54.1,2.9,0,0,0.0,4.9,nenhuma,simulador_campo,0,54.5,18.8,-0.6,0.0,19.5,18.2,2026-09-28,1,madrugada,0
2026-09-28 02:00:00,TAL-01,SNS-01,17.1,54.3,1.1,0,0,0.0,4.6,nenhuma,simulador_campo,0,54.4,18.5,-0.4,0.0,19.5,17.1,2026-09-28,2,madrugada,0
2026-09-28 02:30:00,TAL-01,SNS-01,17.0,53.7,1.4,0,0,0.0,4.8,nenhuma,simulador_campo,0,54.3,18.2,-1.0,0.0,19.5,17.0,2026-09-28,2,madrugada,0
2026-09-28 03:00:00,TAL-01,SNS-01,16.1,53.4,0.0,0,0,0.0,4.7,nenhuma,simulador_campo,0,54.1,17.7,-1.3,0.0,19.5,16.1,2026-09-28,3,madrugada,0
2026-09-28 03:30:00,TAL-01,SNS-01,17.0,53.5,1.7,0,0,0.0,4.8,nenhuma,simulador_campo,0,53.9,17.3,-1.2,0.0,19.5,16.1,2026-09-28,3,madrugada,0
2026-09-28 04:00:00,TAL-01,SNS-01,16.9,53.2,2.3,0,0,0.0,5.3,nenhuma,simulador_campo,0,53.7,17.1,-1.5,0.0,19.5,16.1,2026-09-28,4,madrugada,0
2026-09-28 04:30:00,TAL-01,SNS-01,17.2,53.2,2.1,0,0,0.0,5.5,nenhuma,simulador_campo,0,53.6,16.9,-1.5,0.0,19.5,16.1,2026-09-28,4,madrugada,0
2026-09-28 05:00:00,TAL-01,SNS-01,17.4,53.4,0.8,0,0,0.0,5.2,nenhuma,simulador_campo,0,53.4,16.9,-1.3,0.0,19.5,16.1,2026-09-28,5,madrugada,0
2026-09-28 05:30:00,TAL-01,SNS-01,19.0,53.4,1.4,0,0,0.0,5.7,nenhuma,simulador_campo,0,53.4,17.3,-1.3,0.0,19.5,16.1,2026-09-28,5,madrugada,0
2026-09-28 06:00:00,TAL-01,SNS-01,18.7,52.5,2.7,0,0,0.0,5.9,nenhuma,simulador_campo,0,53.2,17.7,-2.1,0.0,19.5,16.1,2026-09-28,6,manha,0
2026-09-28 06:30:00,TAL-01,SNS-01,19.7,51.9,14.0,0,0,0.0,5.9,nenhuma,simulador_campo,0,52.9,18.2,-2.6,0.0,19.7,16.1,2026-09-28,6,manha,0
2026-09-28 07:00:00,TAL-01,SNS-01,21.0,52.0,23.7,0,0,0.0,6.5,nenhuma,simulador_campo,0,52.7,18.8,-2.1,0.0,21.0,16.1,2026-09-28,7,manha,0
2026-09-28 07:30:00,TAL-01,SNS-01,21.5,52.1,37.1,0,0,0.0,6.7,nenhuma,simulador_campo,0,52.6,19.6,-2.2,0.0,21.5,16.1,2026-09-28,7,manha,0
2026-09-28 08:00:00,TAL-01,SNS-01,22.0,50.9,48.5,0,0,0.0,7.2,nenhuma,simulador_campo,0,52.1,20.3,-2.8,0.0,22.0,16.1,2026-09-28,8,manha,0
2026-09-28 08:30:00,TAL-01,SNS-01,24.3,51.2,58.1,0,0,0.0,7.2,nenhuma,simulador_campo,0,51.8,21.2,-2.2,0.0,24.3,16.1,2026-09-28,8,manha,0
2026-09-28 09:00:00,TAL-01,SNS-01,23.5,50.8,68.1,0,0,0.0,7.1,nenhuma,simulador_campo,0,51.5,22.0,-2.7,0.0,24.3,16.1,2026-09-28,9,manha,0
2026-09-28 09:30:00,TAL-01,SNS-01,23.5,50.7,78.5,0,0,0.0,7.0,nenhuma,simulador_campo,0,51.3,22.6,-2.5,0.0,24.3,16.1,2026-09-28,9,manha,0
2026-09-28 10:00:00,TAL-01,SNS-01,26.4,50.6,88.4,0,0,0.0,6.9,nenhuma,simulador_campo,0,51.1,23.5,-2.6,0.0,26.4,16.1,2026-09-28,10,manha,0
2026-09-28 10:30:00,TAL-01,SNS-01,26.4,50.3,89.8,0,0,0.0,6.6,nenhuma,simulador_campo,0,50.8,24.3,-3.1,0.0,26.4,16.1,2026-09-28,10,manha,0
2026-09-28 11:00:00,TAL-01,SNS-01,27.5,49.9,95.1,0,0,0.0,6.7,nenhuma,simulador_campo,0,50.6,25.3,-3.5,0.0,27.5,16.1,2026-09-28,11,manha,0
2026-09-28 11:30:00,TAL-01,SNS-01,29.1,49.5,95.6,0,0,0.0,6.7,nenhuma,simulador_campo,0,50.3,26.1,-3.0,0.0,29.1,16.1,2026-09-28,11,manha,0
2026-09-28 12:00:00,TAL-01,SNS-01,29.2,49.0,99.5,0,0,0.0,6.7,nenhuma,simulador_campo,0,50.0,27.0,-2.9,0.0,29.2,16.1,2026-09-28,12,tarde,0
2026-09-28 12:30:00,TAL-01,SNS-01,29.6,48.1,98.8,0,0,0.0,6.8,nenhuma,simulador_campo,0,49.6,28.0,-3.9,0.0,29.6,16.1,2026-09-28,12,tarde,0
2026-09-28 13:00:00,TAL-01,SNS-01,30.5,47.9,96.7,0,0,0.0,7.0,nenhuma,simulador_campo,0,49.1,28.7,-4.2,0.0,30.5,16.1,2026-09-28,13,tarde,0
2026-09-28 13:30:00,TAL-01,SNS-01,30.6,48.1,96.8,0,0,0.0,7.0,nenhuma,simulador_campo,0,48.8,29.4,-2.8,0.0,30.6,16.1,2026-09-28,13,tarde,0
2026-09-28 14:00:00,TAL-01,SNS-01,30.5,47.8,90.4,0,0,0.0,7.2,nenhuma,simulador_campo,0,48.4,29.9,-3.4,0.0,30.6,16.1,2026-09-28,14,tarde,0
2026-09-28 14:30:00,TAL-01,SNS-01,31.0,47.8,85.8,0,0,0.0,7.3,nenhuma,simulador_campo,1,48.1,30.2,-3.0,0.0,31.0,16.1,2026-09-28,14,tarde,0
2026-09-28 15:00:00,TAL-01,SNS-01,32.0,47.8,74.8,0,0,0.0,7.4,nenhuma,simulador_campo,0,47.9,30.7,-2.9,0.0,32.0,16.1,2026-09-28,15,tarde,0
2026-09-28 15:30:00,TAL-01,SNS-01,31.0,48.0,69.5,0,0,0.0,7.3,nenhuma,simulador_campo,0,47.9,30.9,-2.6,0.0,32.0,16.1,2026-09-28,15,tarde,0
2026-09-28 16:00:00,TAL-01,SNS-01,31.0,47.7,55.2,0,0,0.0,7.4,nenhuma,simulador_campo,0,47.9,31.0,-2.6,0.0,32.0,16.1,2026-09-28,16,tarde,0
2026-09-28 16:30:00,TAL-01,SNS-01,29.9,47.150000000000006,49.2,0,0,0.0,7.1,nenhuma,simulador_campo,1,47.7,30.9,-2.7,0.0,32.0,16.1,2026-09-28,16,tarde,0
2026-09-28 17:00:00,TAL-01,SNS-01,30.6,46.6,38.0,0,0,0.0,7.4,nenhuma,simulador_campo,0,47.5,30.9,-2.9,0.0,32.0,16.1,2026-09-28,17,tarde,0
2026-09-28 17:30:00,TAL-01,SNS-01,29.8,46.0,26.9,0,0,0.0,7.5,nenhuma,simulador_campo,0,47.2,30.7,-3.0,0.0,32.0,16.1,2026-09-28,17,tarde,0
2026-09-28 18:00:00,TAL-01,SNS-01,29.5,46.0,11.5,0,0,0.0,7.3,nenhuma,simulador_campo,0,46.9,30.3,-2.1,0.0,32.0,16.1,2026-09-28,18,noite,0
2026-09-28 18:30:00,TAL-01,SNS-01,29.4,46.6,0.0,0,0,0.0,7.2,nenhuma,simulador_campo,0,46.7,30.0,-1.3,0.0,32.0,16.1,2026-09-28,18,noite,0
2026-09-28 19:00:00,TAL-01,SNS-01,27.8,46.3,2.8,0,0,0.0,7.2,nenhuma,simulador_campo,0,46.4,29.5,-1.8,0.0,32.0,16.1,2026-09-28,19,noite,0
2026-09-28 19:30:00,TAL-01,SNS-01,27.1,45.6,3.0,0,0,0.0,7.3,nenhuma,simulador_campo,0,46.2,29.0,-2.2,0.0,32.0,16.1,2026-09-28,19,noite,0
2026-09-28 20:00:00,TAL-01,SNS-01,26.6,45.5,2.8,0,0,0.0,7.4,nenhuma,simulador_campo,0,46.0,28.4,-2.3,0.0,32.0,16.1,2026-09-28,20,noite,0
2026-09-28 20:30:00,TAL-01,SNS-01,24.3,45.8,1.8,0,0,0.0,7.5,nenhuma,simulador_campo,0,46.0,27.4,-2.0,0.0,32.0,16.1,2026-09-28,20,noite,0
2026-09-28 21:00:00,TAL-01,SNS-01,24.2,45.7,2.9,0,0,0.0,7.6,nenhuma,simulador_campo,0,45.9,26.6,-2.3,0.0,32.0,16.1,2026-09-28,21,noite,0
2026-09-28 21:30:00,TAL-01,SNS-01,22.9,45.7,0.0,0,0,0.0,7.5,nenhuma,simulador_campo,0,45.8,25.5,-2.0,0.0,32.0,16.1,2026-09-28,21,noite,0
2026-09-28 22:00:00,TAL-01,SNS-01,21.7,44.6,0.9,0,0,0.0,7.4,nenhuma,simulador_campo,0,45.5,24.5,-2.6,0.0,32.0,16.1,2026-09-28,22,noite,0
2026-09-28 22:30:00,TAL-01,SNS-01,21.2,44.2,0.1,0,0,0.0,7.3,nenhuma,simulador_campo,0,45.2,23.5,-2.4,0.0,32.0,16.1,2026-09-28,22,noite,0
2026-09-28 23:00:00,TAL-01,SNS-01,20.5,45.3,1.1,0,0,0.0,7.3,nenhuma,simulador_campo,0,45.2,22.5,-0.7,0.0,32.0,16.1,2026-09-28,23,noite,0
2026-09-28 23:30:00,TAL-01,SNS-01,19.8,45.7,5.3,0,0,0.0,7.0,nenhuma,simulador_campo,0,45.2,21.7,-0.3,0.0,32.0,16.1,2026-09-28,23,noite,0
2026-09-29 00:00:00,TAL-01,SNS-01,19.7,44.5,6.0,0,0,0.0,6.6,nenhuma,simulador_campo,0,45.0,21.0,-2.1,0.0,32.0,16.1,2026-09-29,0,madrugada,0
2026-09-29 00:30:00,TAL-01,SNS-01,19.6,43.8,1.4,0,0,0.0,6.2,nenhuma,simulador_campo,0,44.7,20.4,-2.5,0.0,32.0,16.1,2026-09-29,0,madrugada,0
2026-09-29 01:00:00,TAL-01,SNS-01,18.2,43.5,2.8,0,0,0.0,6.5,nenhuma,simulador_campo,0,44.5,19.8,-2.1,0.0,32.0,16.1,2026-09-29,1,madrugada,0
2026-09-29 01:30:00,TAL-01,SNS-01,17.8,42.5,3.8,0,0,0.0,6.5,nenhuma,simulador_campo,0,44.2,19.3,-3.0,0.0,32.0,16.1,2026-09-29,1,madrugada,0
2026-09-29 02:00:00,TAL-01,SNS-01,17.8,42.9,2.3,0,0,0.0,6.5,nenhuma,simulador_campo,0,43.8,18.8,-2.9,0.0,32.0,16.1,2026-09-29,2,madrugada,0
2026-09-29 02:30:00,TAL-01,SNS-01,17.0,42.7,5.5,0,0,0.0,6.5,nenhuma,simulador_campo,0,43.3,18.4,-3.0,0.0,32.0,16.1,2026-09-29,2,madrugada,0
2026-09-29 03:00:00,TAL-01,SNS-01,18.0,42.7,0.0,0,0,0.0,6.3,nenhuma,simulador_campo,0,43.0,18.1,-3.0,0.0,32.0,16.9,2026-09-29,3,madrugada,0
2026-09-29 03:30:00,TAL-01,SNS-01,17.4,42.8,4.8,0,0,0.0,5.9,nenhuma,simulador_campo,0,42.8,17.7,-1.8,0.0,32.0,16.9,2026-09-29,3,madrugada,0
2026-09-29 04:00:00,TAL-01,SNS-01,17.4,42.7,1.9,0,0,0.0,5.5,nenhuma,simulador_campo,0,42.7,17.6,-1.5,0.0,32.0,17.0,2026-09-29,4,madrugada,0
2026-09-29 04:30:00,TAL-01,SNS-01,17.3,43.2,2.9,0,0,0.0,5.1,nenhuma,simulador_campo,0,42.8,17.5,-2.1,0.0,32.0,17.0,2026-09-29,4,madrugada,0
2026-09-29 05:00:00,TAL-01,SNS-01,18.0,42.5,2.6,0,0,0.0,5.5,nenhuma,simulador_campo,0,42.8,17.5,-3.2,0.0,32.0,17.0,2026-09-29,5,madrugada,0
2026-09-29 05:30:00,TAL-01,SNS-01,19.2,42.4,0.0,0,0,0.0,5.4,nenhuma,simulador_campo,0,42.7,17.9,-2.1,0.0,32.0,17.0,2026-09-29,5,madrugada,0
2026-09-29 06:00:00,TAL-01,SNS-01,19.3,42.3,0.0,0,0,0.0,5.2,nenhuma,simulador_campo,0,42.6,18.1,-1.5,0.0,32.0,17.0,2026-09-29,6,manha,0
2026-09-29 06:30:00,TAL-01,SNS-01,19.9,42.4,11.2,0,0,0.0,5.2,nenhuma,simulador_campo,0,42.6,18.5,-1.1,0.0,32.0,17.0,2026-09-29,6,manha,0
2026-09-29 07:00:00,TAL-01,SNS-01,21.5,42.0,20.9,0,0,0.0,5.5,nenhuma,simulador_campo,0,42.5,19.2,-0.5,0.0,32.0,17.0,2026-09-29,7,manha,0
2026-09-29 07:30:00,TAL-01,SNS-01,22.1,41.9,36.5,0,0,0.0,5.5,nenhuma,simulador_campo,0,42.2,20.0,-1.0,0.0,32.0,17.0,2026-09-29,7,manha,0
2026-09-29 08:00:00,TAL-01,SNS-01,22.9,41.6,52.8,0,0,0.0,5.6,nenhuma,simulador_campo,0,42.1,20.8,-1.1,0.0,32.0,17.0,2026-09-29,8,manha,0
2026-09-29 08:30:00,TAL-01,SNS-01,23.0,41.0,57.1,0,0,0.0,5.4,nenhuma,simulador_campo,0,41.9,21.4,-1.7,0.0,32.0,17.0,2026-09-29,8,manha,0
2026-09-29 09:00:00,TAL-01,SNS-01,23.6,40.7,67.7,0,0,0.0,5.4,nenhuma,simulador_campo,0,41.6,22.2,-2.1,0.0,32.0,17.0,2026-09-29,9,manha,0
2026-09-29 09:30:00,TAL-01,SNS-01,24.0,40.3,76.3,0,0,0.0,5.1,nenhuma,simulador_campo,0,41.2,22.8,-2.4,0.0,32.0,17.0,2026-09-29,9,manha,0
2026-09-29 10:00:00,TAL-01,SNS-01,26.6,39.8,85.7,0,0,0.0,5.3,nenhuma,simulador_campo,0,40.9,23.7,-3.4,0.0,32.0,17.0,2026-09-29,10,manha,0
2026-09-29 10:30:00,TAL-01,SNS-01,26.6,39.3,88.8,0,0,0.0,5.5,nenhuma,simulador_campo,0,40.4,24.4,-3.2,0.0,32.0,17.0,2026-09-29,10,manha,0
2026-09-29 11:00:00,TAL-01,SNS-01,27.4,38.1,96.1,0,0,0.0,5.7,nenhuma,simulador_campo,0,39.9,25.2,-4.3,0.0,32.0,17.0,2026-09-29,11,manha,0
2026-09-29 11:30:00,TAL-01,SNS-01,28.9,37.6,96.6,1,0,0.0,5.9,nenhuma,simulador_campo,0,39.3,26.2,-4.7,0.0,32.0,17.0,2026-09-29,11,manha,0
2026-09-29 12:00:00,TAL-01,SNS-01,28.8,36.8,100.0,0,0,0.0,5.8,nenhuma,simulador_campo,0,38.6,27.0,-5.6,0.0,32.0,17.0,2026-09-29,12,tarde,0
2026-09-29 12:30:00,TAL-01,SNS-01,29.2,35.5,100.0,0,0,0.0,5.9,nenhuma,simulador_campo,0,37.8,27.9,-6.5,0.0,32.0,17.0,2026-09-29,12,tarde,0
2026-09-29 13:00:00,TAL-01,SNS-01,30.2,34.6,99.0,0,0,0.0,5.8,nenhuma,simulador_campo,0,37.0,28.5,-7.3,0.0,32.0,17.0,2026-09-29,13,tarde,0
2026-09-29 13:30:00,TAL-01,SNS-01,30.9,34.1,92.1,0,0,0.0,5.7,nenhuma,simulador_campo,0,36.1,29.2,-7.5,0.0,32.0,17.0,2026-09-29,13,tarde,0
2026-09-29 14:00:00,TAL-01,SNS-01,31.2,33.0,90.7,0,0,0.0,5.8,nenhuma,simulador_campo,0,35.3,29.9,-8.0,0.0,32.0,17.0,2026-09-29,14,tarde,0
2026-09-29 14:30:00,TAL-01,SNS-01,30.2,32.8,85.9,0,0,0.0,6.0,nenhuma,simulador_campo,0,34.5,30.1,-7.9,0.0,32.0,17.0,2026-09-29,14,tarde,0
2026-09-29 15:00:00,TAL-01,SNS-01,31.0,36.5,29.9,0,0,1.5,6.1,nenhuma,simulador_campo,0,34.4,30.4,-3.8,1.5,31.2,17.0,2026-09-29,15,tarde,0
2026-09-29 15:30:00,TAL-01,SNS-01,31.4,39.9,25.3,0,0,1.5,6.5,nenhuma,simulador_campo,0,35.2,30.8,0.1,3.0,31.4,17.0,2026-09-29,15,tarde,0
2026-09-29 16:00:00,TAL-01,SNS-01,31.2,43.2,21.0,0,0,1.5,6.3,nenhuma,simulador_campo,0,36.6,31.0,3.9,4.5,31.4,17.0,2026-09-29,16,tarde,0
2026-09-29 16:30:00,TAL-01,SNS-01,29.6,45.4,11.7,0,0,1.5,6.1,nenhuma,simulador_campo,0,38.5,30.8,7.3,6.0,31.4,17.0,2026-09-29,16,tarde,0
2026-09-29 17:00:00,TAL-01,SNS-01,29.3,44.3,34.7,0,0,0.0,6.0,nenhuma,simulador_campo,0,40.4,30.4,6.7,6.0,31.4,17.0,2026-09-29,17,tarde,0
2026-09-29 17:30:00,TAL-01,SNS-01,30.3,43.7,22.9,0,0,0.0,6.1,nenhuma,simulador_campo,0,42.2,30.5,6.9,6.0,31.4,17.0,2026-09-29,17,tarde,0
2026-09-29 18:00:00,TAL-01,SNS-01,28.3,42.9,9.9,0,0,0.0,6.0,nenhuma,simulador_campo,0,43.2,30.0,7.4,6.0,31.4,17.0,2026-09-29,18,noite,0
2026-09-29 18:30:00,TAL-01,SNS-01,28.7,42.6,0.8,0,0,0.0,6.2,nenhuma,simulador_campo,0,43.7,29.6,8.0,6.0,31.4,17.0,2026-09-29,18,noite,0
2026-09-29 19:00:00,TAL-01,SNS-01,27.8,42.2,3.9,0,0,0.0,6.1,nenhuma,simulador_campo,0,43.5,29.0,8.1,6.0,31.4,17.0,2026-09-29,19,noite,0
2026-09-29 19:30:00,TAL-01,SNS-01,26.1,41.2,0.3,0,0,0.0,6.3,nenhuma,simulador_campo,0,42.8,28.4,8.2,6.0,31.4,17.0,2026-09-29,19,noite,0
2026-09-29 20:00:00,TAL-01,SNS-01,25.4,40.9,0.0,0,0,0.0,6.4,nenhuma,simulador_campo,0,42.2,27.8,8.1,6.0,31.4,17.0,2026-09-29,20,noite,0
2026-09-29 20:30:00,TAL-01,SNS-01,24.9,40.1,0.0,0,0,0.0,6.5,nenhuma,simulador_campo,0,41.7,26.9,3.6,6.0,31.4,17.0,2026-09-29,20,noite,0
2026-09-29 21:00:00,TAL-01,SNS-01,23.7,39.8,0.0,0,0,0.0,6.5,nenhuma,simulador_campo,0,41.1,26.1,-0.1,6.0,31.4,17.0,2026-09-29,21,noite,0
2026-09-29 21:30:00,TAL-01,SNS-01,22.8,39.3,0.0,0,0,0.0,6.6,nenhuma,simulador_campo,0,40.6,25.1,-3.9,6.0,31.4,17.0,2026-09-29,21,noite,0
2026-09-29 22:00:00,TAL-01,SNS-01,22.8,39.7,2.6,0,0,0.0,6.6,nenhuma,simulador_campo,0,40.2,24.3,-5.7,6.0,31.4,17.0,2026-09-29,22,noite,0
2026-09-29 22:30:00,TAL-01,SNS-01,21.1,39.5,1.7,0,0,0.0,6.8,nenhuma,simulador_campo,0,39.9,23.4,-4.8,6.0,31.4,17.0,2026-09-29,22,noite,0
2026-09-29 23:00:00,TAL-01,SNS-01,19.8,39.3,5.6,1,0,0.0,6.9,nenhuma,simulador_campo,0,39.6,22.5,-4.4,6.0,31.4,17.0,2026-09-29,23,noite,0
2026-09-29 23:30:00,TAL-01,SNS-01,17.2,38.7,0.0,0,0,0.0,6.6,nenhuma,simulador_campo,0,39.4,21.2,-4.2,6.0,31.4,17.0,2026-09-29,23,noite,0
2026-09-30 00:00:00,TAL-01,SNS-01,19.1,38.7,0.0,0,0,0.0,6.6,nenhuma,simulador_campo,0,39.2,20.5,-3.9,6.0,31.4,17.0,2026-09-30,0,madrugada,0
2026-09-30 00:30:00,TAL-01,SNS-01,18.1,38.3,0.0,0,0,0.0,6.3,nenhuma,simulador_campo,0,39.0,19.7,-3.9,6.0,31.4,17.0,2026-09-30,0,madrugada,0
2026-09-30 01:00:00,TAL-01,SNS-01,17.2,38.5,0.0,0,0,0.0,5.8,nenhuma,simulador_campo,0,38.8,18.8,-2.7,6.0,31.4,17.0,2026-09-30,1,madrugada,0
2026-09-30 01:30:00,TAL-01,SNS-01,18.0,38.7,3.0,0,0,0.0,5.8,nenhuma,simulador_campo,0,38.7,18.2,-2.2,6.0,31.4,17.0,2026-09-30,1,madrugada,0
2026-09-30 02:00:00,TAL-01,SNS-01,18.1,39.0,3.9,0,0,0.0,6.0,nenhuma,simulador_campo,0,38.6,18.0,-1.1,6.0,31.4,17.0,2026-09-30,2,madrugada,0
2026-09-30 02:30:00,TAL-01,SNS-01,16.8,38.9,3.3,0,0,0.0,5.8,nenhuma,simulador_campo,0,38.7,17.9,-0.9,6.0,31.4,16.8,2026-09-30,2,madrugada,0
2026-09-30 03:00:00,TAL-01,SNS-01,16.5,39.1,3.1,0,0,0.0,5.5,nenhuma,simulador_campo,0,38.8,17.4,-0.2,6.0,31.4,16.5,2026-09-30,3,madrugada,0
2026-09-30 03:30:00,TAL-01,SNS-01,17.9,38.8,2.6,0,0,0.0,5.3,nenhuma,simulador_campo,0,38.8,17.4,-0.9,6.0,31.4,16.5,2026-09-30,3,madrugada,0
2026-09-30 04:00:00,TAL-01,SNS-01,17.7,38.1,2.9,0,0,0.0,5.2,nenhuma,simulador_campo,0,38.8,17.5,-1.4,6.0,31.4,16.5,2026-09-30,4,madrugada,0
2026-09-30 04:30:00,TAL-01,SNS-01,17.5,38.0,1.8,0,0,0.0,5.1,nenhuma,simulador_campo,0,38.6,17.4,-1.3,6.0,31.4,16.5,2026-09-30,4,madrugada,0
2026-09-30 05:00:00,TAL-01,SNS-01,18.0,37.7,4.7,0,0,0.0,5.2,nenhuma,simulador_campo,0,38.4,17.4,-1.0,6.0,31.4,16.5,2026-09-30,5,madrugada,0
2026-09-30 05:30:00,TAL-01,SNS-01,18.6,37.1,4.4,0,0,0.0,5.5,nenhuma,simulador_campo,0,38.1,17.7,-1.6,6.0,31.4,16.5,2026-09-30,5,madrugada,0
2026-09-30 06:00:00,TAL-01,SNS-01,19.0,37.0,0.3,0,0,0.0,5.5,nenhuma,simulador_campo,0,37.8,18.1,-1.3,6.0,31.4,16.5,2026-09-30,6,manha,0
2026-09-30 06:30:00,TAL-01,SNS-01,18.7,36.6,12.8,0,0,0.0,5.2,nenhuma,simulador_campo,0,37.4,18.2,-1.9,6.0,31.4,16.5,2026-09-30,6,manha,0
2026-09-30 07:00:00,TAL-01,SNS-01,20.6,36.4,24.0,0,0,0.0,5.5,nenhuma,simulador_campo,0,37.1,18.7,-2.3,6.0,31.4,16.5,2026-09-30,7,manha,0
2026-09-30 07:30:00,TAL-01,SNS-01,20.7,35.8,35.7,0,0,0.0,5.5,nenhuma,simulador_campo,0,36.8,19.3,-3.2,6.0,31.4,16.5,2026-09-30,7,manha,0
2026-09-30 08:00:00,TAL-01,SNS-01,21.7,35.4,50.9,0,0,0.0,5.6,nenhuma,simulador_campo,0,36.4,19.9,-3.5,6.0,31.4,16.5,2026-09-30,8,manha,0
2026-09-30 08:30:00,TAL-01,SNS-01,23.2,34.5,59.7,0,0,0.0,5.6,nenhuma,simulador_campo,0,35.9,20.6,-4.6,6.0,31.4,16.5,2026-09-30,8,manha,0
2026-09-30 09:00:00,TAL-01,SNS-01,24.1,34.0,70.7,0,0,0.0,5.0,nenhuma,simulador_campo,0,35.4,21.5,-4.8,6.0,31.4,16.5,2026-09-30,9,manha,0
2026-09-30 09:30:00,TAL-01,SNS-01,24.9,33.8,78.0,0,0,0.0,5.2,nenhuma,simulador_campo,0,35.0,22.5,-4.3,6.0,31.4,16.5,2026-09-30,9,manha,0
2026-09-30 10:00:00,TAL-01,SNS-01,26.6,33.3,84.7,0,0,0.0,5.7,nenhuma,simulador_campo,0,34.5,23.5,-4.7,6.0,31.4,16.5,2026-09-30,10,manha,0
2026-09-30 10:30:00,TAL-01,SNS-01,26.6,33.3,89.5,0,0,0.0,5.5,nenhuma,simulador_campo,0,34.1,24.5,-4.4,6.0,31.4,16.5,2026-09-30,10,manha,0
2026-09-30 11:00:00,TAL-01,SNS-01,26.9,32.7,94.1,0,0,0.0,5.6,nenhuma,simulador_campo,0,33.6,25.4,-4.4,6.0,31.4,16.5,2026-09-30,11,manha,0
2026-09-30 11:30:00,TAL-01,SNS-01,28.9,32.5,97.4,0,0,0.0,5.4,nenhuma,simulador_campo,0,33.3,26.3,-4.5,6.0,31.4,16.5,2026-09-30,11,manha,0
2026-09-30 12:00:00,TAL-01,SNS-01,28.8,32.4,99.3,0,0,0.0,5.6,nenhuma,simulador_campo,0,33.0,27.1,-4.2,6.0,31.4,16.5,2026-09-30,12,tarde,0
2026-09-30 12:30:00,TAL-01,SNS-01,29.9,32.1,99.8,0,0,0.0,5.3,nenhuma,simulador_campo,0,32.7,28.0,-4.3,6.0,31.4,16.5,2026-09-30,12,tarde,0
2026-09-30 13:00:00,TAL-01,SNS-01,30.2,31.3,100.0,0,0,0.0,5.4,nenhuma,simulador_campo,0,32.4,28.6,-4.5,6.0,31.4,16.5,2026-09-30,13,tarde,0
2026-09-30 13:30:00,TAL-01,SNS-01,31.0,30.6,95.0,0,0,0.0,5.2,nenhuma,simulador_campo,0,31.9,29.3,-4.8,6.0,31.4,16.5,2026-09-30,13,tarde,0
2026-09-30 14:00:00,TAL-01,SNS-01,31.1,30.4,90.0,0,0,0.0,5.5,nenhuma,simulador_campo,0,31.6,30.0,-4.1,6.0,31.4,16.5,2026-09-30,14,tarde,0
2026-09-30 14:30:00,TAL-01,SNS-01,31.0,30.4,85.1,0,0,0.0,5.5,nenhuma,simulador_campo,0,31.2,30.3,-3.6,6.0,31.4,16.5,2026-09-30,14,tarde,0
2026-09-30 15:00:00,TAL-01,SNS-01,30.9,32.9,78.5,0,1,0.0,5.2,nenhuma,simulador_campo,0,31.3,30.7,-0.9,4.5,31.4,16.5,2026-09-30,15,tarde,0
2026-09-30 15:30:00,TAL-01,SNS-01,30.4,35.7,64.3,0,1,0.0,4.9,nenhuma,simulador_campo,0,31.9,30.8,2.4,3.0,31.2,16.5,2026-09-30,15,tarde,0
2026-09-30 16:00:00,TAL-01,SNS-01,31.3,37.8,57.9,0,1,0.0,4.8,nenhuma,simulador_campo,0,33.0,31.0,4.5,1.5,31.3,16.5,2026-09-30,16,tarde,0
2026-09-30 16:30:00,TAL-01,SNS-01,30.6,40.7,47.5,0,1,0.0,5.0,nenhuma,simulador_campo,0,34.6,30.9,8.0,0.0,31.3,16.5,2026-09-30,16,tarde,0
2026-09-30 17:00:00,TAL-01,SNS-01,29.6,43.8,36.1,0,1,0.0,5.2,nenhuma,simulador_campo,0,36.9,30.6,11.3,0.0,31.3,16.5,2026-09-30,17,tarde,0
2026-09-30 17:30:00,TAL-01,SNS-01,30.2,46.3,24.0,0,1,0.0,5.2,nenhuma,simulador_campo,0,39.5,30.5,13.9,0.0,31.3,16.5,2026-09-30,17,tarde,0
2026-09-30 18:00:00,TAL-01,SNS-01,28.5,46.0,13.3,0,0,0.0,5.3,nenhuma,simulador_campo,0,41.7,30.1,13.9,0.0,31.3,16.5,2026-09-30,18,noite,0
2026-09-30 18:30:00,TAL-01,SNS-01,28.7,47.3,0.0,0,0,0.0,5.0,nenhuma,simulador_campo,0,43.6,29.8,16.0,0.0,31.3,16.5,2026-09-30,18,noite,0
2026-09-30 19:00:00,TAL-01,SNS-01,27.5,46.4,3.6,0,0,0.0,5.1,nenhuma,simulador_campo,0,45.1,29.2,15.8,0.0,31.3,16.5,2026-09-30,19,noite,0
2026-09-30 19:30:00,TAL-01,SNS-01,27.0,46.0,5.0,0,0,0.0,5.1,nenhuma,simulador_campo,0,46.0,28.6,15.6,0.0,31.3,16.5,2026-09-30,19,noite,0
2026-09-30 20:00:00,TAL-01,SNS-01,25.4,45.4,6.0,0,0,0.0,5.4,nenhuma,simulador_campo,0,46.2,27.9,15.0,0.0,31.3,16.5,2026-09-30,20,noite,0
2026-09-30 20:30:00,TAL-01,SNS-01,25.9,44.8,1.0,0,0,0.0,5.4,nenhuma,simulador_campo,0,46.0,27.2,11.9,0.0,31.3,16.5,2026-09-30,20,noite,0
2026-09-30 21:00:00,TAL-01,SNS-01,24.6,45.2,1.7,0,0,0.0,5.4,nenhuma,simulador_campo,0,45.8,26.5,9.5,0.0,31.3,16.5,2026-09-30,21,noite,0
2026-09-30 21:30:00,TAL-01,SNS-01,22.8,45.0,2.1,0,0,0.0,5.1,nenhuma,simulador_campo,0,45.5,25.5,7.2,0.0,31.3,16.5,2026-09-30,21,noite,0
2026-09-30 22:00:00,TAL-01,SNS-01,22.4,44.1,6.1,0,0,0.0,5.2,nenhuma,simulador_campo,0,45.1,24.7,3.4,0.0,31.3,16.5,2026-09-30,22,noite,0
2026-09-30 22:30:00,TAL-01,SNS-01,22.1,44.2,0.5,0,0,0.0,5.5,nenhuma,simulador_campo,0,44.8,23.9,0.4,0.0,31.3,16.5,2026-09-30,22,noite,0
2026-09-30 23:00:00,TAL-01,SNS-01,22.1,43.8,7.1,0,0,0.0,5.5,nenhuma,simulador_campo,0,44.5,23.3,-2.5,0.0,31.3,16.5,2026-09-30,23,noite,0
2026-09-30 23:30:00,TAL-01,SNS-01,18.8,43.4,2.1,0,0,0.0,5.8,nenhuma,simulador_campo,0,44.3,22.1,-2.6,0.0,31.3,16.5,2026-09-30,23,noite,0
2026-10-01 00:00:00,TAL-01,SNS-01,19.1,43.6,4.1,0,0,0.0,5.7,nenhuma,simulador_campo,0,44.0,21.2,-3.7,0.0,31.3,16.5,2026-10-01,0,madrugada,0
2026-10-01 00:30:00,TAL-01,SNS-01,18.8,42.6,1.9,0,0,0.0,6.0,nenhuma,simulador_campo,0,43.6,20.6,-3.8,0.0,31.3,16.5,2026-10-01,0,madrugada,0
2026-10-01 01:00:00,TAL-01,SNS-01,18.1,41.1,0.0,0,0,0.0,5.6,nenhuma,simulador_campo,0,43.1,19.8,-4.9,0.0,31.3,16.5,2026-10-01,1,madrugada,0
2026-10-01 01:30:00,TAL-01,SNS-01,18.0,40.4,3.4,0,0,0.0,5.5,nenhuma,simulador_campo,0,42.5,19.2,-5.0,0.0,31.3,16.5,2026-10-01,1,madrugada,0
2026-10-01 02:00:00,TAL-01,SNS-01,17.1,40.0,4.0,0,0,0.0,5.4,nenhuma,simulador_campo,0,41.8,18.3,-4.8,0.0,31.3,16.5,2026-10-01,2,madrugada,0
2026-10-01 02:30:00,TAL-01,SNS-01,18.0,39.9,3.7,0,0,0.0,5.3,nenhuma,simulador_campo,0,41.3,18.2,-5.3,0.0,31.3,16.5,2026-10-01,2,madrugada,0
2026-10-01 03:00:00,TAL-01,SNS-01,17.7,40.2,0.0,0,0,0.0,5.3,nenhuma,simulador_campo,0,40.7,18.0,-4.8,0.0,31.3,17.1,2026-10-01,3,madrugada,0
2026-10-01 03:30:00,TAL-01,SNS-01,17.9,39.5,0.0,0,0,0.0,5.3,nenhuma,simulador_campo,0,40.2,17.8,-4.6,0.0,31.3,17.1,2026-10-01,3,madrugada,0
2026-10-01 04:00:00,TAL-01,SNS-01,16.5,38.3,2.2,0,0,0.0,5.4,nenhuma,simulador_campo,0,39.7,17.5,-5.9,0.0,31.3,16.5,2026-10-01,4,madrugada,0
2026-10-01 04:30:00,TAL-01,SNS-01,17.2,38.5,0.7,0,0,0.0,5.1,nenhuma,simulador_campo,0,39.4,17.4,-5.3,0.0,31.3,16.5,2026-10-01,4,madrugada,0
2026-10-01 05:00:00,TAL-01,SNS-01,17.5,38.4,5.9,0,0,0.0,5.0,nenhuma,simulador_campo,0,39.1,17.5,-5.0,0.0,31.3,16.5,2026-10-01,5,madrugada,0
2026-10-01 05:30:00,TAL-01,SNS-01,17.5,38.2,0.7,0,0,0.0,4.8,nenhuma,simulador_campo,0,38.8,17.4,-5.4,0.0,31.3,16.5,2026-10-01,5,madrugada,0
2026-10-01 06:00:00,TAL-01,SNS-01,18.2,37.4,0.0,0,0,0.0,4.9,nenhuma,simulador_campo,0,38.4,17.5,-5.2,0.0,31.3,16.5,2026-10-01,6,manha,0
2026-10-01 06:30:00,TAL-01,SNS-01,20.8,37.1,13.5,0,0,0.0,5.1,nenhuma,simulador_campo,0,38.0,18.0,-4.0,0.0,31.3,16.5,2026-10-01,6,manha,0
2026-10-01 07:00:00,TAL-01,SNS-01,19.7,36.9,24.4,0,0,0.0,5.0,nenhuma,simulador_campo,0,37.8,18.5,-3.5,0.0,31.3,16.5,2026-10-01,7,manha,0
2026-10-01 07:30:00,TAL-01,SNS-01,21.9,36.7,34.8,0,0,0.0,5.4,nenhuma,simulador_campo,0,37.4,19.3,-3.3,0.0,31.3,16.5,2026-10-01,7,manha,0
2026-10-01 08:00:00,TAL-01,SNS-01,21.7,36.4,48.5,0,0,0.0,5.5,nenhuma,simulador_campo,0,37.1,20.0,-3.5,0.0,31.3,16.5,2026-10-01,8,manha,0
2026-10-01 08:30:00,TAL-01,SNS-01,23.8,36.3,57.0,0,0,0.0,5.6,nenhuma,simulador_campo,0,36.8,21.0,-3.9,0.0,31.3,16.5,2026-10-01,8,manha,0
2026-10-01 09:00:00,TAL-01,SNS-01,23.3,35.8,67.0,0,0,0.0,5.7,nenhuma,simulador_campo,0,36.5,21.9,-3.7,0.0,31.3,16.5,2026-10-01,9,manha,0
2026-10-01 09:30:00,TAL-01,SNS-01,25.1,35.2,78.9,0,0,0.0,5.7,nenhuma,simulador_campo,0,36.2,22.6,-3.1,0.0,31.3,16.5,2026-10-01,9,manha,0
2026-10-01 10:00:00,TAL-01,SNS-01,24.1,34.5,81.6,0,0,0.0,6.3,nenhuma,simulador_campo,0,35.8,23.3,-4.0,0.0,31.3,16.5,2026-10-01,10,manha,0
2026-10-01 10:30:00,TAL-01,SNS-01,26.6,33.9,93.0,0,0,0.0,6.0,nenhuma,simulador_campo,0,35.4,24.1,-4.5,0.0,31.3,16.5,2026-10-01,10,manha,0
2026-10-01 11:00:00,TAL-01,SNS-01,26.9,33.9,93.7,0,0,0.0,5.9,nenhuma,simulador_campo,0,34.9,25.0,-4.3,0.0,31.3,16.5,2026-10-01,11,manha,0
2026-10-01 11:30:00,TAL-01,SNS-01,27.8,33.1,97.1,0,0,0.0,5.6,nenhuma,simulador_campo,0,34.4,25.6,-4.3,0.0,31.3,16.5,2026-10-01,11,manha,0
2026-10-01 12:00:00,TAL-01,SNS-01,28.8,33.1,96.9,0,0,0.0,5.4,nenhuma,simulador_campo,0,34.0,26.6,-4.0,0.0,31.3,16.5,2026-10-01,12,tarde,0
2026-10-01 12:30:00,TAL-01,SNS-01,29.2,32.2,98.4,0,0,0.0,5.5,nenhuma,simulador_campo,0,33.4,27.2,-4.7,0.0,31.3,16.5,2026-10-01,12,tarde,0
2026-10-01 13:00:00,TAL-01,SNS-01,30.5,31.8,99.1,0,0,0.0,5.4,nenhuma,simulador_campo,0,33.0,28.3,-4.9,0.0,31.3,16.5,2026-10-01,13,tarde,0
2026-10-01 13:30:00,TAL-01,SNS-01,28.9,30.6,93.8,0,0,0.0,5.3,nenhuma,simulador_campo,0,32.4,28.7,-5.8,0.0,31.3,16.5,2026-10-01,13,tarde,0
2026-10-01 14:00:00,TAL-01,SNS-01,30.7,32.5,94.2,0,1,0.0,5.3,nenhuma,simulador_campo,0,32.2,29.3,-3.8,0.0,31.3,16.5,2026-10-01,14,tarde,0
2026-10-01 14:30:00,TAL-01,SNS-01,30.8,35.4,85.3,0,1,0.0,5.3,nenhuma,simulador_campo,0,32.6,29.8,-0.4,0.0,31.3,16.5,2026-10-01,14,tarde,0
2026-10-01 15:00:00,TAL-01,SNS-01,31.6,39.1,74.6,0,1,0.0,5.2,nenhuma,simulador_campo,0,33.6,30.3,3.9,0.0,31.6,16.5,2026-10-01,15,tarde,0
2026-10-01 15:30:00,TAL-01,SNS-01,30.2,42.2,71.1,0,1,0.0,5.3,nenhuma,simulador_campo,0,35.3,30.4,7.7,0.0,31.6,16.5,2026-10-01,15,tarde,0
2026-10-01 16:00:00,TAL-01,SNS-01,30.3,44.3,56.1,0,1,0.0,5.1,nenhuma,simulador_campo,0,37.4,30.4,10.4,0.0,31.6,16.5,2026-10-01,16,tarde,0
2026-10-01 16:30:00,TAL-01,SNS-01,30.8,47.7,49.1,0,1,0.0,5.1,nenhuma,simulador_campo,0,40.2,30.7,13.8,0.0,31.6,16.5,2026-10-01,16,tarde,0
2026-10-01 17:00:00,TAL-01,SNS-01,30.4,48.1,36.1,0,0,0.0,5.3,nenhuma,simulador_campo,0,42.8,30.7,15.0,0.0,31.6,16.5,2026-10-01,17,tarde,0
2026-10-01 17:30:00,TAL-01,SNS-01,29.4,48.4,26.8,0,0,0.0,5.7,nenhuma,simulador_campo,0,45.0,30.4,15.3,0.0,31.6,16.5,2026-10-01,17,tarde,0
2026-10-01 18:00:00,TAL-01,SNS-01,28.7,48.3,12.6,0,0,0.0,5.6,nenhuma,simulador_campo,0,46.5,30.0,16.1,0.0,31.6,16.5,2026-10-01,18,noite,0
2026-10-01 18:30:00,TAL-01,SNS-01,27.8,48.4,0.0,0,0,0.0,5.5,nenhuma,simulador_campo,0,47.5,29.6,16.6,0.0,31.6,16.5,2026-10-01,18,noite,0
2026-10-01 19:00:00,TAL-01,SNS-01,27.9,47.8,2.1,0,0,0.0,5.5,nenhuma,simulador_campo,0,48.1,29.2,17.2,0.0,31.6,16.5,2026-10-01,19,noite,0
2026-10-01 19:30:00,TAL-01,SNS-01,27.2,48.3,2.2,0,0,0.0,5.4,nenhuma,simulador_campo,0,48.2,28.6,15.8,0.0,31.6,16.5,2026-10-01,19,noite,0
2026-10-01 20:00:00,TAL-01,SNS-01,25.5,47.7,1.6,0,0,0.0,5.6,nenhuma,simulador_campo,0,48.2,27.8,12.3,0.0,31.6,16.5,2026-10-01,20,noite,0
2026-10-01 20:30:00,TAL-01,SNS-01,25.8,47.2,4.5,0,0,0.0,5.3,nenhuma,simulador_campo,0,47.9,27.1,8.1,0.0,31.6,16.5,2026-10-01,20,noite,0
2026-10-01 21:00:00,TAL-01,SNS-01,25.0,47.3,1.4,0,0,0.0,5.5,nenhuma,simulador_campo,0,47.8,26.5,5.1,0.0,31.6,16.5,2026-10-01,21,noite,0
2026-10-01 21:30:00,TAL-01,SNS-01,23.1,47.3,0.0,0,0,0.0,5.4,nenhuma,simulador_campo,0,47.6,25.8,3.0,0.0,31.6,16.5,2026-10-01,21,noite,0
2026-10-01 22:00:00,TAL-01,SNS-01,22.2,47.2,3.3,0,0,0.0,5.5,nenhuma,simulador_campo,0,47.5,24.8,-0.5,0.0,31.6,16.5,2026-10-01,22,noite,0
2026-10-01 22:30:00,TAL-01,SNS-01,21.7,47.7,2.7,0,0,0.0,5.5,nenhuma,simulador_campo,0,47.4,23.9,-0.4,0.0,31.6,16.5,2026-10-01,22,noite,0
2026-10-01 23:00:00,TAL-01,SNS-01,20.3,47.4,1.3,0,0,0.0,5.2,nenhuma,simulador_campo,0,47.4,23.0,-1.0,0.0,31.6,16.5,2026-10-01,23,noite,0
2026-10-01 23:30:00,TAL-01,SNS-01,18.7,47.6,2.6,0,0,0.0,5.4,nenhuma,simulador_campo,0,47.4,21.8,-0.7,0.0,31.6,16.5,2026-10-01,23,noite,0
2026-10-02 00:00:00,TAL-01,SNS-01,20.1,46.9,4.4,0,0,0.0,5.4,nenhuma,simulador_campo,0,47.4,21.0,-1.5,0.0,31.6,16.5,2026-10-02,0,madrugada,0
2026-10-02 00:30:00,TAL-01,SNS-01,19.1,46.5,2.5,0,0,0.0,5.2,nenhuma,simulador_campo,0,47.2,20.4,-1.3,0.0,31.6,16.5,2026-10-02,0,madrugada,0
2026-10-02 01:00:00,TAL-01,SNS-01,18.2,46.6,2.8,0,0,0.0,5.2,nenhuma,simulador_campo,0,47.1,19.7,-1.7,0.0,31.6,16.5,2026-10-02,1,madrugada,0
2026-10-02 01:30:00,TAL-01,SNS-01,17.0,45.9,3.4,0,0,0.0,5.2,nenhuma,simulador_campo,0,46.8,18.9,-1.8,0.0,31.6,16.5,2026-10-02,1,madrugada,0
2026-10-02 02:00:00,TAL-01,SNS-01,18.0,45.3,5.2,0,0,0.0,4.9,nenhuma,simulador_campo,0,46.5,18.5,-1.9,0.0,31.6,16.5,2026-10-02,2,madrugada,0
2026-10-02 02:30:00,TAL-01,SNS-01,17.2,44.9,3.1,0,0,0.0,5.1,nenhuma,simulador_campo,0,46.0,18.3,-2.4,0.0,31.6,16.5,2026-10-02,2,madrugada,0
2026-10-02 03:00:00,TAL-01,SNS-01,17.5,44.5,3.8,0,0,0.0,5.2,nenhuma,simulador_campo,0,45.6,17.8,-2.8,0.0,31.6,16.5,2026-10-02,3,madrugada,0
2026-10-02 03:30:00,TAL-01,SNS-01,18.1,44.8,1.9,0,0,0.0,5.4,nenhuma,simulador_campo,0,45.3,17.7,-2.4,0.0,31.6,16.5,2026-10-02,3,madrugada,0
2026-10-02 04:00:00,TAL-01,SNS-01,16.5,44.5,1.3,0,0,0.0,5.4,nenhuma,simulador_campo,0,45.0,17.4,-3.2,0.0,31.6,16.5,2026-10-02,4,madrugada,0
2026-10-02 04:30:00,TAL-01,SNS-01,17.0,44.1,0.6,0,0,0.0,4.9,nenhuma,simulador_campo,0,44.7,17.4,-3.3,0.0,31.6,16.5,2026-10-02,4,madrugada,0
2026-10-02 05:00:00,TAL-01,SNS-01,17.5,43.8,3.0,0,0,0.0,4.8,nenhuma,simulador_campo,0,44.4,17.3,-3.8,0.0,31.6,16.5,2026-10-02,5,madrugada,0
2026-10-02 05:30:00,TAL-01,SNS-01,18.8,42.9,1.5,0,0,0.0,4.6,nenhuma,simulador_campo,0,44.1,17.6,-4.0,0.0,31.6,16.5,2026-10-02,5,madrugada,0
2026-10-02 06:00:00,TAL-01,SNS-01,20.1,42.3,0.0,0,0,0.0,4.5,nenhuma,simulador_campo,0,43.7,18.0,-4.2,0.0,31.6,16.5,2026-10-02,6,manha,0
2026-10-02 06:30:00,TAL-01,SNS-01,20.8,42.0,10.9,0,0,0.0,4.6,nenhuma,simulador_campo,0,43.3,18.4,-4.6,0.0,31.6,16.5,2026-10-02,6,manha,0
2026-10-02 07:00:00,TAL-01,SNS-01,20.3,42.5,26.6,0,0,0.0,4.6,nenhuma,simulador_campo,0,42.9,19.1,-3.4,0.0,31.6,16.5,2026-10-02,7,manha,0
2026-10-02 07:30:00,TAL-01,SNS-01,21.1,42.2,37.5,0,0,0.0,4.6,nenhuma,simulador_campo,0,42.6,19.8,-3.1,0.0,31.6,16.5,2026-10-02,7,manha,0
2026-10-02 08:00:00,TAL-01,SNS-01,22.3,41.7,50.2,0,0,0.0,4.7,nenhuma,simulador_campo,0,42.3,20.6,-3.2,0.0,31.6,16.5,2026-10-02,8,manha,0
2026-10-02 08:30:00,TAL-01,SNS-01,23.2,41.6,56.2,0,0,0.0,4.8,nenhuma,simulador_campo,0,42.1,21.3,-2.9,0.0,31.6,16.5,2026-10-02,8,manha,0
2026-10-02 09:00:00,TAL-01,SNS-01,23.3,41.2,66.4,0,0,0.0,5.0,nenhuma,simulador_campo,0,41.9,21.8,-3.6,0.0,31.6,16.5,2026-10-02,9,manha,0
2026-10-02 09:30:00,TAL-01,SNS-01,24.5,40.9,77.6,0,0,0.0,5.0,nenhuma,simulador_campo,0,41.7,22.4,-3.6,0.0,31.6,16.5,2026-10-02,9,manha,0
2026-10-02 10:00:00,TAL-01,SNS-01,25.6,39.9,87.4,0,0,0.0,5.0,nenhuma,simulador_campo,0,41.2,23.3,-4.2,0.0,31.6,16.5,2026-10-02,10,manha,0
2026-10-02 10:30:00,TAL-01,SNS-01,26.0,39.9,92.1,0,0,0.0,5.0,nenhuma,simulador_campo,0,40.9,24.2,-3.9,0.0,31.6,16.5,2026-10-02,10,manha,0
2026-10-02 11:00:00,TAL-01,SNS-01,27.8,39.6,96.3,0,0,0.0,5.0,nenhuma,simulador_campo,0,40.5,25.1,-3.3,0.0,31.6,16.5,2026-10-02,11,manha,0
2026-10-02 11:30:00,TAL-01,SNS-01,28.5,39.1,100.0,0,0,0.0,4.8,nenhuma,simulador_campo,0,40.1,26.0,-3.2,0.0,31.6,16.5,2026-10-02,11,manha,0
2026-10-02 12:00:00,TAL-01,SNS-01,29.0,38.8,99.1,1,0,0.0,4.7,nenhuma,simulador_campo,0,39.7,26.9,-3.2,0.0,31.6,16.5,2026-10-02,12,tarde,0
2026-10-02 12:30:00,TAL-01,SNS-01,30.6,38.0,97.9,0,0,0.0,4.6,nenhuma,simulador_campo,0,39.2,27.9,-4.5,0.0,31.6,16.5,2026-10-02,12,tarde,0
2026-10-02 13:00:00,TAL-01,SNS-01,29.8,37.9,98.7,0,0,0.0,4.6,nenhuma,simulador_campo,0,38.9,28.6,-4.3,0.0,31.6,16.5,2026-10-02,13,tarde,0
2026-10-02 13:30:00,TAL-01,SNS-01,29.6,37.7,92.6,0,0,0.0,4.6,nenhuma,simulador_campo,0,38.5,29.2,-4.0,0.0,31.6,16.5,2026-10-02,13,tarde,0
2026-10-02 14:00:00,TAL-01,SNS-01,30.8,37.0,93.1,0,0,0.0,4.6,nenhuma,simulador_campo,0,38.1,29.7,-4.6,0.0,31.6,16.5,2026-10-02,14,tarde,0
2026-10-02 14:30:00,TAL-01,SNS-01,30.7,36.9,86.0,0,0,0.0,4.8,nenhuma,simulador_campo,0,37.7,30.1,-4.3,0.0,31.6,16.5,2026-10-02,14,tarde,0
2026-10-02 15:00:00,TAL-01,SNS-01,29.7,36.1,76.8,0,0,0.0,5.0,nenhuma,simulador_campo,0,37.3,30.2,-4.8,0.0,30.8,16.5,2026-10-02,15,tarde,0
2026-10-02 15:30:00,TAL-01,SNS-01,31.1,35.9,67.1,0,0,0.0,5.1,nenhuma,simulador_campo,0,36.9,30.3,-4.0,0.0,31.1,16.5,2026-10-02,15,tarde,0
2026-10-02 16:00:00,TAL-01,SNS-01,30.8,35.9,55.9,0,0,0.0,5.5,nenhuma,simulador_campo,0,36.6,30.4,-4.0,0.0,31.1,16.5,2026-10-02,16,tarde,0
2026-10-02 16:30:00,TAL-01,SNS-01,30.5,34.7,44.8,0,0,0.0,5.6,nenhuma,simulador_campo,0,36.1,30.6,-4.9,0.0,31.1,16.5,2026-10-02,16,tarde,0
2026-10-02 17:00:00,TAL-01,SNS-01,29.5,34.8,34.7,0,0,0.0,5.4,nenhuma,simulador_campo,0,35.7,30.4,-4.3,0.0,31.1,16.5,2026-10-02,17,tarde,0
2026-10-02 17:30:00,TAL-01,SNS-01,30.1,34.4,25.8,0,0,0.0,5.5,nenhuma,simulador_campo,0,35.3,30.3,-4.4,0.0,31.1,16.5,2026-10-02,17,tarde,0
2026-10-02 18:00:00,TAL-01,SNS-01,28.4,34.0,12.5,0,0,0.0,5.6,nenhuma,simulador_campo,0,34.9,30.1,-4.0,0.0,31.1,16.5,2026-10-02,18,noite,0
2026-10-02 18:30:00,TAL-01,SNS-01,29.3,34.0,1.9,0,0,0.0,5.3,nenhuma,simulador_campo,0,34.6,29.8,-3.9,0.0,31.1,16.5,2026-10-02,18,noite,0
2026-10-02 19:00:00,TAL-01,SNS-01,26.8,34.1,3.8,0,0,0.0,5.2,nenhuma,simulador_campo,0,34.3,29.1,-3.6,0.0,31.1,16.5,2026-10-02,19,noite,0
2026-10-02 19:30:00,TAL-01,SNS-01,26.4,33.9,0.5,0,0,0.0,5.3,nenhuma,simulador_campo,0,34.2,28.4,-3.1,0.0,31.1,16.5,2026-10-02,19,noite,0
2026-10-02 20:00:00,TAL-01,SNS-01,26.3,33.4,1.8,0,0,0.0,5.3,nenhuma,simulador_campo,0,34.0,27.9,-3.5,0.0,31.1,16.5,2026-10-02,20,noite,0
2026-10-02 20:30:00,TAL-01,SNS-01,24.3,33.4,2.9,0,0,0.0,5.4,nenhuma,simulador_campo,0,33.8,26.9,-2.7,0.0,31.1,16.5,2026-10-02,20,noite,0
2026-10-02 21:00:00,TAL-01,SNS-01,23.5,33.3,3.4,0,0,0.0,5.1,nenhuma,simulador_campo,0,33.7,26.1,-2.6,0.0,31.1,16.5,2026-10-02,21,noite,0
2026-10-02 21:30:00,TAL-01,SNS-01,23.8,32.9,2.8,0,0,0.0,4.9,nenhuma,simulador_campo,0,33.5,25.2,-3.0,0.0,31.1,16.5,2026-10-02,21,noite,0
2026-10-02 22:00:00,TAL-01,SNS-01,22.6,32.9,1.0,0,0,0.0,5.0,nenhuma,simulador_campo,0,33.3,24.5,-1.8,0.0,31.1,16.5,2026-10-02,22,noite,0
2026-10-02 22:30:00,TAL-01,SNS-01,21.1,33.0,0.5,0,0,0.0,4.9,nenhuma,simulador_campo,0,33.2,23.6,-1.8,0.0,31.1,16.5,2026-10-02,22,noite,0
2026-10-02 23:00:00,TAL-01,SNS-01,20.8,33.1,0.0,0,0,0.0,4.6,nenhuma,simulador_campo,0,33.1,22.7,-1.3,0.0,31.1,16.5,2026-10-02,23,noite,0
2026-10-02 23:30:00,TAL-01,SNS-01,18.9,32.7,1.2,0,0,0.0,4.8,nenhuma,simulador_campo,0,33.0,21.8,-1.3,0.0,31.1,16.5,2026-10-02,23,noite,0
2026-10-03 00:00:00,TAL-01,SNS-01,19.4,32.5,6.7,0,0,0.0,4.9,nenhuma,simulador_campo,0,32.8,21.1,-1.5,0.0,31.1,16.5,2026-10-03,0,madrugada,0
2026-10-03 00:30:00,TAL-01,SNS-01,18.6,32.7,2.3,0,0,0.0,4.5,nenhuma,simulador_campo,0,32.8,20.2,-1.4,0.0,31.1,16.5,2026-10-03,0,madrugada,0
2026-10-03 01:00:00,TAL-01,SNS-01,17.4,32.3,3.4,0,0,0.0,4.6,nenhuma,simulador_campo,0,32.7,19.4,-1.6,0.0,31.1,16.5,2026-10-03,1,madrugada,0
2026-10-03 01:30:00,TAL-01,SNS-01,17.7,31.7,0.0,0,0,0.0,4.7,nenhuma,simulador_campo,0,32.5,18.8,-1.7,0.0,31.1,16.5,2026-10-03,1,madrugada,0
2026-10-03 02:00:00,TAL-01,SNS-01,17.3,31.5,3.3,0,0,0.0,4.5,nenhuma,simulador_campo,0,32.2,18.2,-1.9,0.0,31.1,16.5,2026-10-03,2,madrugada,0
2026-10-03 02:30:00,TAL-01,SNS-01,16.7,31.5,5.3,0,0,0.0,4.3,nenhuma,simulador_campo,0,32.0,17.8,-1.8,0.0,31.1,16.5,2026-10-03,2,madrugada,0
2026-10-03 03:00:00,TAL-01,SNS-01,17.7,33.1,0.2,0,0,1.0,4.5,nenhuma,simulador_campo,0,32.1,17.6,0.2,1.0,31.1,16.5,2026-10-03,3,madrugada,0
2026-10-03 03:30:00,TAL-01,SNS-01,17.5,35.1,0.0,0,0,1.0,4.8,nenhuma,simulador_campo,0,32.5,17.4,2.2,2.0,31.1,16.5,2026-10-03,3,madrugada,0
2026-10-03 04:00:00,TAL-01,SNS-01,17.0,37.3,0.9,0,0,1.0,4.6,nenhuma,simulador_campo,0,33.4,17.3,4.3,3.0,31.1,16.7,2026-10-03,4,madrugada,0
2026-10-03 04:30:00,TAL-01,SNS-01,17.3,38.4,4.5,0,0,1.0,4.8,nenhuma,simulador_campo,0,34.5,17.2,5.3,4.0,31.1,16.7,2026-10-03,4,madrugada,0
2026-10-03 05:00:00,TAL-01,SNS-01,17.4,40.8,0.6,0,0,1.0,4.9,nenhuma,simulador_campo,0,36.0,17.3,8.1,5.0,31.1,16.7,2026-10-03,5,madrugada,0
2026-10-03 05:30:00,TAL-01,SNS-01,19.0,43.5,0.0,0,0,1.0,4.7,nenhuma,simulador_campo,0,38.0,17.7,11.0,6.0,31.1,16.7,2026-10-03,5,madrugada,0
2026-10-03 06:00:00,TAL-01,SNS-01,19.1,43.1,0.0,0,0,0.0,5.1,nenhuma,simulador_campo,0,39.7,17.9,10.4,6.0,31.1,16.7,2026-10-03,6,manha,0
2026-10-03 06:30:00,TAL-01,SNS-01,20.3,42.8,14.9,0,0,0.0,5.1,nenhuma,simulador_campo,0,41.0,18.3,10.5,6.0,31.1,16.7,2026-10-03,6,manha,0
2026-10-03 07:00:00,TAL-01,SNS-01,20.5,42.0,28.7,0,0,0.0,5.0,nenhuma,simulador_campo,0,41.8,18.9,10.3,6.0,31.1,16.7,2026-10-03,7,manha,0
2026-10-03 07:30:00,TAL-01,SNS-01,21.7,41.7,37.9,0,0,0.0,5.1,nenhuma,simulador_campo,0,42.3,19.7,10.2,6.0,31.1,16.7,2026-10-03,7,manha,0
2026-10-03 08:00:00,TAL-01,SNS-01,22.4,42.1,46.0,0,0,0.0,5.4,nenhuma,simulador_campo,0,42.5,20.5,10.6,6.0,31.1,16.7,2026-10-03,8,manha,0
2026-10-03 08:30:00,TAL-01,SNS-01,23.8,41.8,59.0,0,0,0.0,5.5,nenhuma,simulador_campo,0,42.2,21.3,8.7,6.0,31.1,16.7,2026-10-03,8,manha,0
2026-10-03 09:00:00,TAL-01,SNS-01,23.7,41.0,67.5,0,0,0.0,5.6,nenhuma,simulador_campo,0,41.9,22.1,5.9,6.0,31.1,16.7,2026-10-03,9,manha,0
2026-10-03 09:30:00,TAL-01,SNS-01,25.1,40.2,76.9,0,0,0.0,5.6,nenhuma,simulador_campo,0,41.5,22.9,2.9,6.0,31.1,16.7,2026-10-03,9,manha,0
2026-10-03 10:00:00,TAL-01,SNS-01,25.2,39.3,83.8,0,0,0.0,5.6,nenhuma,simulador_campo,0,41.0,23.7,0.9,6.0,31.1,16.7,2026-10-03,10,manha,0
2026-10-03 10:30:00,TAL-01,SNS-01,26.7,39.0,90.8,0,0,0.0,5.4,nenhuma,simulador_campo,0,40.6,24.5,-1.8,6.0,31.1,16.7,2026-10-03,10,manha,0
2026-10-03 11:00:00,TAL-01,SNS-01,26.8,38.7,92.6,0,0,0.0,5.3,nenhuma,simulador_campo,0,40.0,25.2,-4.8,6.0,31.1,16.7,2026-10-03,11,manha,0
2026-10-03 11:30:00,TAL-01,SNS-01,27.2,38.6,97.2,0,0,0.0,5.6,nenhuma,simulador_campo,0,39.5,25.8,-4.5,6.0,31.1,16.7,2026-10-03,11,manha,0
2026-10-03 12:00:00,TAL-01,SNS-01,28.7,38.3,97.1,0,0,0.0,5.5,nenhuma,simulador_campo,0,39.0,26.6,-4.5,6.0,31.1,16.7,2026-10-03,12,tarde,0
2026-10-03 12:30:00,TAL-01,SNS-01,29.1,38.2,100.0,0,0,0.0,5.5,nenhuma,simulador_campo,0,38.7,27.3,-3.8,6.0,31.1,16.7,2026-10-03,12,tarde,0
2026-10-03 13:00:00,TAL-01,SNS-01,30.7,38.4,97.3,0,0,0.0,5.5,nenhuma,simulador_campo,0,38.5,28.2,-3.3,6.0,31.1,16.7,2026-10-03,13,tarde,0
2026-10-03 13:30:00,TAL-01,SNS-01,30.5,37.6,93.8,0,0,0.0,5.8,nenhuma,simulador_campo,0,38.3,28.8,-4.5,6.0,31.1,16.7,2026-10-03,13,tarde,0
2026-10-03 14:00:00,TAL-01,SNS-01,30.6,36.6,91.4,0,0,0.0,6.1,nenhuma,simulador_campo,0,38.0,29.5,-5.2,6.0,31.1,16.7,2026-10-03,14,tarde,0
2026-10-03 14:30:00,TAL-01,SNS-01,31.4,36.7,83.2,0,0,0.0,6.1,nenhuma,simulador_campo,0,37.6,30.2,-4.3,6.0,31.4,16.7,2026-10-03,14,tarde,0
2026-10-03 15:00:00,TAL-01,SNS-01,31.6,36.6,75.9,0,0,0.0,5.8,nenhuma,simulador_campo,0,37.4,30.6,-3.6,6.0,31.6,16.7,2026-10-03,15,tarde,0
2026-10-03 15:30:00,TAL-01,SNS-01,30.0,35.9,66.2,0,0,0.0,5.7,nenhuma,simulador_campo,0,37.0,30.8,-3.4,6.0,31.6,16.7,2026-10-03,15,tarde,0
2026-10-03 16:00:00,TAL-01,SNS-01,30.5,35.2,57.3,0,0,0.0,5.6,nenhuma,simulador_campo,0,36.4,30.8,-3.8,6.0,31.6,16.7,2026-10-03,16,tarde,0
2026-10-03 16:30:00,TAL-01,SNS-01,30.4,35.2,48.6,0,0,0.0,5.5,nenhuma,simulador_campo,0,36.0,30.8,-3.5,6.0,31.6,16.7,2026-10-03,16,tarde,0
2026-10-03 17:00:00,TAL-01,SNS-01,29.8,35.0,42.3,0,0,0.0,5.4,nenhuma,simulador_campo,0,35.8,30.6,-3.6,6.0,31.6,16.7,2026-10-03,17,tarde,0
2026-10-03 17:30:00,TAL-01,SNS-01,28.8,34.3,27.6,0,0,0.0,5.0,nenhuma,simulador_campo,0,35.4,30.2,-4.0,6.0,31.6,16.7,2026-10-03,17,tarde,0
2026-10-03 18:00:00,TAL-01,SNS-01,28.1,34.1,10.4,0,0,0.0,5.0,nenhuma,simulador_campo,0,34.9,29.6,-4.1,6.0,31.6,16.7,2026-10-03,18,noite,0
2026-10-03 18:30:00,TAL-01,SNS-01,27.9,33.4,1.5,0,0,0.0,4.9,nenhuma,simulador_campo,0,34.5,29.2,-5.0,6.0,31.6,16.7,2026-10-03,18,noite,0
2026-10-03 19:00:00,TAL-01,SNS-01,28.0,32.7,2.4,0,0,0.0,4.8,nenhuma,simulador_campo,0,34.1,28.8,-4.9,6.0,31.6,16.7,2026-10-03,19,noite,0
2026-10-03 19:30:00,TAL-01,SNS-01,26.4,32.4,0.0,0,0,0.0,4.5,nenhuma,simulador_campo,0,33.6,28.2,-4.2,6.0,31.6,16.7,2026-10-03,19,noite,0
2026-10-03 20:00:00,TAL-01,SNS-01,25.4,30.8,0.5,0,0,0.0,4.8,nenhuma,simulador_campo,0,32.9,27.4,-5.9,6.0,31.6,16.7,2026-10-03,20,noite,0
2026-10-03 20:30:00,TAL-01,SNS-01,25.5,30.9,0.0,0,0,0.0,4.6,nenhuma,simulador_campo,0,32.4,26.9,-5.7,6.0,31.6,16.7,2026-10-03,20,noite,0
2026-10-03 21:00:00,TAL-01,SNS-01,23.8,30.8,3.0,0,0,0.0,4.4,nenhuma,simulador_campo,0,31.8,26.2,-5.1,6.0,31.6,16.7,2026-10-03,21,noite,0
2026-10-03 21:30:00,TAL-01,SNS-01,23.8,30.9,4.6,0,0,0.0,4.2,nenhuma,simulador_campo,0,31.4,25.5,-4.3,6.0,31.6,16.7,2026-10-03,21,noite,0
2026-10-03 22:00:00,TAL-01,SNS-01,21.5,30.9,0.0,0,0,0.0,4.3,nenhuma,simulador_campo,0,31.1,24.4,-4.3,6.0,31.6,16.7,2026-10-03,22,noite,0
2026-10-03 22:30:00,TAL-01,SNS-01,21.4,30.2,1.8,0,0,0.0,4.5,nenhuma,simulador_campo,0,30.8,23.6,-4.8,6.0,31.6,16.7,2026-10-03,22,noite,0
2026-10-03 23:00:00,TAL-01,SNS-01,20.3,30.6,0.7,0,0,0.0,4.5,nenhuma,simulador_campo,0,30.7,22.7,-3.7,6.0,31.6,16.7,2026-10-03,23,noite,0
2026-10-03 23:30:00,TAL-01,SNS-01,19.9,30.9,0.0,0,0,0.0,4.5,nenhuma,simulador_campo,0,30.7,21.8,-3.2,6.0,31.6,16.7,2026-10-03,23,noite,0
2026-10-04 00:00:00,TAL-01,SNS-01,18.8,30.8,1.8,0,0,0.0,4.2,nenhuma,simulador_campo,0,30.7,21.0,-2.6,6.0,31.6,16.7,2026-10-04,0,madrugada,0
2026-10-04 00:30:00,TAL-01,SNS-01,19.1,30.8,3.2,0,0,0.0,4.3,nenhuma,simulador_campo,0,30.7,20.2,-1.9,6.0,31.6,16.7,2026-10-04,0,madrugada,0
2026-10-04 01:00:00,TAL-01,SNS-01,18.2,30.0,4.4,0,0,0.0,4.6,nenhuma,simulador_campo,0,30.6,19.6,-2.4,6.0,31.6,16.7,2026-10-04,1,madrugada,0
2026-10-04 01:30:00,TAL-01,SNS-01,17.8,32.6,1.3,0,1,0.0,4.6,nenhuma,simulador_campo,0,31.0,19.0,1.8,6.0,31.6,16.7,2026-10-04,1,madrugada,0
2026-10-04 02:00:00,TAL-01,SNS-01,16.5,35.7,0.2,0,1,0.0,4.6,nenhuma,simulador_campo,0,31.8,18.4,4.8,6.0,31.6,16.5,2026-10-04,2,madrugada,0
2026-10-04 02:30:00,TAL-01,SNS-01,16.9,37.8,0.7,0,1,0.0,4.4,nenhuma,simulador_campo,0,32.9,17.9,7.0,6.0,31.6,16.5,2026-10-04,2,madrugada,0
2026-10-04 03:00:00,TAL-01,SNS-01,17.8,40.1,3.1,0,1,0.0,4.1,nenhuma,simulador_campo,0,34.5,17.7,9.2,5.0,31.6,16.5,2026-10-04,3,madrugada,0
2026-10-04 03:30:00,TAL-01,SNS-01,16.6,42.7,0.7,0,1,0.0,4.6,nenhuma,simulador_campo,0,36.5,17.3,11.8,4.0,31.6,16.5,2026-10-04,3,madrugada,0
2026-10-04 04:00:00,TAL-01,SNS-01,17.5,45.6,0.0,0,1,0.0,4.7,nenhuma,simulador_campo,0,39.1,17.2,15.4,3.0,31.6,16.5,2026-10-04,4,madrugada,0
2026-10-04 04:30:00,TAL-01,SNS-01,17.1,45.2,2.6,0,0,0.0,5.0,nenhuma,simulador_campo,0,41.2,17.1,14.6,2.0,31.6,16.5,2026-10-04,4,madrugada,0
2026-10-04 05:00:00,TAL-01,SNS-01,19.0,44.6,0.0,0,0,0.0,5.1,nenhuma,simulador_campo,0,42.7,17.5,13.7,1.0,31.6,16.5,2026-10-04,5,madrugada,0
2026-10-04 05:30:00,TAL-01,SNS-01,18.0,44.7,1.3,0,0,0.0,5.2,nenhuma,simulador_campo,0,43.8,17.7,13.9,0.0,31.6,16.5,2026-10-04,5,madrugada,0
2026-10-04 06:00:00,TAL-01,SNS-01,18.7,44.6,0.0,0,0,0.0,5.2,nenhuma,simulador_campo,0,44.6,17.8,13.8,0.0,31.6,16.5,2026-10-04,6,manha,0
2026-10-04 06:30:00,TAL-01,SNS-01,19.3,44.4,11.7,0,0,0.0,4.9,nenhuma,simulador_campo,0,44.8,18.3,14.4,0.0,31.6,16.5,2026-10-04,6,manha,0
2026-10-04 07:00:00,TAL-01,SNS-01,20.0,45.1,24.9,0,0,0.0,5.0,nenhuma,simulador_campo,0,44.8,18.7,12.5,0.0,31.6,16.5,2026-10-04,7,manha,0
2026-10-04 07:30:00,TAL-01,SNS-01,21.7,44.8,36.5,0,0,0.0,5.0,nenhuma,simulador_campo,0,44.7,19.4,9.1,0.0,31.6,16.5,2026-10-04,7,manha,0
2026-10-04 08:00:00,TAL-01,SNS-01,22.8,44.0,46.2,0,0,0.0,5.1,nenhuma,simulador_campo,0,44.6,20.1,6.2,0.0,31.6,16.5,2026-10-04,8,manha,0
2026-10-04 08:30:00,TAL-01,SNS-01,22.0,43.6,60.5,0,0,0.0,4.7,nenhuma,simulador_campo,0,44.4,20.8,3.5,0.0,31.6,16.5,2026-10-04,8,manha,0
2026-10-04 09:00:00,TAL-01,SNS-01,23.4,43.5,70.0,0,0,0.0,5.0,nenhuma,simulador_campo,0,44.2,21.5,0.8,0.0,31.6,16.5,2026-10-04,9,manha,0
2026-10-04 09:30:00,TAL-01,SNS-01,23.9,43.0,77.0,0,0,0.0,5.6,nenhuma,simulador_campo,0,44.0,22.3,-2.6,0.0,31.6,16.5,2026-10-04,9,manha,0
2026-10-04 10:00:00,TAL-01,SNS-01,27.0,42.1,88.1,0,0,0.0,5.8,nenhuma,simulador_campo,0,43.5,23.5,-3.1,0.0,31.6,16.5,2026-10-04,10,manha,0
2026-10-04 10:30:00,TAL-01,SNS-01,27.6,41.9,89.2,0,0,0.0,6.0,nenhuma,simulador_campo,0,43.0,24.4,-2.7,0.0,31.6,16.5,2026-10-04,10,manha,0
2026-10-04 11:00:00,TAL-01,SNS-01,27.8,41.3,95.4,0,0,0.0,6.2,nenhuma,simulador_campo,0,42.6,25.3,-3.4,0.0,31.6,16.5,2026-10-04,11,manha,0
2026-10-04 11:30:00,TAL-01,SNS-01,27.7,40.7,96.7,0,0,0.0,6.5,nenhuma,simulador_campo,0,42.1,26.2,-3.9,0.0,31.6,16.5,2026-10-04,11,manha,0
2026-10-04 12:00:00,TAL-01,SNS-01,29.9,40.2,99.6,0,0,0.0,6.6,nenhuma,simulador_campo,0,41.5,27.3,-4.2,0.0,31.6,16.5,2026-10-04,12,tarde,0
2026-10-04 12:30:00,TAL-01,SNS-01,28.6,39.6,99.2,0,0,0.0,7.0,nenhuma,simulador_campo,0,41.0,28.1,-5.5,0.0,31.6,16.5,2026-10-04,12,tarde,0
2026-10-04 13:00:00,TAL-01,SNS-01,29.3,38.7,93.3,0,0,0.0,6.8,nenhuma,simulador_campo,0,40.4,28.5,-6.1,0.0,31.6,16.5,2026-10-04,13,tarde,0
2026-10-04 13:30:00,TAL-01,SNS-01,30.4,37.3,94.7,0,0,0.0,6.9,nenhuma,simulador_campo,0,39.6,29.0,-6.7,0.0,31.6,16.5,2026-10-04,13,tarde,0
2026-10-04 14:00:00,TAL-01,SNS-01,30.9,36.8,87.9,0,0,0.0,6.6,nenhuma,simulador_campo,0,38.9,29.5,-6.8,0.0,31.6,16.5,2026-10-04,14,tarde,0
2026-10-04 14:30:00,TAL-01,SNS-01,30.4,36.6,82.4,0,0,0.0,6.5,nenhuma,simulador_campo,0,38.2,29.9,-6.9,0.0,31.6,16.5,2026-10-04,14,tarde,0
2026-10-04 15:00:00,TAL-01,SNS-01,32.4,36.3,78.0,0,0,0.0,6.6,nenhuma,simulador_campo,0,37.6,30.3,-6.7,0.0,32.4,16.5,2026-10-04,15,tarde,0
2026-10-04 15:30:00,TAL-01,SNS-01,31.5,35.3,70.9,0,0,0.0,6.7,nenhuma,simulador_campo,0,36.8,30.8,-6.8,0.0,32.4,16.5,2026-10-04,15,tarde,0
2026-10-04 16:00:00,TAL-01,SNS-01,31.4,35.2,56.4,0,0,0.0,6.8,nenhuma,simulador_campo,0,36.2,31.2,-6.7,0.0,32.4,16.5,2026-10-04,16,tarde,0
2026-10-04 16:30:00,TAL-01,SNS-01,30.1,34.5,50.8,0,0,0.0,6.8,nenhuma,simulador_campo,0,35.8,31.1,-6.8,0.0,32.4,16.5,2026-10-04,16,tarde,0
2026-10-04 17:00:00,TAL-01,SNS-01,30.5,33.8,35.9,0,0,0.0,7.0,nenhuma,simulador_campo,0,35.3,31.0,-6.9,0.0,32.4,16.5,2026-10-04,17,tarde,0
2026-10-04 17:30:00,TAL-01,SNS-01,29.0,33.3,22.5,0,0,0.0,6.9,nenhuma,simulador_campo,0,34.7,30.8,-6.9,0.0,32.4,16.5,2026-10-04,17,tarde,0
2026-10-04 18:00:00,TAL-01,SNS-01,28.5,33.3,12.0,0,0,0.0,6.9,nenhuma,simulador_campo,0,34.2,30.2,-6.3,0.0,32.4,16.5,2026-10-04,18,noite,0
2026-10-04 18:30:00,TAL-01,SNS-01,28.5,32.9,3.0,0,0,0.0,7.1,nenhuma,simulador_campo,0,33.8,29.7,-5.8,0.0,32.4,16.5,2026-10-04,18,noite,0
2026-10-04 19:00:00,TAL-01,SNS-01,27.6,32.5,0.0,0,0,0.0,6.9,nenhuma,simulador_campo,0,33.4,29.0,-4.8,0.0,32.4,16.5,2026-10-04,19,noite,0
2026-10-04 19:30:00,TAL-01,SNS-01,27.3,32.1,0.0,0,0,0.0,7.1,nenhuma,simulador_campo,0,33.0,28.6,-4.7,0.0,32.4,16.5,2026-10-04,19,noite,0
2026-10-04 20:00:00,TAL-01,SNS-01,25.4,31.6,2.8,0,0,0.0,7.1,nenhuma,simulador_campo,0,32.6,27.7,-5.0,0.0,32.4,16.5,2026-10-04,20,noite,0
2026-10-04 20:30:00,TAL-01,SNS-01,25.8,31.0,0.0,0,0,0.0,6.9,nenhuma,simulador_campo,0,32.2,27.2,-5.3,0.0,32.4,16.5,2026-10-04,20,noite,0
2026-10-04 21:00:00,TAL-01,SNS-01,23.6,31.1,0.4,0,0,0.0,7.0,nenhuma,simulador_campo,0,31.9,26.4,-4.2,0.0,32.4,16.5,2026-10-04,21,noite,0
2026-10-04 21:30:00,TAL-01,SNS-01,23.9,33.0,2.0,0,1,0.0,6.8,nenhuma,simulador_campo,0,31.9,25.6,-2.2,0.0,32.4,16.5,2026-10-04,21,noite,0
2026-10-04 22:00:00,TAL-01,SNS-01,23.3,36.1,0.3,0,1,0.0,7.3,nenhuma,simulador_campo,0,32.5,24.9,1.6,0.0,32.4,16.5,2026-10-04,22,noite,0
2026-10-04 22:30:00,TAL-01,SNS-01,20.5,38.4,0.0,0,1,0.0,7.2,nenhuma,simulador_campo,0,33.5,23.8,4.6,0.0,32.4,16.5,2026-10-04,22,noite,0
2026-10-04 23:00:00,TAL-01,SNS-01,21.7,41.4,0.0,0,1,0.0,7.1,nenhuma,simulador_campo,0,35.2,23.1,8.1,0.0,32.4,16.5,2026-10-04,23,noite,0
2026-10-04 23:30:00,TAL-01,SNS-01,20.3,45.1,1.9,0,1,0.0,6.9,nenhuma,simulador_campo,0,37.5,22.2,11.8,0.0,32.4,16.5,2026-10-04,23,noite,0
2026-09-28 00:00:00,TAL-02,SNS-02,21.8,56.1,0.6,0,0,0.0,5.5,nenhuma,simulador_campo,0,56.1,21.8,0.0,0.0,21.8,21.8,2026-09-28,0,madrugada,0
2026-09-28 00:30:00,TAL-02,SNS-02,19.8,56.2,3.1,0,0,0.0,5.3,nenhuma,simulador_campo,0,56.2,20.8,0.1,0.0,21.8,19.8,2026-09-28,0,madrugada,0
2026-09-28 01:00:00,TAL-02,SNS-02,20.2,56.0,2.6,0,0,0.0,5.4,nenhuma,simulador_campo,0,56.1,20.6,-0.1,0.0,21.8,19.8,2026-09-28,1,madrugada,0
2026-09-28 01:30:00,TAL-02,SNS-02,19.7,56.2,0.5,0,0,0.0,5.8,nenhuma,simulador_campo,0,56.1,20.4,0.1,0.0,21.8,19.7,2026-09-28,1,madrugada,0
2026-09-28 02:00:00,TAL-02,SNS-02,19.6,55.9,0.0,0,0,0.0,5.7,nenhuma,simulador_campo,0,56.1,20.2,-0.2,0.0,21.8,19.6,2026-09-28,2,madrugada,0
2026-09-28 02:30:00,TAL-02,SNS-02,18.9,55.7,2.4,0,0,0.0,6.0,nenhuma,simulador_campo,0,56.0,20.0,-0.4,0.0,21.8,18.9,2026-09-28,2,madrugada,0
2026-09-28 03:00:00,TAL-02,SNS-02,18.7,55.2,3.1,0,0,0.0,5.8,nenhuma,simulador_campo,0,55.9,19.5,-0.9,0.0,21.8,18.7,2026-09-28,3,madrugada,0
2026-09-28 03:30:00,TAL-02,SNS-02,19.4,54.2,2.8,0,0,0.0,5.8,nenhuma,simulador_campo,0,55.5,19.4,-1.9,0.0,21.8,18.7,2026-09-28,3,madrugada,0
2026-09-28 04:00:00,TAL-02,SNS-02,19.1,53.8,4.6,0,0,0.0,6.0,nenhuma,simulador_campo,0,55.2,19.2,-2.3,0.0,21.8,18.7,2026-09-28,4,madrugada,0
2026-09-28 04:30:00,TAL-02,SNS-02,19.8,53.3,3.8,0,0,0.0,5.9,nenhuma,simulador_campo,0,54.7,19.2,-2.8,0.0,21.8,18.7,2026-09-28,4,madrugada,0
2026-09-28 05:00:00,TAL-02,SNS-02,19.2,53.2,3.1,0,0,0.0,6.0,nenhuma,simulador_campo,0,54.2,19.2,-2.9,0.0,21.8,18.7,2026-09-28,5,madrugada,0
2026-09-28 05:30:00,TAL-02,SNS-02,20.6,52.9,1.2,0,0,0.0,6.0,nenhuma,simulador_campo,0,53.8,19.5,-3.2,0.0,21.8,18.7,2026-09-28,5,madrugada,0
2026-09-28 06:00:00,TAL-02,SNS-02,21.7,52.2,1.0,0,0,0.0,5.9,nenhuma,simulador_campo,0,53.3,20.0,-4.0,0.0,21.8,18.7,2026-09-28,6,manha,0
2026-09-28 06:30:00,TAL-02,SNS-02,21.4,52.2,14.7,0,0,0.0,6.0,nenhuma,simulador_campo,0,52.9,20.3,-3.8,0.0,21.8,18.7,2026-09-28,6,manha,0
2026-09-28 07:00:00,TAL-02,SNS-02,23.1,52.1,26.2,0,0,0.0,5.8,nenhuma,simulador_campo,0,52.6,21.0,-4.1,0.0,23.1,18.7,2026-09-28,7,manha,0
2026-09-28 07:30:00,TAL-02,SNS-02,23.1,51.2,37.0,0,0,0.0,5.9,nenhuma,simulador_campo,0,52.3,21.5,-4.7,0.0,23.1,18.7,2026-09-28,7,manha,0
2026-09-28 08:00:00,TAL-02,SNS-02,23.3,50.9,50.4,0,0,0.0,5.7,nenhuma,simulador_campo,0,51.9,22.2,-4.8,0.0,23.3,18.7,2026-09-28,8,manha,0
2026-09-28 08:30:00,TAL-02,SNS-02,25.0,51.6,59.4,0,0,0.0,5.6,nenhuma,simulador_campo,0,51.7,22.9,-3.6,0.0,25.0,18.7,2026-09-28,8,manha,0
2026-09-28 09:00:00,TAL-02,SNS-02,26.1,50.8,68.2,0,0,0.0,5.8,nenhuma,simulador_campo,0,51.5,23.7,-3.4,0.0,26.1,18.7,2026-09-28,9,manha,0
2026-09-28 09:30:00,TAL-02,SNS-02,27.8,49.4,76.7,0,0,0.0,6.1,nenhuma,simulador_campo,0,51.0,24.7,-4.4,0.0,27.8,18.7,2026-09-28,9,manha,0
2026-09-28 10:00:00,TAL-02,SNS-02,28.7,48.6,81.2,0,0,0.0,6.3,nenhuma,simulador_campo,0,50.4,25.7,-4.7,0.0,28.7,18.7,2026-09-28,10,manha,0
2026-09-28 10:30:00,TAL-02,SNS-02,27.8,48.2,89.8,0,0,0.0,6.4,nenhuma,simulador_campo,0,49.9,26.4,-5.0,0.0,28.7,18.7,2026-09-28,10,manha,0
2026-09-28 11:00:00,TAL-02,SNS-02,28.5,47.9,94.5,0,0,0.0,6.5,nenhuma,simulador_campo,0,49.4,27.3,-5.0,0.0,28.7,18.7,2026-09-28,11,manha,0
2026-09-28 11:30:00,TAL-02,SNS-02,30.0,47.1,100.0,0,0,0.0,6.4,nenhuma,simulador_campo,0,48.7,28.2,-5.1,0.0,30.0,18.7,2026-09-28,11,manha,0
2026-09-28 12:00:00,TAL-02,SNS-02,31.0,46.6,100.0,0,0,0.0,6.9,nenhuma,simulador_campo,0,48.0,29.0,-5.6,0.0,31.0,18.7,2026-09-28,12,tarde,0
2026-09-28 12:30:00,TAL-02,SNS-02,32.4,45.7,100.0,0,0,0.0,7.0,nenhuma,simulador_campo,0,47.4,29.7,-6.4,0.0,32.4,18.7,2026-09-28,12,tarde,0
2026-09-28 13:00:00,TAL-02,SNS-02,32.5,45.5,98.4,0,0,0.0,7.1,nenhuma,simulador_campo,0,46.8,30.4,-5.7,0.0,32.5,18.7,2026-09-28,13,tarde,0
2026-09-28 13:30:00,TAL-02,SNS-02,32.4,45.1,94.5,0,0,0.0,6.9,nenhuma,simulador_campo,0,46.3,31.1,-5.8,0.0,32.5,18.7,2026-09-28,13,tarde,0
2026-09-28 14:00:00,TAL-02,SNS-02,33.0,45.3,94.4,0,0,0.0,6.9,nenhuma,simulador_campo,0,45.9,31.9,-6.3,0.0,33.0,18.7,2026-09-28,14,tarde,0
2026-09-28 14:30:00,TAL-02,SNS-02,33.3,44.7,81.5,0,0,0.0,7.2,nenhuma,simulador_campo,0,45.5,32.4,-6.1,0.0,33.3,18.7,2026-09-28,14,tarde,0
2026-09-28 15:00:00,TAL-02,SNS-02,32.8,44.8,78.6,0,0,0.0,7.4,nenhuma,simulador_campo,0,45.2,32.7,-4.6,0.0,33.3,18.7,2026-09-28,15,tarde,0
2026-09-28 15:30:00,TAL-02,SNS-02,32.9,45.2,69.1,0,0,0.0,7.3,nenhuma,simulador_campo,0,45.1,32.8,-3.4,0.0,33.3,18.7,2026-09-28,15,tarde,0
2026-09-28 16:00:00,TAL-02,SNS-02,32.3,43.9,57.3,0,0,0.0,7.3,nenhuma,simulador_campo,0,44.8,32.8,-4.3,0.0,33.3,18.7,2026-09-28,16,tarde,0
2026-09-28 16:30:00,TAL-02,SNS-02,32.0,43.4,45.1,0,0,0.0,7.5,nenhuma,simulador_campo,0,44.5,32.7,-4.5,0.0,33.3,18.7,2026-09-28,16,tarde,0
2026-09-28 17:00:00,TAL-02,SNS-02,31.3,42.4,39.2,0,0,0.0,7.5,nenhuma,simulador_campo,0,44.1,32.4,-4.7,0.0,33.3,18.7,2026-09-28,17,tarde,0
2026-09-28 17:30:00,TAL-02,SNS-02,31.3,42.5,21.4,0,0,0.0,7.4,nenhuma,simulador_campo,0,43.7,32.1,-4.1,0.0,33.3,18.7,2026-09-28,17,tarde,0
2026-09-28 18:00:00,TAL-02,SNS-02,30.6,42.3,12.2,0,0,0.0,7.5,nenhuma,simulador_campo,0,43.3,31.7,-3.4,0.0,33.3,18.7,2026-09-28,18,noite,0
2026-09-28 18:30:00,TAL-02,SNS-02,31.3,42.6,0.0,0,0,0.0,7.7,nenhuma,simulador_campo,0,42.8,31.5,-2.9,0.0,33.3,18.7,2026-09-28,18,noite,0
2026-09-28 19:00:00,TAL-02,SNS-02,29.4,42.5,5.4,0,0,0.0,7.6,nenhuma,simulador_campo,0,42.6,31.0,-2.6,0.0,33.3,18.7,2026-09-28,19,noite,0
2026-09-28 19:30:00,TAL-02,SNS-02,28.6,42.6,0.0,0,0,0.0,7.5,nenhuma,simulador_campo,0,42.5,30.4,-2.7,0.0,33.3,18.7,2026-09-28,19,noite,0
2026-09-28 20:00:00,TAL-02,SNS-02,29.2,43.5,4.3,0,0,0.0,8.0,nenhuma,simulador_campo,0,42.7,30.1,-1.2,0.0,33.3,18.7,2026-09-28,20,noite,0
2026-09-28 20:30:00,TAL-02,SNS-02,27.0,43.7,3.5,0,0,0.0,7.9,nenhuma,simulador_campo,0,42.9,29.4,-1.1,0.0,33.3,18.7,2026-09-28,20,noite,0
2026-09-28 21:00:00,TAL-02,SNS-02,25.5,43.4,3.1,0,0,0.0,8.1,nenhuma,simulador_campo,0,43.1,28.5,-1.8,0.0,33.3,18.7,2026-09-28,21,noite,0
2026-09-28 21:30:00,TAL-02,SNS-02,26.5,43.7,5.2,0,0,0.0,7.8,nenhuma,simulador_campo,0,43.2,27.7,-0.2,0.0,33.3,18.7,2026-09-28,21,noite,0
2026-09-28 22:00:00,TAL-02,SNS-02,23.5,43.7,2.2,0,0,0.0,7.9,nenhuma,simulador_campo,0,43.4,26.7,0.3,0.0,33.3,18.7,2026-09-28,22,noite,0
2026-09-28 22:30:00,TAL-02,SNS-02,22.8,43.3,0.0,0,0,0.0,8.1,nenhuma,simulador_campo,0,43.6,25.8,0.9,0.0,33.3,18.7,2026-09-28,22,noite,0
2026-09-28 23:00:00,TAL-02,SNS-02,21.6,43.0,2.8,0,0,0.0,8.4,nenhuma,simulador_campo,0,43.5,24.5,0.5,0.0,33.3,18.7,2026-09-28,23,noite,0
2026-09-28 23:30:00,TAL-02,SNS-02,21.3,42.9,0.0,0,0,0.0,8.3,nenhuma,simulador_campo,0,43.3,23.5,0.6,0.0,33.3,18.7,2026-09-28,23,noite,0
2026-09-29 00:00:00,TAL-02,SNS-02,19.7,42.6,2.5,0,0,0.0,8.3,nenhuma,simulador_campo,0,43.2,22.6,0.0,0.0,33.3,18.7,2026-09-29,0,madrugada,0
2026-09-29 00:30:00,TAL-02,SNS-02,21.3,42.5,0.0,0,0,0.0,8.1,nenhuma,simulador_campo,0,43.0,21.7,0.0,0.0,33.3,18.7,2026-09-29,0,madrugada,0
2026-09-29 01:00:00,TAL-02,SNS-02,20.0,41.9,3.1,0,0,0.0,8.0,nenhuma,simulador_campo,0,42.7,21.1,-0.7,0.0,33.3,18.7,2026-09-29,1,madrugada,0
2026-09-29 01:30:00,TAL-02,SNS-02,19.1,41.7,0.0,0,0,0.0,8.0,nenhuma,simulador_campo,0,42.4,20.5,-1.8,0.0,33.3,18.7,2026-09-29,1,madrugada,0
2026-09-29 02:00:00,TAL-02,SNS-02,20.0,41.5,1.3,0,0,0.0,8.0,nenhuma,simulador_campo,0,42.2,20.2,-2.2,0.0,33.3,18.7,2026-09-29,2,madrugada,0
2026-09-29 02:30:00,TAL-02,SNS-02,18.6,41.5,0.4,0,0,0.0,8.1,nenhuma,simulador_campo,0,42.0,19.8,-1.9,0.0,33.3,18.6,2026-09-29,2,madrugada,0
2026-09-29 03:00:00,TAL-02,SNS-02,19.3,41.3,5.5,0,0,0.0,8.3,nenhuma,simulador_campo,0,41.7,19.7,-2.4,0.0,33.3,18.6,2026-09-29,3,madrugada,0
2026-09-29 03:30:00,TAL-02,SNS-02,18.4,41.2,2.75,0,0,0.0,8.6,nenhuma,simulador_campo,1,41.5,19.2,-2.5,0.0,33.3,18.4,2026-09-29,3,madrugada,0
2026-09-29 04:00:00,TAL-02,SNS-02,18.6,41.3,0.0,0,0,0.0,8.7,nenhuma,simulador_campo,0,41.4,19.0,-2.0,0.0,33.3,18.4,2026-09-29,4,madrugada,0
2026-09-29 04:30:00,TAL-02,SNS-02,19.6,40.7,0.8,0,0,0.0,8.7,nenhuma,simulador_campo,0,41.2,19.1,-2.3,0.0,33.3,18.4,2026-09-29,4,madrugada,0
2026-09-29 05:00:00,TAL-02,SNS-02,18.9,40.4,0.0,0,0,0.0,8.7,nenhuma,simulador_campo,0,41.1,18.9,-2.5,0.0,33.3,18.4,2026-09-29,5,madrugada,0
2026-09-29 05:30:00,TAL-02,SNS-02,21.3,40.3,0.0,0,0,0.0,8.7,nenhuma,simulador_campo,0,40.9,19.3,-2.3,0.0,33.3,18.4,2026-09-29,5,madrugada,0
2026-09-29 06:00:00,TAL-02,SNS-02,21.7,41.1,0.0,0,0,0.0,8.8,nenhuma,simulador_campo,0,40.8,19.8,-1.4,0.0,33.3,18.4,2026-09-29,6,manha,0
2026-09-29 06:30:00,TAL-02,SNS-02,22.5,40.8,11.9,0,0,0.0,8.5,nenhuma,simulador_campo,0,40.8,20.4,-1.1,0.0,33.3,18.4,2026-09-29,6,manha,0
2026-09-29 07:00:00,TAL-02,SNS-02,22.8,40.7,25.4,0,0,0.0,8.9,nenhuma,simulador_campo,0,40.7,21.1,-1.0,0.0,33.3,18.4,2026-09-29,7,manha,0
2026-09-29 07:30:00,TAL-02,SNS-02,23.8,40.4,35.7,0,0,0.0,8.8,nenhuma,simulador_campo,0,40.6,21.8,-1.1,0.0,33.3,18.4,2026-09-29,7,manha,0
2026-09-29 08:00:00,TAL-02,SNS-02,24.1,40.3,45.8,0,0,0.0,8.8,nenhuma,simulador_campo,0,40.6,22.7,-1.2,0.0,33.3,18.4,2026-09-29,8,manha,0
2026-09-29 08:30:00,TAL-02,SNS-02,25.4,40.2,57.2,0,0,0.0,8.3,nenhuma,simulador_campo,0,40.6,23.4,-1.1,0.0,33.3,18.4,2026-09-29,8,manha,0
2026-09-29 09:00:00,TAL-02,SNS-02,26.0,39.7,68.0,0,0,0.0,8.9,nenhuma,simulador_campo,0,40.4,24.1,-1.5,0.0,33.3,18.4,2026-09-29,9,manha,0
2026-09-29 09:30:00,TAL-02,SNS-02,26.0,38.9,80.8,0,0,0.0,9.0,nenhuma,simulador_campo,0,40.0,24.7,-2.4,0.0,33.3,18.4,2026-09-29,9,manha,0
2026-09-29 10:00:00,TAL-02,SNS-02,28.5,38.8,85.9,0,0,0.0,8.7,nenhuma,simulador_campo,0,39.7,25.6,-1.9,0.0,33.3,18.4,2026-09-29,10,manha,0
2026-09-29 10:30:00,TAL-02,SNS-02,29.2,38.1,93.1,0,0,0.0,8.5,nenhuma,simulador_campo,0,39.3,26.5,-2.3,0.0,33.3,18.4,2026-09-29,10,manha,0
2026-09-29 11:00:00,TAL-02,SNS-02,29.5,37.6,95.2,0,0,0.0,8.6,nenhuma,simulador_campo,0,38.9,27.4,-2.7,0.0,33.3,18.4,2026-09-29,11,manha,0
2026-09-29 11:30:00,TAL-02,SNS-02,30.5,36.8,99.2,0,0,0.0,8.7,nenhuma,simulador_campo,0,38.3,28.3,-4.3,0.0,33.3,18.4,2026-09-29,11,manha,0
2026-09-29 12:00:00,TAL-02,SNS-02,31.5,36.9,100.0,0,0,0.0,8.9,nenhuma,simulador_campo,0,37.8,29.2,-3.9,0.0,33.3,18.4,2026-09-29,12,tarde,0
2026-09-29 12:30:00,TAL-02,SNS-02,31.2,36.5,100.0,0,0,0.0,8.9,nenhuma,simulador_campo,0,37.4,30.1,-4.2,0.0,33.3,18.4,2026-09-29,12,tarde,0
2026-09-29 13:00:00,TAL-02,SNS-02,33.4,35.9,95.1,0,0,0.0,8.9,nenhuma,simulador_campo,0,37.0,30.9,-4.5,0.0,33.4,18.4,2026-09-29,13,tarde,0
2026-09-29 13:30:00,TAL-02,SNS-02,32.8,35.5,96.4,0,0,0.0,8.9,nenhuma,simulador_campo,0,36.5,31.5,-4.8,0.0,33.4,18.4,2026-09-29,13,tarde,0
2026-09-29 14:00:00,TAL-02,SNS-02,32.2,35.4,91.6,0,0,0.0,8.9,nenhuma,simulador_campo,0,36.2,31.9,-4.8,0.0,33.4,18.4,2026-09-29,14,tarde,0
2026-09-29 14:30:00,TAL-02,SNS-02,32.4,35.2,82.5,0,0,0.0,9.0,nenhuma,simulador_campo,0,35.9,32.2,-4.5,0.0,33.4,18.4,2026-09-29,14,tarde,0
2026-09-29 15:00:00,TAL-02,SNS-02,33.5,37.7,26.4,0,0,1.5,8.8,nenhuma,simulador_campo,0,36.0,32.6,-1.2,1.5,33.5,18.4,2026-09-29,15,tarde,0
2026-09-29 15:30:00,TAL-02,SNS-02,32.4,41.4,27.1,0,0,1.5,8.4,nenhuma,simulador_campo,0,36.8,32.8,2.6,3.0,33.5,18.4,2026-09-29,15,tarde,0
2026-09-29 16:00:00,TAL-02,SNS-02,32.1,44.5,25.0,0,0,1.5,8.5,nenhuma,simulador_campo,0,38.3,32.6,6.4,4.5,33.5,18.4,2026-09-29,16,tarde,0
2026-09-29 16:30:00,TAL-02,SNS-02,33.0,47.4,16.5,0,0,1.5,8.3,nenhuma,simulador_campo,0,40.3,32.6,9.8,6.0,33.5,18.4,2026-09-29,16,tarde,0
2026-09-29 17:00:00,TAL-02,SNS-02,32.1,47.3,38.8,0,0,0.0,8.1,nenhuma,simulador_campo,0,42.2,32.6,10.5,6.0,33.5,18.4,2026-09-29,17,tarde,0
2026-09-29 17:30:00,TAL-02,SNS-02,30.8,46.4,23.8,0,0,0.0,8.0,nenhuma,simulador_campo,0,44.1,32.3,9.5,6.0,33.5,18.4,2026-09-29,17,tarde,0
2026-09-29 18:00:00,TAL-02,SNS-02,31.6,46.1,11.9,0,0,0.0,7.8,nenhuma,simulador_campo,0,45.5,32.0,9.6,6.0,33.5,18.4,2026-09-29,18,noite,0
2026-09-29 18:30:00,TAL-02,SNS-02,29.9,45.9,0.0,0,0,0.0,7.6,nenhuma,simulador_campo,0,46.3,31.6,10.0,6.0,33.5,18.4,2026-09-29,18,noite,0
2026-09-29 19:00:00,TAL-02,SNS-02,29.2,45.6,1.5,0,0,0.0,7.3,nenhuma,simulador_campo,0,46.4,31.1,10.1,6.0,33.5,18.4,2026-09-29,19,noite,0
2026-09-29 19:30:00,TAL-02,SNS-02,29.4,44.4,1.5,0,0,0.0,7.3,nenhuma,simulador_campo,0,45.9,30.5,9.0,6.0,33.5,18.4,2026-09-29,19,noite,0
2026-09-29 20:00:00,TAL-02,SNS-02,26.8,44.6,0.5,0,0,0.0,7.1,nenhuma,simulador_campo,0,45.5,29.6,9.4,6.0,33.5,18.4,2026-09-29,20,noite,0
2026-09-29 20:30:00,TAL-02,SNS-02,27.8,44.0,4.4,0,0,0.0,7.4,nenhuma,simulador_campo,0,45.1,29.1,6.3,6.0,33.5,18.4,2026-09-29,20,noite,0
2026-09-29 21:00:00,TAL-02,SNS-02,26.9,43.8,1.3,0,0,0.0,6.8,nenhuma,simulador_campo,0,44.7,28.3,2.4,6.0,33.5,18.4,2026-09-29,21,noite,0
2026-09-29 21:30:00,TAL-02,SNS-02,25.5,43.0,2.1,0,0,0.0,6.8,nenhuma,simulador_campo,0,44.2,27.6,-1.5,6.0,33.5,18.4,2026-09-29,21,noite,0
2026-09-29 22:00:00,TAL-02,SNS-02,23.6,42.4,3.8,0,0,0.0,6.7,nenhuma,simulador_campo,0,43.7,26.7,-5.0,6.0,33.5,18.4,2026-09-29,22,noite,0
2026-09-29 22:30:00,TAL-02,SNS-02,23.6,42.349999999999994,1.8,0,0,0.0,6.7,nenhuma,simulador_campo,1,43.4,25.7,-5.0,6.0,33.5,18.4,2026-09-29,22,noite,0
2026-09-29 23:00:00,TAL-02,SNS-02,22.8,42.3,3.2,0,0,0.0,6.9,nenhuma,simulador_campo,0,43.0,25.0,-4.1,6.0,33.5,18.4,2026-09-29,23,noite,0
2026-09-29 23:30:00,TAL-02,SNS-02,20.9,41.9,2.4,0,0,0.0,7.2,nenhuma,simulador_campo,0,42.6,23.9,-4.2,6.0,33.5,18.4,2026-09-29,23,noite,0
2026-09-30 00:00:00,TAL-02,SNS-02,21.6,42.3,0.4,0,0,0.0,7.7,nenhuma,simulador_campo,0,42.4,23.0,-3.6,6.0,33.5,18.4,2026-09-30,0,madrugada,0
2026-09-30 00:30:00,TAL-02,SNS-02,20.6,42.4,3.3,0,0,0.0,7.7,nenhuma,simulador_campo,0,42.3,22.2,-3.2,6.0,33.5,18.4,2026-09-30,0,madrugada,0
2026-09-30 01:00:00,TAL-02,SNS-02,20.3,42.7,4.4,0,0,0.0,7.7,nenhuma,simulador_campo,0,42.3,21.6,-1.7,6.0,33.5,18.4,2026-09-30,1,madrugada,0
2026-09-30 01:30:00,TAL-02,SNS-02,19.0,42.7,1.7,0,0,0.0,8.1,nenhuma,simulador_campo,0,42.4,20.9,-1.9,6.0,33.5,18.4,2026-09-30,1,madrugada,0
2026-09-30 02:00:00,TAL-02,SNS-02,19.5,42.7,3.8,0,0,0.0,8.2,nenhuma,simulador_campo,0,42.4,20.3,-1.3,6.0,33.5,18.4,2026-09-30,2,madrugada,0
2026-09-30 02:30:00,TAL-02,SNS-02,19.0,42.1,6.1,0,0,0.0,8.0,nenhuma,simulador_campo,0,42.5,20.0,-1.7,6.0,33.5,18.4,2026-09-30,2,madrugada,0
2026-09-30 03:00:00,TAL-02,SNS-02,18.5,41.4,2.4,0,0,0.0,7.8,nenhuma,simulador_campo,0,42.3,19.5,-1.6,6.0,33.5,18.4,2026-09-30,3,madrugada,0
2026-09-30 03:30:00,TAL-02,SNS-02,18.8,41.4,3.0,0,0,0.0,7.8,nenhuma,simulador_campo,0,42.2,19.2,-1.0,6.0,33.5,18.5,2026-09-30,3,madrugada,0
2026-09-30 04:00:00,TAL-02,SNS-02,19.6,41.0,4.9,0,0,0.0,7.9,nenhuma,simulador_campo,0,41.9,19.1,-1.3,6.0,33.5,18.5,2026-09-30,4,madrugada,0
2026-09-30 04:30:00,TAL-02,SNS-02,19.9,39.7,5.4,0,0,0.0,7.2,nenhuma,simulador_campo,0,41.4,19.2,-2.6,6.0,33.5,18.5,2026-09-30,4,madrugada,0
2026-09-30 05:00:00,TAL-02,SNS-02,19.6,39.4,1.3,0,0,0.0,7.2,nenhuma,simulador_campo,0,40.8,19.2,-2.5,6.0,33.5,18.5,2026-09-30,5,madrugada,0
2026-09-30 05:30:00,TAL-02,SNS-02,20.8,39.7,3.3,0,0,0.0,7.2,nenhuma,simulador_campo,0,40.4,19.5,-2.6,6.0,33.5,18.5,2026-09-30,5,madrugada,0
2026-09-30 06:00:00,TAL-02,SNS-02,20.8,39.7,0.0,0,0,0.0,7.0,nenhuma,simulador_campo,0,40.2,19.9,-2.7,6.0,33.5,18.5,2026-09-30,6,manha,0
2026-09-30 06:30:00,TAL-02,SNS-02,22.7,39.4,13.2,0,0,0.0,7.1,nenhuma,simulador_campo,0,39.8,20.6,-3.3,6.0,33.5,18.5,2026-09-30,6,manha,0
2026-09-30 07:00:00,TAL-02,SNS-02,22.8,39.2,26.8,0,0,0.0,6.8,nenhuma,simulador_campo,0,39.5,21.1,-3.5,6.0,33.5,18.5,2026-09-30,7,manha,0
2026-09-30 07:30:00,TAL-02,SNS-02,23.5,39.1,37.5,0,0,0.0,6.4,nenhuma,simulador_campo,0,39.4,21.7,-3.6,6.0,33.5,18.5,2026-09-30,7,manha,0
2026-09-30 08:00:00,TAL-02,SNS-02,24.3,38.7,47.7,0,0,0.0,6.2,nenhuma,simulador_campo,0,39.3,22.5,-3.4,6.0,33.5,18.5,2026-09-30,8,manha,0
2026-09-30 08:30:00,TAL-02,SNS-02,26.0,38.5,61.0,0,0,0.0,6.0,nenhuma,simulador_campo,0,39.1,23.3,-2.9,6.0,33.5,18.5,2026-09-30,8,manha,0
2026-09-30 09:00:00,TAL-02,SNS-02,25.5,38.4,69.0,0,0,0.0,5.8,nenhuma,simulador_campo,0,38.9,24.1,-3.0,6.0,33.5,18.5,2026-09-30,9,manha,0
2026-09-30 09:30:00,TAL-02,SNS-02,27.0,38.3,75.6,0,0,0.0,5.6,nenhuma,simulador_campo,0,38.7,24.9,-2.7,6.0,33.5,18.5,2026-09-30,9,manha,0
2026-09-30 10:00:00,TAL-02,SNS-02,27.6,38.1,81.7,0,0,0.0,5.7,nenhuma,simulador_campo,0,38.5,25.6,-1.6,6.0,33.5,18.5,2026-09-30,10,manha,0
2026-09-30 10:30:00,TAL-02,SNS-02,28.7,37.6,91.2,0,0,0.0,5.8,nenhuma,simulador_campo,0,38.3,26.5,-1.8,6.0,33.5,18.5,2026-09-30,10,manha,0
2026-09-30 11:00:00,TAL-02,SNS-02,29.1,37.2,97.9,0,0,0.0,5.9,nenhuma,simulador_campo,0,38.0,27.3,-2.5,6.0,33.5,18.5,2026-09-30,11,manha,0
2026-09-30 11:30:00,TAL-02,SNS-02,31.2,37.8,98.0,0,0,0.0,6.2,nenhuma,simulador_campo,0,37.9,28.2,-1.9,6.0,33.5,18.5,2026-09-30,11,manha,0
2026-09-30 12:00:00,TAL-02,SNS-02,32.6,37.6,96.7,0,0,0.0,6.2,nenhuma,simulador_campo,0,37.8,29.4,-1.8,6.0,33.5,18.5,2026-09-30,12,tarde,0
2026-09-30 12:30:00,TAL-02,SNS-02,31.6,37.6,100.0,0,0,0.0,5.9,nenhuma,simulador_campo,0,37.7,30.1,-1.6,6.0,33.5,18.5,2026-09-30,12,tarde,0
2026-09-30 13:00:00,TAL-02,SNS-02,31.3,37.2,98.4,0,0,0.0,6.1,nenhuma,simulador_campo,0,37.5,30.8,-1.9,6.0,33.5,18.5,2026-09-30,13,tarde,0
2026-09-30 13:30:00,TAL-02,SNS-02,31.6,37.3,92.0,0,0,0.0,6.2,nenhuma,simulador_campo,0,37.4,31.2,-1.4,6.0,33.5,18.5,2026-09-30,13,tarde,0
2026-09-30 14:00:00,TAL-02,SNS-02,33.3,37.3,89.7,1,0,0.0,6.1,nenhuma,simulador_campo,0,37.5,31.9,-1.2,6.0,33.5,18.5,2026-09-30,14,tarde,0
2026-09-30 14:30:00,TAL-02,SNS-02,33.1,36.9,81.2,0,0,0.0,5.9,nenhuma,simulador_campo,0,37.3,32.2,-1.5,6.0,33.5,18.5,2026-09-30,14,tarde,0
2026-09-30 15:00:00,TAL-02,SNS-02,32.9,36.3,77.6,0,0,0.0,5.9,nenhuma,simulador_campo,0,37.1,32.3,-2.0,4.5,33.3,18.5,2026-09-30,15,tarde,0
2026-09-30 15:30:00,TAL-02,SNS-02,33.1,36.2,70.0,0,0,0.0,5.7,nenhuma,simulador_campo,0,36.9,32.6,-1.9,3.0,33.3,18.5,2026-09-30,15,tarde,0
2026-09-30 16:00:00,TAL-02,SNS-02,32.1,35.6,57.8,0,0,0.0,6.0,nenhuma,simulador_campo,0,36.6,32.7,-2.0,1.5,33.3,18.5,2026-09-30,16,tarde,0
2026-09-30 16:30:00,TAL-02,SNS-02,33.3,35.1,50.2,0,0,0.0,6.0,nenhuma,simulador_campo,0,36.2,33.0,-2.1,0.0,33.3,18.5,2026-09-30,16,tarde,0
2026-09-30 17:00:00,TAL-02,SNS-02,32.0,35.1,36.8,0,0,0.0,6.0,nenhuma,simulador_campo,0,35.9,32.8,-2.7,0.0,33.3,18.5,2026-09-30,17,tarde,0
2026-09-30 17:30:00,TAL-02,SNS-02,32.1,35.3,27.0,0,0,0.0,6.4,nenhuma,simulador_campo,0,35.6,32.6,-2.3,0.0,33.3,18.5,2026-09-30,17,tarde,0
2026-09-30 18:00:00,TAL-02,SNS-02,30.7,34.4,11.3,0,0,0.0,6.7,nenhuma,simulador_campo,0,35.3,32.2,-3.2,0.0,33.3,18.5,2026-09-30,18,noite,0
2026-09-30 18:30:00,TAL-02,SNS-02,29.9,34.1,1.0,0,0,0.0,6.5,nenhuma,simulador_campo,0,34.9,31.7,-3.1,0.0,33.3,18.5,2026-09-30,18,noite,0
2026-09-30 19:00:00,TAL-02,SNS-02,29.5,34.1,1.8,0,0,0.0,6.6,nenhuma,simulador_campo,0,34.7,31.2,-3.2,0.0,33.3,18.5,2026-09-30,19,noite,0
2026-09-30 19:30:00,TAL-02,SNS-02,29.6,34.2,3.4,0,0,0.0,6.6,nenhuma,simulador_campo,0,34.5,30.6,-3.1,0.0,33.3,18.5,2026-09-30,19,noite,0
2026-09-30 20:00:00,TAL-02,SNS-02,28.3,34.3,3.8,0,0,0.0,6.7,nenhuma,simulador_campo,0,34.4,30.0,-2.6,0.0,33.3,18.5,2026-09-30,20,noite,0
2026-09-30 20:30:00,TAL-02,SNS-02,27.6,34.9,5.6,0,0,0.0,7.2,nenhuma,simulador_campo,0,34.3,29.3,-1.4,0.0,33.3,18.5,2026-09-30,20,noite,0
2026-09-30 21:00:00,TAL-02,SNS-02,25.9,34.1,2.6,0,0,0.0,7.3,nenhuma,simulador_campo,0,34.3,28.5,-2.1,0.0,33.3,18.5,2026-09-30,21,noite,0
2026-09-30 21:30:00,TAL-02,SNS-02,25.4,34.0,4.4,0,0,0.0,7.3,nenhuma,simulador_campo,0,34.3,27.7,-1.6,0.0,33.3,18.5,2026-09-30,21,noite,0
2026-09-30 22:00:00,TAL-02,SNS-02,24.2,34.1,0.0,0,0,0.0,7.2,nenhuma,simulador_campo,0,34.3,26.8,-1.0,0.0,33.3,18.5,2026-09-30,22,noite,0
2026-09-30 22:30:00,TAL-02,SNS-02,23.3,33.4,3.0,0,0,0.0,7.1,nenhuma,simulador_campo,0,34.1,25.8,-1.7,0.0,33.3,18.5,2026-09-30,22,noite,0
2026-09-30 23:00:00,TAL-02,SNS-02,22.1,33.1,0.0,0,0,0.0,7.3,nenhuma,simulador_campo,0,33.9,24.8,-2.2,0.0,33.3,18.5,2026-09-30,23,noite,0
2026-09-30 23:30:00,TAL-02,SNS-02,21.7,33.7,0.0,0,0,0.0,7.0,nenhuma,simulador_campo,0,33.7,23.8,-0.7,0.0,33.3,18.5,2026-09-30,23,noite,0
2026-10-01 00:00:00,TAL-02,SNS-02,21.6,32.4,3.9,0,0,0.0,6.9,nenhuma,simulador_campo,0,33.4,23.0,-1.7,0.0,33.3,18.5,2026-10-01,0,madrugada,0
2026-10-01 00:30:00,TAL-02,SNS-02,20.7,31.9,3.0,0,0,0.0,6.8,nenhuma,simulador_campo,0,33.1,22.3,-2.2,0.0,33.3,18.5,2026-10-01,0,madrugada,0
2026-10-01 01:00:00,TAL-02,SNS-02,20.1,31.8,0.0,0,0,0.0,6.8,nenhuma,simulador_campo,0,32.7,21.6,-2.4,0.0,33.3,18.5,2026-10-01,1,madrugada,0
2026-10-01 01:30:00,TAL-02,SNS-02,19.7,31.1,3.3,0,0,0.0,6.8,nenhuma,simulador_campo,0,32.3,21.0,-3.2,0.0,33.3,18.5,2026-10-01,1,madrugada,0
2026-10-01 02:00:00,TAL-02,SNS-02,18.4,30.3,1.9,0,0,0.0,6.7,nenhuma,simulador_campo,0,31.9,20.4,-4.6,0.0,33.3,18.4,2026-10-01,2,madrugada,0
2026-10-01 02:30:00,TAL-02,SNS-02,18.8,30.3,3.0,0,0,0.0,6.5,nenhuma,simulador_campo,0,31.3,19.9,-3.8,0.0,33.3,18.4,2026-10-01,2,madrugada,0
2026-10-01 03:00:00,TAL-02,SNS-02,18.2,30.7,0.0,0,0,0.0,6.6,nenhuma,simulador_campo,0,31.0,19.3,-3.3,0.0,33.3,18.2,2026-10-01,3,madrugada,0
2026-10-01 03:30:00,TAL-02,SNS-02,19.2,30.1,0.0,0,0,0.0,6.7,nenhuma,simulador_campo,0,30.7,19.1,-4.0,0.0,33.3,18.2,2026-10-01,3,madrugada,0
2026-10-01 04:00:00,TAL-02,SNS-02,18.9,30.4,6.0,0,0,0.0,6.9,nenhuma,simulador_campo,0,30.5,18.9,-3.0,0.0,33.3,18.2,2026-10-01,4,madrugada,0
2026-10-01 04:30:00,TAL-02,SNS-02,20.3,30.3,6.3,0,0,0.0,6.6,nenhuma,simulador_campo,0,30.4,19.0,-2.8,0.0,33.3,18.2,2026-10-01,4,madrugada,0
2026-10-01 05:00:00,TAL-02,SNS-02,20.7,30.7,3.6,0,0,0.0,6.4,nenhuma,simulador_campo,0,30.4,19.3,-3.0,0.0,33.3,18.2,2026-10-01,5,madrugada,0
2026-10-01 05:30:00,TAL-02,SNS-02,20.6,30.3,0.0,0,0,0.0,6.1,nenhuma,simulador_campo,0,30.4,19.6,-2.1,0.0,33.3,18.2,2026-10-01,5,madrugada,0
2026-10-01 06:00:00,TAL-02,SNS-02,20.5,29.6,0.5,0,0,0.0,6.1,nenhuma,simulador_campo,0,30.2,20.0,-2.3,0.0,33.3,18.2,2026-10-01,6,manha,0
2026-10-01 06:30:00,TAL-02,SNS-02,21.7,28.9,13.5,0,0,0.0,6.0,nenhuma,simulador_campo,0,30.0,20.4,-2.9,0.0,33.3,18.2,2026-10-01,6,manha,0
2026-10-01 07:00:00,TAL-02,SNS-02,22.3,28.8,24.8,0,0,0.0,5.9,nenhuma,simulador_campo,0,29.8,21.0,-2.3,0.0,33.3,18.2,2026-10-01,7,manha,0
2026-10-01 07:30:00,TAL-02,SNS-02,23.1,29.3,37.6,0,0,0.0,5.7,nenhuma,simulador_campo,0,29.6,21.5,-1.0,0.0,33.3,18.2,2026-10-01,7,manha,0
2026-10-01 08:00:00,TAL-02,SNS-02,25.0,28.8,46.5,0,0,0.0,5.8,nenhuma,simulador_campo,0,29.3,22.2,-1.5,0.0,33.3,18.2,2026-10-01,8,manha,0
2026-10-01 08:30:00,TAL-02,SNS-02,25.0,28.8,57.2,0,0,0.0,5.9,nenhuma,simulador_campo,0,29.0,22.9,-1.9,0.0,33.3,18.2,2026-10-01,8,manha,0
2026-10-01 09:00:00,TAL-02,SNS-02,26.3,28.9,67.7,0,0,0.0,5.4,nenhuma,simulador_campo,0,28.9,23.9,-1.2,0.0,33.3,18.2,2026-10-01,9,manha,0
2026-10-01 09:30:00,TAL-02,SNS-02,27.5,28.5,78.0,0,0,0.0,5.7,nenhuma,simulador_campo,0,28.8,24.9,-1.9,0.0,33.3,18.2,2026-10-01,9,manha,0
2026-10-01 10:00:00,TAL-02,SNS-02,27.7,28.4,84.3,0,0,0.0,6.0,nenhuma,simulador_campo,0,28.8,25.8,-1.9,0.0,33.3,18.2,2026-10-01,10,manha,0
2026-10-01 10:30:00,TAL-02,SNS-02,28.2,27.7,88.9,0,0,0.0,5.9,nenhuma,simulador_campo,0,28.5,26.6,-3.0,0.0,33.3,18.2,2026-10-01,10,manha,0
2026-10-01 11:00:00,TAL-02,SNS-02,29.9,27.4,99.2,1,0,0.0,5.7,nenhuma,simulador_campo,0,28.3,27.4,-2.9,0.0,33.3,18.2,2026-10-01,11,manha,0
2026-10-01 11:30:00,TAL-02,SNS-02,29.9,26.6,99.0,0,0,0.0,6.0,nenhuma,simulador_campo,0,27.9,28.2,-3.0,0.0,33.3,18.2,2026-10-01,11,manha,0
2026-10-01 12:00:00,TAL-02,SNS-02,31.0,25.9,99.8,0,0,0.0,5.7,nenhuma,simulador_campo,0,27.4,29.0,-3.0,0.0,33.3,18.2,2026-10-01,12,tarde,0
2026-10-01 12:30:00,TAL-02,SNS-02,32.1,25.6,100.0,0,0,0.0,5.9,nenhuma,simulador_campo,0,26.9,29.8,-3.2,0.0,33.3,18.2,2026-10-01,12,tarde,0
2026-10-01 13:00:00,TAL-02,SNS-02,33.0,26.0,98.2,0,0,0.0,6.2,nenhuma,simulador_campo,0,26.5,30.7,-3.3,0.0,33.3,18.2,2026-10-01,13,tarde,0
2026-10-01 13:30:00,TAL-02,SNS-02,31.5,24.9,94.7,0,0,0.0,6.6,nenhuma,simulador_campo,0,26.1,31.2,-3.9,0.0,33.3,18.2,2026-10-01,13,tarde,0
2026-10-01 14:00:00,TAL-02,SNS-02,33.0,24.7,91.1,0,0,0.0,6.5,nenhuma,simulador_campo,0,25.6,31.8,-4.1,0.0,33.3,18.2,2026-10-01,14,tarde,0
2026-10-01 14:30:00,TAL-02,SNS-02,31.5,24.4,86.5,0,0,0.0,6.7,nenhuma,simulador_campo,0,25.2,32.0,-4.5,0.0,33.3,18.2,2026-10-01,14,tarde,0
2026-10-01 15:00:00,TAL-02,SNS-02,33.3,24.1,74.1,0,0,0.0,6.5,nenhuma,simulador_campo,0,25.0,32.4,-4.4,0.0,33.3,18.2,2026-10-01,15,tarde,0
2026-10-01 15:30:00,TAL-02,SNS-02,33.3,23.8,69.1,0,0,0.0,6.2,nenhuma,simulador_campo,0,24.7,32.6,-4.6,0.0,33.3,18.2,2026-10-01,15,tarde,0
2026-10-01 16:00:00,TAL-02,SNS-02,33.1,23.1,60.7,0,0,0.0,6.4,nenhuma,simulador_campo,0,24.2,32.6,-4.6,0.0,33.3,18.2,2026-10-01,16,tarde,0
2026-10-01 16:30:00,TAL-02,SNS-02,32.6,22.8,49.8,0,0,0.0,6.5,nenhuma,simulador_campo,0,23.8,32.8,-4.6,0.0,33.3,18.2,2026-10-01,16,tarde,0
2026-10-01 17:00:00,TAL-02,SNS-02,31.6,22.5,33.4,0,0,0.0,6.4,nenhuma,simulador_campo,0,23.5,32.6,-4.1,0.0,33.3,18.2,2026-10-01,17,tarde,0
2026-10-01 17:30:00,TAL-02,SNS-02,31.4,22.2,25.6,0,0,0.0,6.6,nenhuma,simulador_campo,0,23.1,32.6,-3.7,0.0,33.3,18.2,2026-10-01,17,tarde,0
2026-10-01 18:00:00,TAL-02,SNS-02,30.7,22.1,11.1,0,0,0.0,6.6,nenhuma,simulador_campo,0,22.8,32.1,-3.5,0.0,33.3,18.2,2026-10-01,18,noite,0
2026-10-01 18:30:00,TAL-02,SNS-02,29.3,21.9,1.0,0,0,0.0,6.8,nenhuma,simulador_campo,0,22.4,31.4,-4.1,0.0,33.3,18.2,2026-10-01,18,noite,0
2026-10-01 19:00:00,TAL-02,SNS-02,29.6,21.8,3.6,0,0,0.0,6.8,nenhuma,simulador_campo,0,22.2,30.9,-3.1,0.0,33.3,18.2,2026-10-01,19,noite,0
2026-10-01 19:30:00,TAL-02,SNS-02,28.1,21.3,4.6,0,0,0.0,6.7,nenhuma,simulador_campo,0,22.0,30.1,-3.4,0.0,33.3,18.2,2026-10-01,19,noite,0
2026-10-01 20:00:00,TAL-02,SNS-02,28.0,20.9,3.7,0,0,0.0,6.8,nenhuma,simulador_campo,0,21.7,29.5,-3.5,0.0,33.3,18.2,2026-10-01,20,noite,0
2026-10-01 20:30:00,TAL-02,SNS-02,27.2,20.4,0.0,0,0,0.0,6.8,nenhuma,simulador_campo,0,21.4,28.8,-3.7,0.0,33.3,18.2,2026-10-01,20,noite,0
2026-10-01 21:00:00,TAL-02,SNS-02,26.3,20.1,0.0,0,0,0.0,6.7,nenhuma,simulador_campo,0,21.1,28.1,-3.7,0.0,33.3,18.2,2026-10-01,21,noite,0
2026-10-01 21:30:00,TAL-02,SNS-02,25.3,20.4,5.0,0,0,0.0,6.7,nenhuma,simulador_campo,0,20.8,27.4,-2.7,0.0,33.3,18.2,2026-10-01,21,noite,0
2026-10-01 22:00:00,TAL-02,SNS-02,24.0,20.5,4.2,0,0,0.0,6.8,nenhuma,simulador_campo,0,20.6,26.5,-2.3,0.0,33.3,18.2,2026-10-01,22,noite,0
2026-10-01 22:30:00,TAL-02,SNS-02,23.7,19.8,6.1,0,0,0.0,6.5,nenhuma,simulador_campo,0,20.3,25.8,-2.7,0.0,33.3,18.2,2026-10-01,22,noite,0
2026-10-01 23:00:00,TAL-02,SNS-02,23.5,19.2,1.2,0,0,0.0,6.5,nenhuma,simulador_campo,0,20.1,25.0,-3.0,0.0,33.3,18.2,2026-10-01,23,noite,0
2026-10-01 23:30:00,TAL-02,SNS-02,21.1,18.9,0.7,0,0,0.0,6.6,nenhuma,simulador_campo,0,19.8,24.0,-3.2,0.0,33.3,18.2,2026-10-01,23,noite,0
2026-10-02 00:00:00,TAL-02,SNS-02,21.1,18.0,3.3,0,0,0.0,6.5,nenhuma,simulador_campo,0,19.5,23.1,-3.9,0.0,33.3,18.2,2026-10-02,0,madrugada,0
2026-10-02 00:30:00,TAL-02,SNS-02,20.7,17.7,2.5,0,0,0.0,6.9,nenhuma,simulador_campo,0,19.0,22.3,-4.1,0.0,33.3,18.2,2026-10-02,0,madrugada,0
2026-10-02 01:00:00,TAL-02,SNS-02,21.8,17.9,3.2,0,0,0.0,6.6,nenhuma,simulador_campo,0,18.6,22.0,-3.4,0.0,33.3,18.2,2026-10-02,1,madrugada,0
2026-10-02 01:30:00,TAL-02,SNS-02,20.1,17.1,0.0,0,0,0.0,6.4,nenhuma,simulador_campo,0,18.1,21.4,-3.8,0.0,33.3,18.2,2026-10-02,1,madrugada,0
2026-10-02 02:00:00,TAL-02,SNS-02,19.4,17.4,2.6,0,0,0.0,6.3,nenhuma,simulador_campo,0,17.8,20.7,-3.0,0.0,33.3,18.2,2026-10-02,2,madrugada,0
2026-10-02 02:30:00,TAL-02,SNS-02,19.7,16.9,9.0,0,0,0.0,6.3,nenhuma,simulador_campo,0,17.5,20.5,-3.2,0.0,33.3,18.2,2026-10-02,2,madrugada,0
2026-10-02 03:00:00,TAL-02,SNS-02,19.4,16.7,1.7,0,0,0.0,6.3,nenhuma,simulador_campo,0,17.3,20.2,-3.7,0.0,33.3,18.9,2026-10-02,3,madrugada,0
2026-10-02 03:30:00,TAL-02,SNS-02,19.2,17.2,3.9,0,0,0.0,6.1,nenhuma,simulador_campo,0,17.2,19.9,-3.3,0.0,33.3,18.9,2026-10-02,3,madrugada,0
2026-10-02 04:00:00,TAL-02,SNS-02,20.0,17.1,4.0,0,0,0.0,5.8,nenhuma,simulador_campo,0,17.1,19.6,-2.7,0.0,33.3,19.2,2026-10-02,4,madrugada,0
2026-10-02 04:30:00,TAL-02,SNS-02,20.1,16.8,3.3,0,0,0.0,5.8,nenhuma,simulador_campo,0,17.0,19.6,-2.4,0.0,33.3,19.2,2026-10-02,4,madrugada,0
2026-10-02 05:00:00,TAL-02,SNS-02,20.2,16.8,4.7,0,0,0.0,5.3,nenhuma,simulador_campo,0,16.9,19.8,-2.1,0.0,33.3,19.2,2026-10-02,5,madrugada,0
2026-10-02 05:30:00,TAL-02,SNS-02,21.2,17.3,7.5,0,0,0.0,5.2,nenhuma,simulador_campo,0,17.0,20.0,-0.7,0.0,33.3,19.2,2026-10-02,5,madrugada,0
2026-10-02 06:00:00,TAL-02,SNS-02,20.7,16.8,0.0,0,0,0.0,5.5,nenhuma,simulador_campo,0,17.0,20.2,-0.9,0.0,33.3,19.2,2026-10-02,6,manha,0
2026-10-02 06:30:00,TAL-02,SNS-02,21.5,17.0,7.7,0,0,0.0,5.4,nenhuma,simulador_campo,0,17.0,20.6,-0.9,0.0,33.3,19.2,2026-10-02,6,manha,0
2026-10-02 07:00:00,TAL-02,SNS-02,22.7,16.1,24.8,0,0,0.0,5.1,nenhuma,simulador_campo,0,16.8,21.1,-1.0,0.0,33.3,19.2,2026-10-02,7,manha,0
2026-10-02 07:30:00,TAL-02,SNS-02,23.5,16.0,39.4,0,0,0.0,5.1,nenhuma,simulador_campo,0,16.7,21.6,-1.4,0.0,33.3,19.2,2026-10-02,7,manha,0
2026-10-02 08:00:00,TAL-02,SNS-02,24.3,16.2,53.8,0,0,0.0,5.5,nenhuma,simulador_campo,0,16.6,22.3,-0.7,0.0,33.3,19.2,2026-10-02,8,manha,0
2026-10-02 08:30:00,TAL-02,SNS-02,24.9,16.3,56.0,0,0,0.0,5.3,nenhuma,simulador_campo,0,16.4,22.9,-0.4,0.0,33.3,19.2,2026-10-02,8,manha,0
2026-10-02 09:00:00,TAL-02,SNS-02,26.0,16.0,69.2,1,0,0.0,5.4,nenhuma,simulador_campo,0,16.3,23.8,-1.2,0.0,33.3,19.2,2026-10-02,9,manha,0
2026-10-02 09:30:00,TAL-02,SNS-02,26.2,16.5,79.2,0,0,0.0,5.3,nenhuma,simulador_campo,0,16.2,24.6,-0.6,0.0,33.3,19.2,2026-10-02,9,manha,0
2026-10-02 10:00:00,TAL-02,SNS-02,27.3,16.6,86.2,0,0,0.0,5.5,nenhuma,simulador_campo,0,16.3,25.4,-0.2,0.0,33.3,19.2,2026-10-02,10,manha,0
2026-10-02 10:30:00,TAL-02,SNS-02,28.1,16.4,88.0,0,0,0.0,5.5,nenhuma,simulador_campo,0,16.3,26.1,-0.4,0.0,33.3,19.2,2026-10-02,10,manha,0
2026-10-02 11:00:00,TAL-02,SNS-02,29.4,16.2,96.8,0,0,0.0,5.5,nenhuma,simulador_campo,0,16.3,27.0,-1.1,0.0,33.3,19.2,2026-10-02,11,manha,0
2026-10-02 11:30:00,TAL-02,SNS-02,29.6,15.1,100.0,0,0,0.0,5.4,nenhuma,simulador_campo,0,16.1,27.8,-1.7,0.0,33.3,19.2,2026-10-02,11,manha,0
2026-10-02 12:00:00,TAL-02,SNS-02,30.3,14.7,98.3,0,0,0.0,5.4,nenhuma,simulador_campo,0,15.9,28.5,-2.3,0.0,33.3,19.2,2026-10-02,12,tarde,0
2026-10-02 12:30:00,TAL-02,SNS-02,32.2,14.5,100.0,0,0,0.0,5.5,nenhuma,simulador_campo,0,15.6,29.5,-1.6,0.0,33.3,19.2,2026-10-02,12,tarde,0
2026-10-02 13:00:00,TAL-02,SNS-02,32.4,14.0,100.0,0,0,0.0,5.1,nenhuma,simulador_campo,0,15.2,30.3,-2.0,0.0,33.3,19.2,2026-10-02,13,tarde,0
2026-10-02 13:30:00,TAL-02,SNS-02,32.4,14.2,96.5,0,0,0.0,5.2,nenhuma,simulador_campo,0,14.8,31.0,-2.0,0.0,33.3,19.2,2026-10-02,13,tarde,0
2026-10-02 14:00:00,TAL-02,SNS-02,33.1,13.6,92.0,0,0,0.0,5.3,nenhuma,simulador_campo,0,14.4,31.7,-2.7,0.0,33.3,19.2,2026-10-02,14,tarde,0
2026-10-02 14:30:00,TAL-02,SNS-02,32.6,13.5,83.6,0,0,0.0,5.3,nenhuma,simulador_campo,0,14.1,32.2,-2.5,0.0,33.3,19.2,2026-10-02,14,tarde,0
2026-10-02 15:00:00,TAL-02,SNS-02,34.0,13.0,78.9,0,0,0.0,5.5,nenhuma,simulador_campo,0,13.8,32.8,-3.5,0.0,34.0,19.2,2026-10-02,15,tarde,0
2026-10-02 15:30:00,TAL-02,SNS-02,32.8,12.5,67.7,0,0,0.0,5.5,nenhuma,simulador_campo,0,13.5,32.9,-4.1,0.0,34.0,19.2,2026-10-02,15,tarde,0
2026-10-02 16:00:00,TAL-02,SNS-02,32.3,12.1,60.4,0,0,0.0,5.7,nenhuma,simulador_campo,0,13.2,32.9,-4.3,0.0,34.0,19.2,2026-10-02,16,tarde,0
2026-10-02 16:30:00,TAL-02,SNS-02,32.4,11.9,48.9,0,0,0.0,5.4,nenhuma,simulador_campo,0,12.8,32.9,-4.3,0.0,34.0,19.2,2026-10-02,16,tarde,0
2026-10-02 17:00:00,TAL-02,SNS-02,31.6,12.1,38.9,0,0,0.0,5.3,nenhuma,simulador_campo,0,12.5,32.6,-3.0,0.0,34.0,19.2,2026-10-02,17,tarde,0
2026-10-02 17:30:00,TAL-02,SNS-02,32.2,11.4,21.8,0,0,0.0,5.5,nenhuma,simulador_campo,0,12.2,32.6,-3.3,0.0,34.0,19.2,2026-10-02,17,tarde,0
2026-10-02 18:00:00,TAL-02,SNS-02,29.7,11.0,13.2,0,0,0.0,5.5,nenhuma,simulador_campo,0,11.8,31.8,-3.5,0.0,34.0,19.2,2026-10-02,18,noite,0
2026-10-02 18:30:00,TAL-02,SNS-02,30.1,11.4,0.0,0,0,0.0,5.3,nenhuma,simulador_campo,0,11.6,31.4,-2.6,0.0,34.0,19.2,2026-10-02,18,noite,0
2026-10-02 19:00:00,TAL-02,SNS-02,29.3,11.6,2.3,0,0,0.0,5.8,nenhuma,simulador_campo,0,11.6,30.9,-2.6,0.0,34.0,19.2,2026-10-02,19,noite,0
2026-10-02 19:30:00,TAL-02,SNS-02,28.8,11.8,0.7,0,0,0.0,5.8,nenhuma,simulador_campo,0,11.5,30.3,-1.8,0.0,34.0,19.2,2026-10-02,19,noite,0
2026-10-02 20:00:00,TAL-02,SNS-02,27.0,12.4,0.0,0,0,0.0,5.5,nenhuma,simulador_campo,0,11.6,29.5,-1.1,0.0,34.0,19.2,2026-10-02,20,noite,0
2026-10-02 20:30:00,TAL-02,SNS-02,26.5,12.1,2.6,0,0,0.0,5.7,nenhuma,simulador_campo,0,11.7,28.6,-0.9,0.0,34.0,19.2,2026-10-02,20,noite,0
2026-10-02 21:00:00,TAL-02,SNS-02,26.2,11.5,0.0,0,0,0.0,5.8,nenhuma,simulador_campo,0,11.8,28.0,-1.0,0.0,34.0,19.2,2026-10-02,21,noite,0
2026-10-02 21:30:00,TAL-02,SNS-02,24.2,11.7,2.0,0,0,0.0,5.7,nenhuma,simulador_campo,0,11.8,27.0,-0.4,0.0,34.0,19.2,2026-10-02,21,noite,0
2026-10-02 22:00:00,TAL-02,SNS-02,24.0,11.2,3.8,0,0,0.0,5.8,nenhuma,simulador_campo,0,11.8,26.1,-0.7,0.0,34.0,19.2,2026-10-02,22,noite,0
2026-10-02 22:30:00,TAL-02,SNS-02,23.2,11.3,0.8,0,0,0.0,6.0,nenhuma,simulador_campo,0,11.7,25.2,-0.8,0.0,34.0,19.2,2026-10-02,22,noite,0
2026-10-02 23:00:00,TAL-02,SNS-02,23.7,11.2,2.3,0,0,0.0,6.4,nenhuma,simulador_campo,0,11.5,24.6,-0.2,0.0,34.0,19.2,2026-10-02,23,noite,0
2026-10-02 23:30:00,TAL-02,SNS-02,21.8,10.9,3.0,0,0,0.0,6.5,nenhuma,simulador_campo,0,11.3,23.8,-0.1,0.0,34.0,19.2,2026-10-02,23,noite,0
2026-10-03 00:00:00,TAL-02,SNS-02,21.0,11.4,2.6,0,0,0.0,6.9,nenhuma,simulador_campo,0,11.3,23.0,0.0,0.0,34.0,19.2,2026-10-03,0,madrugada,0
2026-10-03 00:30:00,TAL-02,SNS-02,20.7,11.0,0.3,0,0,0.0,6.8,nenhuma,simulador_campo,0,11.2,22.4,-0.6,0.0,34.0,19.2,2026-10-03,0,madrugada,0
2026-10-03 01:00:00,TAL-02,SNS-02,20.4,11.3,0.1,0,0,0.0,6.6,nenhuma,simulador_campo,0,11.2,21.8,-0.5,0.0,34.0,19.2,2026-10-03,1,madrugada,0
2026-10-03 01:30:00,TAL-02,SNS-02,19.8,11.7,3.5,0,0,0.0,6.9,nenhuma,simulador_campo,0,11.2,21.2,-0.7,0.0,34.0,19.2,2026-10-03,1,madrugada,0
2026-10-03 02:00:00,TAL-02,SNS-02,19.6,11.6,3.6,0,0,0.0,6.7,nenhuma,simulador_campo,0,11.3,20.6,-0.5,0.0,34.0,19.2,2026-10-03,2,madrugada,0
2026-10-03 02:30:00,TAL-02,SNS-02,19.9,11.6,0.0,0,0,0.0,6.5,nenhuma,simulador_campo,0,11.4,20.2,0.1,0.0,34.0,19.2,2026-10-03,2,madrugada,0
2026-10-03 03:00:00,TAL-02,SNS-02,19.1,13.4,0.9,0,0,1.0,6.4,nenhuma,simulador_campo,0,11.8,19.9,1.7,1.0,34.0,19.1,2026-10-03,3,madrugada,0
2026-10-03 03:30:00,TAL-02,SNS-02,18.6,16.0,0.0,0,0,1.0,6.2,nenhuma,simulador_campo,0,12.6,19.6,4.8,2.0,34.0,18.6,2026-10-03,3,madrugada,0
2026-10-03 04:00:00,TAL-02,SNS-02,19.1,17.1,2.2,0,0,1.0,6.0,nenhuma,simulador_campo,0,13.6,19.4,5.8,3.0,34.0,18.6,2026-10-03,4,madrugada,0
2026-10-03 04:30:00,TAL-02,SNS-02,19.0,19.0,0.0,0,0,1.0,6.0,nenhuma,simulador_campo,0,14.8,19.2,7.8,4.0,34.0,18.6,2026-10-03,4,madrugada,0
2026-10-03 05:00:00,TAL-02,SNS-02,19.9,20.7,1.0,1,0,1.0,5.8,nenhuma,simulador_campo,0,16.3,19.3,9.8,5.0,34.0,18.6,2026-10-03,5,madrugada,0
2026-10-03 05:30:00,TAL-02,SNS-02,20.4,23.3,4.0,0,0,1.0,5.8,nenhuma,simulador_campo,0,18.2,19.3,11.9,6.0,34.0,18.6,2026-10-03,5,madrugada,0
2026-10-03 06:00:00,TAL-02,SNS-02,20.7,23.1,1.3,0,0,0.0,6.0,nenhuma,simulador_campo,0,19.9,19.6,12.1,6.0,34.0,18.6,2026-10-03,6,manha,0
2026-10-03 06:30:00,TAL-02,SNS-02,22.0,23.2,10.7,0,0,0.0,6.1,nenhuma,simulador_campo,0,21.1,20.2,11.9,6.0,34.0,18.6,2026-10-03,6,manha,0
2026-10-03 07:00:00,TAL-02,SNS-02,22.8,22.7,23.3,0,0,0.0,5.9,nenhuma,simulador_campo,0,22.0,20.8,11.0,6.0,34.0,18.6,2026-10-03,7,manha,0
2026-10-03 07:30:00,TAL-02,SNS-02,23.5,23.0,37.3,0,0,0.0,5.9,nenhuma,simulador_campo,0,22.7,21.6,11.4,6.0,34.0,18.6,2026-10-03,7,manha,0
2026-10-03 08:00:00,TAL-02,SNS-02,24.1,23.0,51.3,0,0,0.0,5.8,nenhuma,simulador_campo,0,23.0,22.2,11.4,6.0,34.0,18.6,2026-10-03,8,manha,0
2026-10-03 08:30:00,TAL-02,SNS-02,25.2,23.0,54.5,0,0,0.0,5.4,nenhuma,simulador_campo,0,23.0,23.0,9.6,6.0,34.0,18.6,2026-10-03,8,manha,0
2026-10-03 09:00:00,TAL-02,SNS-02,25.5,22.7,65.9,0,0,0.0,5.2,nenhuma,simulador_campo,0,22.9,23.8,6.7,6.0,34.0,18.6,2026-10-03,9,manha,0
2026-10-03 09:30:00,TAL-02,SNS-02,26.9,22.3,79.1,0,0,0.0,5.2,nenhuma,simulador_campo,0,22.8,24.7,5.2,6.0,34.0,18.6,2026-10-03,9,manha,0
2026-10-03 10:00:00,TAL-02,SNS-02,27.5,22.0,83.9,0,0,0.0,5.0,nenhuma,simulador_campo,0,22.7,25.4,3.0,6.0,34.0,18.6,2026-10-03,10,manha,0
2026-10-03 10:30:00,TAL-02,SNS-02,29.0,21.4,86.2,0,0,0.0,4.8,nenhuma,simulador_campo,0,22.4,26.4,0.7,6.0,34.0,18.6,2026-10-03,10,manha,0
2026-10-03 11:00:00,TAL-02,SNS-02,30.2,21.2,91.7,0,0,0.0,4.9,nenhuma,simulador_campo,0,22.1,27.4,-2.1,6.0,34.0,18.6,2026-10-03,11,manha,0
2026-10-03 11:30:00,TAL-02,SNS-02,30.2,20.9,100.0,0,0,0.0,4.8,nenhuma,simulador_campo,0,21.8,28.2,-2.2,6.0,34.0,18.6,2026-10-03,11,manha,0
2026-10-03 12:00:00,TAL-02,SNS-02,30.8,20.2,100.0,0,0,0.0,5.1,nenhuma,simulador_campo,0,21.3,29.1,-3.0,6.0,34.0,18.6,2026-10-03,12,tarde,0
2026-10-03 12:30:00,TAL-02,SNS-02,31.7,19.8,98.1,0,0,0.0,5.2,nenhuma,simulador_campo,0,20.9,29.9,-2.9,6.0,34.0,18.6,2026-10-03,12,tarde,0
2026-10-03 13:00:00,TAL-02,SNS-02,30.9,18.7,99.0,0,0,0.0,5.0,nenhuma,simulador_campo,0,20.4,30.5,-4.3,6.0,34.0,18.6,2026-10-03,13,tarde,0
2026-10-03 13:30:00,TAL-02,SNS-02,33.0,18.6,93.6,0,0,0.0,4.8,nenhuma,simulador_campo,0,19.9,31.1,-4.4,6.0,34.0,18.6,2026-10-03,13,tarde,0
2026-10-03 14:00:00,TAL-02,SNS-02,33.9,18.5,91.8,0,0,0.0,4.9,nenhuma,simulador_campo,0,19.4,31.8,-4.5,6.0,34.0,18.6,2026-10-03,14,tarde,0
2026-10-03 14:30:00,TAL-02,SNS-02,31.8,17.8,82.6,0,0,0.0,5.0,nenhuma,simulador_campo,0,18.9,32.0,-4.9,6.0,34.0,18.6,2026-10-03,14,tarde,0
2026-10-03 15:00:00,TAL-02,SNS-02,33.1,17.3,74.8,0,0,0.0,4.9,nenhuma,simulador_campo,0,18.4,32.4,-5.0,6.0,33.9,18.6,2026-10-03,15,tarde,0
2026-10-03 15:30:00,TAL-02,SNS-02,33.4,17.1,68.5,0,0,0.0,4.8,nenhuma,simulador_campo,0,18.0,32.7,-4.9,6.0,33.9,18.6,2026-10-03,15,tarde,0
2026-10-03 16:00:00,TAL-02,SNS-02,31.7,17.2,59.0,0,0,0.0,4.9,nenhuma,simulador_campo,0,17.8,32.8,-4.2,6.0,33.9,18.6,2026-10-03,16,tarde,0
2026-10-03 16:30:00,TAL-02,SNS-02,31.2,16.9,51.1,0,0,0.0,5.0,nenhuma,simulador_campo,0,17.5,32.5,-4.3,6.0,33.9,18.6,2026-10-03,16,tarde,0
2026-10-03 17:00:00,TAL-02,SNS-02,32.0,16.3,37.1,0,0,0.0,5.3,nenhuma,simulador_campo,0,17.1,32.2,-4.6,6.0,33.9,18.6,2026-10-03,17,tarde,0
2026-10-03 17:30:00,TAL-02,SNS-02,31.2,16.0,22.4,0,0,0.0,5.6,nenhuma,simulador_campo,0,16.8,32.1,-4.2,6.0,33.9,18.6,2026-10-03,17,tarde,0
2026-10-03 18:00:00,TAL-02,SNS-02,31.4,15.5,14.0,0,0,0.0,5.5,nenhuma,simulador_campo,0,16.5,31.8,-4.3,6.0,33.9,18.6,2026-10-03,18,noite,0
2026-10-03 18:30:00,TAL-02,SNS-02,30.1,15.2,1.6,0,0,0.0,5.3,nenhuma,simulador_campo,0,16.2,31.3,-3.5,6.0,33.9,18.6,2026-10-03,18,noite,0
2026-10-03 19:00:00,TAL-02,SNS-02,31.0,15.3,0.0,0,0,0.0,5.2,nenhuma,simulador_campo,0,15.9,31.1,-3.3,6.0,33.9,18.6,2026-10-03,19,noite,0
2026-10-03 19:30:00,TAL-02,SNS-02,30.0,15.1,0.2,0,0,0.0,5.5,nenhuma,simulador_campo,0,15.6,31.0,-3.4,6.0,33.9,18.6,2026-10-03,19,noite,0
2026-10-03 20:00:00,TAL-02,SNS-02,27.7,14.5,0.0,0,0,0.0,5.7,nenhuma,simulador_campo,0,15.3,30.2,-3.3,6.0,33.9,18.6,2026-10-03,20,noite,0
2026-10-03 20:30:00,TAL-02,SNS-02,27.2,15.5,1.1,0,0,0.0,5.9,nenhuma,simulador_campo,0,15.2,29.6,-1.8,6.0,33.9,18.6,2026-10-03,20,noite,0
2026-10-03 21:00:00,TAL-02,SNS-02,25.9,15.0,2.4,0,0,0.0,6.0,nenhuma,simulador_campo,0,15.1,28.6,-2.1,6.0,33.9,18.6,2026-10-03,21,noite,0
2026-10-03 21:30:00,TAL-02,SNS-02,24.7,14.5,3.0,0,0,0.0,5.9,nenhuma,simulador_campo,0,15.0,27.8,-2.7,6.0,33.9,18.6,2026-10-03,21,noite,0
2026-10-03 22:00:00,TAL-02,SNS-02,23.9,14.8,1.1,0,0,0.0,6.1,nenhuma,simulador_campo,0,14.9,26.6,-2.1,6.0,33.9,18.6,2026-10-03,22,noite,0
2026-10-03 22:30:00,TAL-02,SNS-02,23.3,14.8,0.0,0,0,0.0,6.2,nenhuma,simulador_campo,0,14.8,25.5,-1.5,6.0,33.9,18.6,2026-10-03,22,noite,0
2026-10-03 23:00:00,TAL-02,SNS-02,22.4,14.5,3.2,0,0,0.0,6.1,nenhuma,simulador_campo,0,14.8,24.6,-1.5,6.0,33.9,18.6,2026-10-03,23,noite,0
2026-10-03 23:30:00,TAL-02,SNS-02,21.3,14.3,3.8,0,0,0.0,6.1,nenhuma,simulador_campo,0,14.6,23.6,-1.2,6.0,33.9,18.6,2026-10-03,23,noite,0
2026-10-04 00:00:00,TAL-02,SNS-02,22.0,14.2,0.6,0,0,0.0,6.2,nenhuma,simulador_campo,0,14.5,22.9,-1.0,6.0,33.9,18.6,2026-10-04,0,madrugada,0
2026-10-04 00:30:00,TAL-02,SNS-02,20.4,14.1,0.1,0,0,0.0,6.7,nenhuma,simulador_campo,0,14.4,22.2,-1.2,6.0,33.9,18.6,2026-10-04,0,madrugada,0
2026-10-04 01:00:00,TAL-02,SNS-02,19.7,14.3,0.9,0,0,0.0,6.8,nenhuma,simulador_campo,0,14.4,21.5,-0.8,6.0,33.9,18.6,2026-10-04,1,madrugada,0
2026-10-04 01:30:00,TAL-02,SNS-02,19.2,14.1,3.4,0,0,0.0,6.7,nenhuma,simulador_campo,0,14.2,20.8,-0.4,6.0,33.9,18.6,2026-10-04,1,madrugada,0
2026-10-04 02:00:00,TAL-02,SNS-02,19.0,13.4,0.4,0,0,0.0,6.8,nenhuma,simulador_campo,0,14.1,20.3,-2.1,6.0,33.9,18.6,2026-10-04,2,madrugada,0
2026-10-04 02:30:00,TAL-02,SNS-02,20.0,12.4,2.8,0,0,0.0,7.1,nenhuma,simulador_campo,0,13.8,20.0,-2.6,6.0,33.9,18.6,2026-10-04,2,madrugada,0
2026-10-04 03:00:00,TAL-02,SNS-02,18.1,11.7,5.8,0,0,0.0,6.8,nenhuma,simulador_campo,0,13.3,19.4,-2.8,5.0,33.9,18.1,2026-10-04,3,madrugada,0
2026-10-04 03:30:00,TAL-02,SNS-02,19.0,11.8,3.1,0,0,0.0,7.0,nenhuma,simulador_campo,0,13.0,19.2,-3.0,4.0,33.9,18.1,2026-10-04,3,madrugada,0
2026-10-04 04:00:00,TAL-02,SNS-02,19.5,11.3,0.0,0,0,0.0,7.1,nenhuma,simulador_campo,0,12.5,19.1,-3.5,3.0,33.9,18.1,2026-10-04,4,madrugada,0
2026-10-04 04:30:00,TAL-02,SNS-02,19.1,11.7,0.4,0,0,0.0,7.5,nenhuma,simulador_campo,0,12.0,19.1,-2.8,2.0,33.9,18.1,2026-10-04,4,madrugada,0
2026-10-04 05:00:00,TAL-02,SNS-02,19.8,11.3,1.4,0,0,0.0,7.8,nenhuma,simulador_campo,0,11.7,19.2,-3.0,1.0,33.9,18.1,2026-10-04,5,madrugada,0
2026-10-04 05:30:00,TAL-02,SNS-02,20.5,11.7,0.0,0,0,0.0,7.7,nenhuma,simulador_campo,0,11.6,19.3,-2.5,0.0,33.9,18.1,2026-10-04,5,madrugada,0
2026-10-04 06:00:00,TAL-02,SNS-02,20.1,12.0,0.0,0,0,0.0,7.9,nenhuma,simulador_campo,0,11.6,19.7,-2.1,0.0,33.9,18.1,2026-10-04,6,manha,0
2026-10-04 06:30:00,TAL-02,SNS-02,21.2,11.2,15.0,0,0,0.0,8.1,nenhuma,simulador_campo,0,11.5,20.0,-3.1,0.0,33.9,18.1,2026-10-04,6,manha,0
2026-10-04 07:00:00,TAL-02,SNS-02,22.7,10.9,24.8,0,0,0.0,8.1,nenhuma,simulador_campo,0,11.5,20.6,-3.2,0.0,33.9,18.1,2026-10-04,7,manha,0
2026-10-04 07:30:00,TAL-02,SNS-02,24.0,11.0,33.6,0,0,0.0,8.2,nenhuma,simulador_campo,0,11.4,21.4,-2.4,0.0,33.9,18.1,2026-10-04,7,manha,0
2026-10-04 08:00:00,TAL-02,SNS-02,24.4,10.9,48.1,0,0,0.0,8.4,nenhuma,simulador_campo,0,11.3,22.2,-1.5,0.0,33.9,18.1,2026-10-04,8,manha,0
2026-10-04 08:30:00,TAL-02,SNS-02,25.1,10.8,61.0,0,0,0.0,8.2,nenhuma,simulador_campo,0,11.1,22.9,-0.9,0.0,33.9,18.1,2026-10-04,8,manha,0
2026-10-04 09:00:00,TAL-02,SNS-02,25.7,9.9,68.8,0,0,0.0,8.2,nenhuma,simulador_campo,0,10.8,23.8,-1.9,0.0,33.9,18.1,2026-10-04,9,manha,0
2026-10-04 09:30:00,TAL-02,SNS-02,26.3,9.8,78.4,0,0,0.0,8.2,nenhuma,simulador_campo,0,10.5,24.7,-1.5,0.0,33.9,18.1,2026-10-04,9,manha,0
2026-10-04 10:00:00,TAL-02,SNS-02,27.4,9.2,83.3,0,0,0.0,8.2,nenhuma,simulador_campo,0,10.3,25.5,-2.5,0.0,33.9,18.1,2026-10-04,10,manha,0
2026-10-04 10:30:00,TAL-02,SNS-02,29.2,9.2,89.9,0,0,0.0,8.3,nenhuma,simulador_campo,0,10.0,26.4,-2.1,0.0,33.9,18.1,2026-10-04,10,manha,0
2026-10-04 11:00:00,TAL-02,SNS-02,28.7,8.3,94.1,0,0,0.0,8.3,nenhuma,simulador_campo,0,9.5,27.1,-3.4,0.0,33.9,18.1,2026-10-04,11,manha,0
2026-10-04 11:30:00,TAL-02,SNS-02,31.0,8.1,100.0,0,0,0.0,8.5,nenhuma,simulador_campo,0,9.1,28.0,-3.9,0.0,33.9,18.1,2026-10-04,11,manha,0
2026-10-04 12:00:00,TAL-02,SNS-02,31.4,7.1,99.4,0,0,0.0,8.5,nenhuma,simulador_campo,0,8.6,29.0,-4.1,0.0,33.9,18.1,2026-10-04,12,tarde,0
2026-10-04 12:30:00,TAL-02,SNS-02,31.7,6.7,100.0,0,0,0.0,8.2,nenhuma,simulador_campo,0,8.1,29.9,-4.2,0.0,33.9,18.1,2026-10-04,12,tarde,0
2026-10-04 13:00:00,TAL-02,SNS-02,31.8,6.7,97.4,0,0,0.0,8.1,nenhuma,simulador_campo,0,7.7,30.6,-4.3,0.0,33.9,18.1,2026-10-04,13,tarde,0
2026-10-04 13:30:00,TAL-02,SNS-02,32.7,6.7,92.0,0,0,0.0,8.2,nenhuma,simulador_campo,0,7.3,31.2,-4.2,0.0,33.9,18.1,2026-10-04,13,tarde,0
2026-10-04 14:00:00,TAL-02,SNS-02,33.2,6.5,88.2,0,0,0.0,8.0,nenhuma,simulador_campo,0,7.0,32.0,-4.3,0.0,33.4,18.1,2026-10-04,14,tarde,0
2026-10-04 14:30:00,TAL-02,SNS-02,33.3,5.6,84.1,0,0,0.0,8.0,nenhuma,simulador_campo,0,6.6,32.4,-4.3,0.0,33.4,18.1,2026-10-04,14,tarde,0
2026-10-04 15:00:00,TAL-02,SNS-02,34.1,4.9,75.5,0,0,0.0,8.0,nenhuma,simulador_campo,0,6.2,32.8,-4.9,0.0,34.1,18.1,2026-10-04,15,tarde,0
2026-10-04 15:30:00,TAL-02,SNS-02,33.3,4.5,70.8,0,0,0.0,7.9,nenhuma,simulador_campo,0,5.8,33.1,-4.7,0.0,34.1,18.1,2026-10-04,15,tarde,0
2026-10-04 16:00:00,TAL-02,SNS-02,31.8,3.8,56.3,0,0,0.0,7.9,nenhuma,simulador_campo,0,5.3,33.1,-5.4,0.0,34.1,18.1,2026-10-04,16,tarde,0
2026-10-04 16:30:00,TAL-02,SNS-02,33.3,3.4,46.5,0,0,0.0,8.4,nenhuma,simulador_campo,0,4.8,33.2,-4.9,0.0,34.1,18.1,2026-10-04,16,tarde,0
2026-10-04 17:00:00,TAL-02,SNS-02,31.8,3.0,37.1,0,0,0.0,8.6,nenhuma,simulador_campo,0,4.2,32.9,-5.1,0.0,34.1,18.1,2026-10-04,17,tarde,0
2026-10-04 17:30:00,TAL-02,SNS-02,31.3,3.1,27.8,0,0,0.0,8.3,nenhuma,simulador_campo,0,3.8,32.6,-4.0,0.0,34.1,18.1,2026-10-04,17,tarde,0
2026-10-04 18:00:00,TAL-02,SNS-02,30.7,3.0,11.5,0,0,0.0,8.2,nenhuma,simulador_campo,0,3.5,32.0,-3.7,0.0,34.1,18.1,2026-10-04,18,noite,0
2026-10-04 18:30:00,TAL-02,SNS-02,29.5,3.0,0.0,0,0,0.0,7.8,nenhuma,simulador_campo,0,3.2,31.4,-3.7,0.0,34.1,18.1,2026-10-04,18,noite,0
2026-10-04 19:00:00,TAL-02,SNS-02,29.3,3.0,0.0,0,0,0.0,8.0,nenhuma,simulador_campo,0,3.1,31.0,-3.7,0.0,34.1,18.1,2026-10-04,19,noite,0
2026-10-04 19:30:00,TAL-02,SNS-02,28.4,3.0,1.2,0,0,0.0,7.8,nenhuma,simulador_campo,0,3.0,30.2,-3.5,0.0,34.1,18.1,2026-10-04,19,noite,0
2026-10-04 20:00:00,TAL-02,SNS-02,28.1,3.1,0.0,0,0,0.0,8.1,nenhuma,simulador_campo,0,3.0,29.6,-2.5,0.0,34.1,18.1,2026-10-04,20,noite,0
2026-10-04 20:30:00,TAL-02,SNS-02,26.9,3.0,0.0,0,0,0.0,8.5,nenhuma,simulador_campo,0,3.0,28.8,-1.9,0.0,34.1,18.1,2026-10-04,20,noite,0
2026-10-04 21:00:00,TAL-02,SNS-02,25.7,3.0,3.3,0,0,0.0,8.4,nenhuma,simulador_campo,0,3.0,28.0,-1.5,0.0,34.1,18.1,2026-10-04,21,noite,0
2026-10-04 21:30:00,TAL-02,SNS-02,25.0,3.0,0.0,0,0,0.0,8.3,nenhuma,simulador_campo,0,3.0,27.2,-0.8,0.0,34.1,18.1,2026-10-04,21,noite,0
2026-10-04 22:00:00,TAL-02,SNS-02,24.3,3.1,1.1,0,0,0.0,8.2,nenhuma,simulador_campo,0,3.0,26.4,-0.3,0.0,34.1,18.1,2026-10-04,22,noite,0
2026-10-04 22:30:00,TAL-02,SNS-02,23.8,3.2,1.9,0,0,0.0,8.2,nenhuma,simulador_campo,0,3.1,25.6,0.2,0.0,34.1,18.1,2026-10-04,22,noite,0
2026-10-04 23:00:00,TAL-02,SNS-02,22.7,3.6,0.0,0,0,0.0,8.1,nenhuma,simulador_campo,0,3.2,24.7,0.5,0.0,34.1,18.1,2026-10-04,23,noite,0
2026-10-04 23:30:00,TAL-02,SNS-02,21.8,3.5,0.0,0,0,0.0,7.6,nenhuma,simulador_campo,0,3.2,23.9,0.5,0.0,34.1,18.1,2026-10-04,23,noite,0
2026-09-28 00:00:00,TAL-03,SNS-03,21.9,49.3,0.0,0,0,0.0,2.7,nenhuma,simulador_campo,0,49.3,21.9,0.0,0.0,21.9,21.9,2026-09-28,0,madrugada,0
2026-09-28 00:30:00,TAL-03,SNS-03,21.1,49.1,2.0,0,0,0.0,2.9,nenhuma,simulador_campo,0,49.2,21.5,-0.2,0.0,21.9,21.1,2026-09-28,0,madrugada,0
2026-09-28 01:00:00,TAL-03,SNS-03,21.1,49.7,2.2,0,0,0.0,3.0,nenhuma,simulador_campo,0,49.4,21.4,0.4,0.0,21.9,21.1,2026-09-28,1,madrugada,0
2026-09-28 01:30:00,TAL-03,SNS-03,20.2,49.0,0.3,0,0,0.0,3.3,nenhuma,simulador_campo,0,49.3,21.1,-0.3,0.0,21.9,20.2,2026-09-28,1,madrugada,0
2026-09-28 02:00:00,TAL-03,SNS-03,20.3,48.3,1.5,0,0,0.0,3.3,nenhuma,simulador_campo,0,49.1,20.9,-1.0,0.0,21.9,20.2,2026-09-28,2,madrugada,0
2026-09-28 02:30:00,TAL-03,SNS-03,20.4,47.9,1.6,0,0,0.0,3.4,nenhuma,simulador_campo,0,48.9,20.8,-1.4,0.0,21.9,20.2,2026-09-28,2,madrugada,0
2026-09-28 03:00:00,TAL-03,SNS-03,20.0,48.1,1.5,1,0,0.0,2.9,nenhuma,simulador_campo,0,48.7,20.5,-1.2,0.0,21.9,20.0,2026-09-28,3,madrugada,0
2026-09-28 03:30:00,TAL-03,SNS-03,19.7,47.5,1.7,0,0,0.0,2.8,nenhuma,simulador_campo,0,48.4,20.3,-1.8,0.0,21.9,19.7,2026-09-28,3,madrugada,0
2026-09-28 04:00:00,TAL-03,SNS-03,20.0,47.6,2.1,0,0,0.0,2.7,nenhuma,simulador_campo,0,48.1,20.1,-1.7,0.0,21.9,19.7,2026-09-28,4,madrugada,0
2026-09-28 04:30:00,TAL-03,SNS-03,20.3,46.8,7.6,0,0,0.0,2.9,nenhuma,simulador_campo,0,47.7,20.1,-2.5,0.0,21.9,19.7,2026-09-28,4,madrugada,0
2026-09-28 05:00:00,TAL-03,SNS-03,22.2,45.6,1.9,0,0,0.0,2.9,nenhuma,simulador_campo,0,47.2,20.4,-3.7,0.0,22.2,19.7,2026-09-28,5,madrugada,0
2026-09-28 05:30:00,TAL-03,SNS-03,22.2,45.8,0.0,0,0,0.0,3.0,nenhuma,simulador_campo,0,46.9,20.7,-3.5,0.0,22.2,19.7,2026-09-28,5,madrugada,0
2026-09-28 06:00:00,TAL-03,SNS-03,22.5,46.0,0.0,0,0,0.0,3.2,nenhuma,simulador_campo,0,46.6,21.2,-3.1,0.0,22.5,19.7,2026-09-28,6,manha,0
2026-09-28 06:30:00,TAL-03,SNS-03,23.8,45.1,12.0,0,0,0.0,2.8,nenhuma,simulador_campo,0,46.2,21.8,-4.6,0.0,23.8,19.7,2026-09-28,6,manha,0
2026-09-28 07:00:00,TAL-03,SNS-03,23.9,44.7,26.7,0,0,0.0,2.9,nenhuma,simulador_campo,0,45.7,22.5,-4.3,0.0,23.9,19.7,2026-09-28,7,manha,0
2026-09-28 07:30:00,TAL-03,SNS-03,24.5,44.1,34.4,0,0,0.0,2.8,nenhuma,simulador_campo,0,45.2,23.2,-4.2,0.0,24.5,19.7,2026-09-28,7,manha,0
2026-09-28 08:00:00,TAL-03,SNS-03,24.5,43.7,50.0,0,0,0.0,2.8,nenhuma,simulador_campo,0,44.9,23.6,-4.2,0.0,24.5,19.7,2026-09-28,8,manha,0
2026-09-28 08:30:00,TAL-03,SNS-03,25.2,42.9,58.2,0,0,0.0,2.6,nenhuma,simulador_campo,0,44.4,24.1,-5.2,0.0,25.2,19.7,2026-09-28,8,manha,0
2026-09-28 09:00:00,TAL-03,SNS-03,26.9,42.7,67.7,0,0,0.0,2.6,nenhuma,simulador_campo,0,43.9,24.8,-4.8,0.0,26.9,19.7,2026-09-28,9,manha,0
2026-09-28 09:30:00,TAL-03,SNS-03,27.8,42.4,77.9,0,0,0.0,2.3,nenhuma,simulador_campo,0,43.4,25.5,-5.2,0.0,27.8,19.7,2026-09-28,9,manha,0
2026-09-28 10:00:00,TAL-03,SNS-03,28.4,41.7,82.5,0,0,0.0,2.3,nenhuma,simulador_campo,0,42.9,26.2,-5.1,0.0,28.4,19.7,2026-09-28,10,manha,0
2026-09-28 10:30:00,TAL-03,SNS-03,29.9,41.6,88.1,0,0,0.0,2.3,nenhuma,simulador_campo,0,42.5,27.1,-4.0,0.0,29.9,19.7,2026-09-28,10,manha,0
2026-09-28 11:00:00,TAL-03,SNS-03,31.4,41.1,93.3,0,0,0.0,2.1,nenhuma,simulador_campo,0,42.1,28.3,-4.7,0.0,31.4,19.7,2026-09-28,11,manha,0
2026-09-28 11:30:00,TAL-03,SNS-03,30.5,40.7,97.4,0,0,0.0,2.1,nenhuma,simulador_campo,0,41.7,29.2,-5.3,0.0,31.4,19.7,2026-09-28,11,manha,0
2026-09-28 12:00:00,TAL-03,SNS-03,30.5,40.0,98.7,0,0,0.0,2.4,nenhuma,simulador_campo,0,41.2,29.8,-5.1,0.0,31.4,19.7,2026-09-28,12,tarde,0
2026-09-28 12:30:00,TAL-03,SNS-03,32.2,39.3,100.0,0,0,0.0,2.2,nenhuma,simulador_campo,0,40.7,30.5,-5.4,0.0,32.2,19.7,2026-09-28,12,tarde,0
2026-09-28 13:00:00,TAL-03,SNS-03,33.3,39.0,100.0,0,0,0.0,2.4,nenhuma,simulador_campo,0,40.3,31.3,-5.1,0.0,33.3,19.7,2026-09-28,13,tarde,0
2026-09-28 13:30:00,TAL-03,SNS-03,34.2,39.7,92.0,0,0,0.0,2.1,nenhuma,simulador_campo,0,40.0,32.0,-4.0,0.0,34.2,19.7,2026-09-28,13,tarde,0
2026-09-28 14:00:00,TAL-03,SNS-03,33.3,39.4,90.0,0,0,0.0,2.1,nenhuma,simulador_campo,0,39.7,32.3,-3.5,0.0,34.2,19.7,2026-09-28,14,tarde,0
2026-09-28 14:30:00,TAL-03,SNS-03,33.4,39.4,84.6,0,0,0.0,2.3,nenhuma,simulador_campo,0,39.5,32.8,-3.3,0.0,34.2,19.7,2026-09-28,14,tarde,0
2026-09-28 15:00:00,TAL-03,SNS-03,33.1,38.8,74.1,0,0,0.0,2.5,nenhuma,simulador_campo,0,39.3,33.2,-3.6,0.0,34.2,19.7,2026-09-28,15,tarde,0
2026-09-28 15:30:00,TAL-03,SNS-03,33.7,38.0,70.9,0,0,0.0,2.5,nenhuma,simulador_campo,0,39.0,33.5,-3.7,0.0,34.2,19.7,2026-09-28,15,tarde,0
2026-09-28 16:00:00,TAL-03,SNS-03,33.7,37.7,58.9,0,0,0.0,2.6,nenhuma,simulador_campo,0,38.8,33.6,-3.9,0.0,34.2,19.7,2026-09-28,16,tarde,0
2026-09-28 16:30:00,TAL-03,SNS-03,32.4,37.7,49.7,0,0,0.0,2.8,nenhuma,simulador_campo,0,38.5,33.3,-3.4,0.0,34.2,19.7,2026-09-28,16,tarde,0
2026-09-28 17:00:00,TAL-03,SNS-03,32.5,37.2,37.2,0,0,0.0,3.1,nenhuma,simulador_campo,0,38.1,33.1,-3.5,0.0,34.2,19.7,2026-09-28,17,tarde,0
2026-09-28 17:30:00,TAL-03,SNS-03,31.7,36.9,22.5,0,0,0.0,3.0,nenhuma,simulador_campo,0,37.7,32.8,-3.1,0.0,34.2,19.7,2026-09-28,17,tarde,0
2026-09-28 18:00:00,TAL-03,SNS-03,31.8,36.7,16.7,1,0,0.0,3.0,nenhuma,simulador_campo,0,37.4,32.6,-2.6,0.0,34.2,19.7,2026-09-28,18,noite,0
2026-09-28 18:30:00,TAL-03,SNS-03,31.1,36.0,0.0,0,0,0.0,2.9,nenhuma,simulador_campo,0,37.0,32.2,-3.0,0.0,34.2,19.7,2026-09-28,18,noite,0
2026-09-28 19:00:00,TAL-03,SNS-03,31.1,36.2,0.8,0,0,0.0,2.9,nenhuma,simulador_campo,0,36.8,31.8,-3.5,0.0,34.2,19.7,2026-09-28,19,noite,0
2026-09-28 19:30:00,TAL-03,SNS-03,29.4,35.8,4.2,0,0,0.0,2.8,nenhuma,simulador_campo,0,36.5,31.3,-3.6,0.0,34.2,19.7,2026-09-28,19,noite,0
2026-09-28 20:00:00,TAL-03,SNS-03,28.2,35.2,1.9,0,0,0.0,2.4,nenhuma,simulador_campo,1,36.1,30.6,-4.2,0.0,34.2,19.7,2026-09-28,20,noite,0
2026-09-28 20:30:00,TAL-03,SNS-03,27.6,34.6,1.3,0,0,0.0,2.5,nenhuma,simulador_campo,0,35.8,29.9,-4.2,0.0,34.2,19.7,2026-09-28,20,noite,0
2026-09-28 21:00:00,TAL-03,SNS-03,26.2,33.9,0.0,0,0,0.0,2.5,nenhuma,simulador_campo,0,35.3,28.9,-4.1,0.0,34.2,19.7,2026-09-28,21,noite,0
2026-09-28 21:30:00,TAL-03,SNS-03,25.9,33.9,1.5,0,0,0.0,2.5,nenhuma,simulador_campo,0,34.9,28.1,-3.8,0.0,34.2,19.7,2026-09-28,21,noite,0
2026-09-28 22:00:00,TAL-03,SNS-03,24.8,34.6,3.5,0,0,0.0,2.7,nenhuma,simulador_campo,0,34.7,27.0,-3.1,0.0,34.2,19.7,2026-09-28,22,noite,0
2026-09-28 22:30:00,TAL-03,SNS-03,24.1,34.5,1.0,0,0,0.0,2.6,nenhuma,simulador_campo,0,34.4,26.1,-2.7,0.0,34.2,19.7,2026-09-28,22,noite,0
2026-09-28 23:00:00,TAL-03,SNS-03,23.9,33.8,4.0,0,0,0.0,2.2,nenhuma,simulador_campo,0,34.2,25.4,-3.1,0.0,34.2,19.7,2026-09-28,23,noite,0
2026-09-28 23:30:00,TAL-03,SNS-03,21.8,33.0,5.1,0,0,0.0,2.6,nenhuma,simulador_campo,0,33.9,24.4,-3.7,0.0,34.2,19.7,2026-09-28,23,noite,0
2026-09-29 01:00:00,TAL-03,SNS-03,21.1,31.5,6.5,0,0,0.0,2.9,nenhuma,simulador_campo,0,33.2,22.7,-4.3,0.0,34.2,19.7,2026-09-29,1,madrugada,0
2026-09-29 01:30:00,TAL-03,SNS-03,21.1,31.8,3.3,0,0,0.0,3.0,nenhuma,simulador_campo,0,32.5,22.0,-3.4,0.0,34.2,19.7,2026-09-29,1,madrugada,0
2026-09-29 02:00:00,TAL-03,SNS-03,20.1,31.8,1.9,0,0,0.0,3.1,nenhuma,simulador_campo,0,32.0,21.0,-2.8,0.0,34.2,19.7,2026-09-29,2,madrugada,0
2026-09-29 02:30:00,TAL-03,SNS-03,20.8,32.2,1.6,0,0,0.0,3.1,nenhuma,simulador_campo,0,31.8,20.8,-1.7,0.0,34.2,19.7,2026-09-29,2,madrugada,0
2026-09-29 03:00:00,TAL-03,SNS-03,19.9,32.7,2.6,0,0,0.0,3.1,nenhuma,simulador_campo,0,32.0,20.6,-1.2,0.0,34.2,19.7,2026-09-29,3,madrugada,0
2026-09-29 03:30:00,TAL-03,SNS-03,20.5,32.6,0.8,0,0,0.0,3.0,nenhuma,simulador_campo,0,32.1,20.6,-2.0,0.0,34.2,19.9,2026-09-29,3,madrugada,0
2026-09-29 04:00:00,TAL-03,SNS-03,20.2,31.8,4.6,0,0,0.0,3.0,nenhuma,simulador_campo,0,32.2,20.4,-2.7,0.0,34.2,19.9,2026-09-29,4,madrugada,0
2026-09-29 04:30:00,TAL-03,SNS-03,20.3,31.9,1.4,0,0,0.0,2.9,nenhuma,simulador_campo,0,32.2,20.3,-1.9,0.0,34.2,19.9,2026-09-29,4,madrugada,0
2026-09-29 05:00:00,TAL-03,SNS-03,21.1,31.5,2.6,0,0,0.0,2.8,nenhuma,simulador_campo,0,32.1,20.5,-1.5,0.0,34.2,19.9,2026-09-29,5,madrugada,0
2026-09-29 05:30:00,TAL-03,SNS-03,21.1,31.6,1.9,0,0,0.0,3.0,nenhuma,simulador_campo,0,32.0,20.5,0.1,0.0,34.2,19.9,2026-09-29,5,madrugada,0
2026-09-29 06:00:00,TAL-03,SNS-03,22.9,31.1,0.0,0,0,0.0,2.8,nenhuma,simulador_campo,0,31.8,21.0,-0.4,0.0,34.2,19.9,2026-09-29,6,manha,0
2026-09-29 06:30:00,TAL-03,SNS-03,23.4,30.9,13.2,0,0,0.0,3.2,nenhuma,simulador_campo,0,31.5,21.5,-0.6,0.0,34.2,19.9,2026-09-29,6,manha,0
2026-09-29 07:00:00,TAL-03,SNS-03,22.9,30.5,26.7,0,0,0.0,2.8,nenhuma,simulador_campo,0,31.2,22.0,-1.3,0.0,34.2,19.9,2026-09-29,7,manha,0
2026-09-29 07:30:00,TAL-03,SNS-03,24.6,32.9,37.4,0,1,0.0,2.9,nenhuma,simulador_campo,0,31.4,22.7,1.1,0.0,34.2,19.9,2026-09-29,7,manha,0
2026-09-29 08:00:00,TAL-03,SNS-03,24.9,35.4,52.2,0,1,0.0,2.9,nenhuma,simulador_campo,0,32.1,23.3,3.2,0.0,34.2,19.9,2026-09-29,8,manha,0
2026-09-29 08:30:00,TAL-03,SNS-03,26.3,38.0,56.2,0,1,0.0,2.9,nenhuma,simulador_campo,0,33.1,24.2,5.3,0.0,34.2,19.9,2026-09-29,8,manha,0
2026-09-29 09:00:00,TAL-03,SNS-03,26.8,40.5,66.8,0,1,0.0,3.0,nenhuma,simulador_campo,0,34.7,24.8,7.9,0.0,34.2,19.9,2026-09-29,9,manha,0
2026-09-29 09:30:00,TAL-03,SNS-03,27.9,42.8,81.0,0,1,0.0,3.1,nenhuma,simulador_campo,0,36.7,25.6,11.0,0.0,34.2,19.9,2026-09-29,9,manha,0
2026-09-29 10:00:00,TAL-03,SNS-03,28.4,44.8,81.4,0,1,0.0,3.3,nenhuma,simulador_campo,0,39.1,26.5,12.9,0.0,34.2,19.9,2026-09-29,10,manha,0
2026-09-29 10:30:00,TAL-03,SNS-03,29.2,47.4,92.3,0,1,0.0,3.5,nenhuma,simulador_campo,0,41.5,27.2,15.9,0.0,34.2,19.9,2026-09-29,10,manha,0
2026-09-29 11:00:00,TAL-03,SNS-03,30.2,47.4,92.0,0,0,0.0,3.2,nenhuma,simulador_campo,0,43.5,28.1,15.8,0.0,34.2,19.9,2026-09-29,11,manha,0
2026-09-29 11:30:00,TAL-03,SNS-03,30.4,47.1,99.2,0,0,0.0,3.4,nenhuma,simulador_campo,0,45.0,28.8,16.0,0.0,34.2,19.9,2026-09-29,11,manha,0
2026-09-29 12:00:00,TAL-03,SNS-03,31.5,46.4,100.0,0,0,0.0,3.1,nenhuma,simulador_campo,0,46.0,29.6,15.5,0.0,34.2,19.9,2026-09-29,12,tarde,0
2026-09-29 12:30:00,TAL-03,SNS-03,32.6,46.099999999999994,99.8,0,0,0.0,3.1,nenhuma,simulador_campo,1,46.5,30.4,15.6,0.0,34.2,19.9,2026-09-29,12,tarde,0
2026-09-29 13:00:00,TAL-03,SNS-03,32.9,45.8,98.5,0,0,0.0,3.2,nenhuma,simulador_campo,0,46.7,31.1,12.9,0.0,34.2,19.9,2026-09-29,13,tarde,0
2026-09-29 13:30:00,TAL-03,SNS-03,32.2,45.0,98.9,0,0,0.0,3.0,nenhuma,simulador_campo,0,46.3,31.6,9.6,0.0,33.7,19.9,2026-09-29,13,tarde,0
2026-09-29 14:00:00,TAL-03,SNS-03,32.6,44.8,87.7,0,0,0.0,2.8,nenhuma,simulador_campo,0,45.9,32.0,6.8,0.0,33.7,19.9,2026-09-29,14,tarde,0
2026-09-29 14:30:00,TAL-03,SNS-03,34.2,44.5,87.2,0,0,0.0,2.6,nenhuma,simulador_campo,0,45.4,32.7,4.0,0.0,34.2,19.9,2026-09-29,14,tarde,0
2026-09-29 15:00:00,TAL-03,SNS-03,33.4,47.4,25.6,0,0,1.5,2.8,nenhuma,simulador_campo,0,45.6,33.0,4.6,1.5,34.2,19.9,2026-09-29,15,tarde,0
2026-09-29 15:30:00,TAL-03,SNS-03,33.9,51.1,24.0,0,0,1.5,3.3,nenhuma,simulador_campo,0,46.4,33.2,6.3,3.0,34.2,19.9,2026-09-29,15,tarde,0
2026-09-29 16:00:00,TAL-03,SNS-03,33.4,53.6,22.2,0,0,1.5,3.2,nenhuma,simulador_campo,0,47.7,33.3,6.2,4.5,34.2,19.9,2026-09-29,16,tarde,0
2026-09-29 16:30:00,TAL-03,SNS-03,33.7,56.4,17.2,0,0,1.5,3.6,nenhuma,simulador_campo,0,49.6,33.5,9.0,6.0,34.2,19.9,2026-09-29,16,tarde,0
2026-09-29 17:00:00,TAL-03,SNS-03,32.2,55.9,41.0,0,0,0.0,3.8,nenhuma,simulador_campo,0,51.5,33.5,8.8,6.0,34.2,19.9,2026-09-29,17,tarde,0
2026-09-29 17:30:00,TAL-03,SNS-03,33.3,55.5,23.8,0,0,0.0,4.0,nenhuma,simulador_campo,0,53.3,33.3,9.1,6.0,34.2,19.9,2026-09-29,17,tarde,0
2026-09-29 18:00:00,TAL-03,SNS-03,32.4,55.9,13.3,0,0,0.0,3.9,nenhuma,simulador_campo,0,54.7,33.2,9.8,6.0,34.2,19.9,2026-09-29,18,noite,0
2026-09-29 18:30:00,TAL-03,SNS-03,32.0,55.0,0.0,0,0,0.0,3.8,nenhuma,simulador_campo,0,55.4,32.8,9.2,6.0,34.2,19.9,2026-09-29,18,noite,0
2026-09-29 19:00:00,TAL-03,SNS-03,29.6,55.1,0.1,0,0,0.0,3.7,nenhuma,simulador_campo,1,55.6,32.2,10.1,6.0,34.2,19.9,2026-09-29,19,noite,0
2026-09-29 19:30:00,TAL-03,SNS-03,29.6,55.3,0.2,0,0,0.0,3.8,nenhuma,simulador_campo,0,55.4,31.5,10.5,6.0,34.2,19.9,2026-09-29,19,noite,0
2026-09-29 20:00:00,TAL-03,SNS-03,28.6,55.5,0.0,1,0,0.0,3.8,nenhuma,simulador_campo,0,55.4,30.9,11.0,6.0,34.2,19.9,2026-09-29,20,noite,0
2026-09-29 20:30:00,TAL-03,SNS-03,28.1,54.8,0.0,0,0,0.0,3.4,nenhuma,simulador_campo,0,55.3,30.0,7.4,6.0,34.2,19.9,2026-09-29,20,noite,0
2026-09-29 21:00:00,TAL-03,SNS-03,27.6,54.8,0.5,0,0,0.0,3.3,nenhuma,simulador_campo,0,55.1,29.2,3.7,6.0,34.2,19.9,2026-09-29,21,noite,0
2026-09-29 21:30:00,TAL-03,SNS-03,25.5,54.7,0.0,0,0,0.0,3.7,nenhuma,simulador_campo,0,55.0,28.2,1.1,6.0,34.2,19.9,2026-09-29,21,noite,0
2026-09-29 22:00:00,TAL-03,SNS-03,25.3,54.2,2.3,0,0,0.0,3.6,nenhuma,simulador_campo,0,54.9,27.4,-2.2,6.0,34.2,19.9,2026-09-29,22,noite,0
2026-09-29 22:30:00,TAL-03,SNS-03,25.1,53.4,1.2,0,0,0.0,3.4,nenhuma,simulador_campo,0,54.6,26.7,-2.5,6.0,34.2,19.9,2026-09-29,22,noite,0
2026-09-29 23:00:00,TAL-03,SNS-03,24.2,52.0,3.1,0,0,0.0,3.4,nenhuma,simulador_campo,0,54.0,26.0,-3.5,6.0,34.2,19.9,2026-09-29,23,noite,0
2026-09-29 23:30:00,TAL-03,SNS-03,23.2,52.0,2.2,0,0,0.0,3.3,nenhuma,simulador_campo,0,53.5,25.2,-3.9,6.0,34.2,19.9,2026-09-29,23,noite,0
2026-09-30 00:00:00,TAL-03,SNS-03,21.9,51.2,2.9,0,0,0.0,3.3,nenhuma,simulador_campo,0,52.9,24.2,-3.8,6.0,34.2,19.9,2026-09-30,0,madrugada,0
2026-09-30 00:30:00,TAL-03,SNS-03,20.7,51.6,2.6,0,0,0.0,3.3,nenhuma,simulador_campo,0,52.4,23.4,-3.5,6.0,34.2,19.9,2026-09-30,0,madrugada,0
2026-09-30 01:00:00,TAL-03,SNS-03,20.9,51.0,0.6,0,0,0.0,3.2,nenhuma,simulador_campo,0,51.9,22.7,-4.3,6.0,34.2,19.9,2026-09-30,1,madrugada,0
2026-09-30 01:30:00,TAL-03,SNS-03,20.5,50.2,3.5,0,0,0.0,3.3,nenhuma,simulador_campo,0,51.3,21.9,-5.3,6.0,34.2,19.9,2026-09-30,1,madrugada,0
2026-09-30 02:00:00,TAL-03,SNS-03,19.8,49.4,2.8,0,0,0.0,3.5,nenhuma,simulador_campo,0,50.9,21.2,-5.4,6.0,34.2,19.8,2026-09-30,2,madrugada,0
2026-09-30 02:30:00,TAL-03,SNS-03,20.2,49.1,3.3,0,0,0.0,3.6,nenhuma,simulador_campo,0,50.4,20.7,-5.7,6.0,34.2,19.8,2026-09-30,2,madrugada,0
2026-09-30 03:00:00,TAL-03,SNS-03,20.1,49.5,3.6,0,0,0.0,4.0,nenhuma,simulador_campo,0,50.1,20.4,-5.2,6.0,34.2,19.8,2026-09-30,3,madrugada,0
2026-09-30 03:30:00,TAL-03,SNS-03,20.2,50.0,0.8,0,0,0.0,4.0,nenhuma,simulador_campo,0,49.9,20.3,-4.2,6.0,34.2,19.8,2026-09-30,3,madrugada,0
2026-09-30 04:00:00,TAL-03,SNS-03,20.0,49.3,0.0,0,0,0.0,3.9,nenhuma,simulador_campo,0,49.6,20.1,-4.1,6.0,34.2,19.8,2026-09-30,4,madrugada,0
2026-09-30 04:30:00,TAL-03,SNS-03,20.5,48.5,2.6,0,0,0.0,4.0,nenhuma,simulador_campo,0,49.3,20.1,-3.5,6.0,34.2,19.8,2026-09-30,4,madrugada,0
2026-09-30 05:00:00,TAL-03,SNS-03,20.6,48.5,3.9,1,0,0.0,3.9,nenhuma,simulador_campo,0,49.2,20.3,-3.5,6.0,34.2,19.8,2026-09-30,5,madrugada,0
2026-09-30 05:30:00,TAL-03,SNS-03,22.3,48.4,6.6,0,0,0.0,4.1,nenhuma,simulador_campo,0,49.0,20.6,-2.8,6.0,34.2,19.8,2026-09-30,5,madrugada,0
2026-09-30 06:00:00,TAL-03,SNS-03,22.5,47.7,3.1,0,0,0.0,4.4,nenhuma,simulador_campo,0,48.7,21.0,-3.9,6.0,34.2,19.8,2026-09-30,6,manha,0
2026-09-30 06:30:00,TAL-03,SNS-03,22.6,47.2,8.3,0,0,0.0,4.5,nenhuma,simulador_campo,0,48.3,21.4,-3.8,6.0,34.2,19.8,2026-09-30,6,manha,0
2026-09-30 07:00:00,TAL-03,SNS-03,23.7,47.0,25.8,0,0,0.0,4.3,nenhuma,simulador_campo,0,47.9,22.0,-3.2,6.0,34.2,19.8,2026-09-30,7,manha,0
2026-09-30 07:30:00,TAL-03,SNS-03,23.3,47.0,35.1,0,0,0.0,4.4,nenhuma,simulador_campo,0,47.6,22.5,-2.4,6.0,34.2,19.8,2026-09-30,7,manha,0
2026-09-30 08:00:00,TAL-03,SNS-03,25.0,46.6,49.7,0,0,0.0,4.7,nenhuma,simulador_campo,0,47.3,23.2,-2.5,6.0,34.2,19.8,2026-09-30,8,manha,0
2026-09-30 08:30:00,TAL-03,SNS-03,25.0,45.9,60.1,0,0,0.0,4.9,nenhuma,simulador_campo,0,46.9,23.7,-3.6,6.0,34.2,19.8,2026-09-30,8,manha,0
2026-09-30 09:00:00,TAL-03,SNS-03,26.7,46.1,69.1,0,0,0.0,4.9,nenhuma,simulador_campo,0,46.6,24.4,-3.9,6.0,34.2,19.8,2026-09-30,9,manha,0
2026-09-30 09:30:00,TAL-03,SNS-03,28.8,46.0,75.9,0,0,0.0,5.0,nenhuma,simulador_campo,0,46.4,25.4,-3.3,6.0,34.2,19.8,2026-09-30,9,manha,0
2026-09-30 10:00:00,TAL-03,SNS-03,29.9,45.5,86.0,0,0,0.0,5.0,nenhuma,simulador_campo,0,46.2,26.4,-3.0,6.0,34.2,19.8,2026-09-30,10,manha,0
2026-09-30 10:30:00,TAL-03,SNS-03,29.7,45.0,89.7,0,0,0.0,5.1,nenhuma,simulador_campo,0,45.8,27.5,-3.5,6.0,34.2,19.8,2026-09-30,10,manha,0
2026-09-30 11:00:00,TAL-03,SNS-03,30.9,44.6,94.0,0,0,0.0,5.2,nenhuma,simulador_campo,0,45.5,28.5,-3.8,6.0,34.2,19.8,2026-09-30,11,manha,0
2026-09-30 11:30:00,TAL-03,SNS-03,32.0,44.8,100.0,0,0,0.0,5.3,nenhuma,simulador_campo,0,45.3,29.7,-2.9,6.0,34.2,19.8,2026-09-30,11,manha,0
2026-09-30 12:00:00,TAL-03,SNS-03,31.6,44.8,100.0,0,0,0.0,5.2,nenhuma,simulador_campo,0,45.1,30.5,-2.4,6.0,34.2,19.8,2026-09-30,12,tarde,0
2026-09-30 12:30:00,TAL-03,SNS-03,31.1,44.3,100.0,0,0,0.0,5.1,nenhuma,simulador_campo,0,44.8,30.9,-2.7,6.0,34.2,19.8,2026-09-30,12,tarde,0
2026-09-30 13:00:00,TAL-03,SNS-03,32.5,43.4,96.1,0,0,0.0,5.0,nenhuma,simulador_campo,0,44.5,31.3,-3.6,6.0,34.2,19.8,2026-09-30,13,tarde,0
2026-09-30 13:30:00,TAL-03,SNS-03,33.3,42.3,96.8,0,0,0.0,4.9,nenhuma,simulador_campo,0,44.0,31.9,-4.3,6.0,34.2,19.8,2026-09-30,13,tarde,0
2026-09-30 14:00:00,TAL-03,SNS-03,33.5,41.9,91.6,0,0,0.0,4.9,nenhuma,simulador_campo,0,43.6,32.3,-4.0,6.0,34.2,19.8,2026-09-30,14,tarde,0
2026-09-30 14:30:00,TAL-03,SNS-03,34.3,41.4,82.9,0,0,0.0,5.0,nenhuma,simulador_campo,0,43.0,32.7,-4.7,6.0,34.3,19.8,2026-09-30,14,tarde,0
2026-09-30 15:00:00,TAL-03,SNS-03,34.6,41.4,76.3,0,0,0.0,5.0,nenhuma,simulador_campo,0,42.4,33.2,-4.6,4.5,34.6,19.8,2026-09-30,15,tarde,0
2026-09-30 15:30:00,TAL-03,SNS-03,33.9,40.7,68.7,0,0,0.0,5.1,nenhuma,simulador_campo,0,41.8,33.7,-4.8,3.0,34.6,19.8,2026-09-30,15,tarde,0
2026-09-30 16:00:00,TAL-03,SNS-03,33.5,40.2,59.5,0,0,0.0,4.9,nenhuma,simulador_campo,0,41.3,33.8,-4.8,1.5,34.6,19.8,2026-09-30,16,tarde,0
2026-09-30 16:30:00,TAL-03,SNS-03,33.4,39.9,50.3,0,0,0.0,5.3,nenhuma,simulador_campo,0,40.9,33.9,-4.7,0.0,34.6,19.8,2026-09-30,16,tarde,0
2026-09-30 17:00:00,TAL-03,SNS-03,33.4,39.4,34.0,0,0,0.0,5.6,nenhuma,simulador_campo,0,40.5,33.8,-5.4,0.0,34.6,19.8,2026-09-30,17,tarde,0
2026-09-30 17:30:00,TAL-03,SNS-03,31.5,39.2,26.9,0,0,0.0,5.7,nenhuma,simulador_campo,0,40.1,33.4,-5.6,0.0,34.6,19.8,2026-09-30,17,tarde,0
2026-09-30 18:00:00,TAL-03,SNS-03,31.6,38.6,11.5,1,0,0.0,5.6,nenhuma,simulador_campo,0,39.7,32.9,-5.7,0.0,34.6,19.8,2026-09-30,18,noite,0
2026-09-30 18:30:00,TAL-03,SNS-03,32.0,38.4,0.8,0,0,0.0,5.7,nenhuma,simulador_campo,0,39.3,32.6,-5.0,0.0,34.6,19.8,2026-09-30,18,noite,0
2026-09-30 19:00:00,TAL-03,SNS-03,30.3,38.3,0.0,0,0,0.0,5.9,nenhuma,simulador_campo,0,39.0,32.0,-4.0,0.0,34.6,19.8,2026-09-30,19,noite,0
2026-09-30 19:30:00,TAL-03,SNS-03,29.3,37.3,7.3,0,0,0.0,6.0,nenhuma,simulador_campo,0,38.5,31.4,-4.6,0.0,34.6,19.8,2026-09-30,19,noite,0
2026-09-30 20:00:00,TAL-03,SNS-03,29.6,37.0,0.0,0,0,0.0,5.9,nenhuma,simulador_campo,0,38.1,30.7,-4.4,0.0,34.6,19.8,2026-09-30,20,noite,0
2026-09-30 20:30:00,TAL-03,SNS-03,28.3,36.8,6.9,0,0,0.0,5.8,nenhuma,simulador_campo,0,37.7,30.2,-4.6,0.0,34.6,19.8,2026-09-30,20,noite,0
2026-09-30 21:00:00,TAL-03,SNS-03,27.0,36.5,5.2,0,0,0.0,5.8,nenhuma,simulador_campo,0,37.4,29.4,-4.2,0.0,34.6,19.8,2026-09-30,21,noite,0
2026-09-30 21:30:00,TAL-03,SNS-03,26.2,35.6,1.5,0,0,0.0,5.8,nenhuma,simulador_campo,0,36.9,28.4,-4.6,0.0,34.6,19.8,2026-09-30,21,noite,0
2026-09-30 22:00:00,TAL-03,SNS-03,24.8,35.7,2.7,0,0,0.0,5.7,nenhuma,simulador_campo,0,36.5,27.5,-4.2,0.0,34.6,19.8,2026-09-30,22,noite,0
2026-09-30 22:30:00,TAL-03,SNS-03,24.1,35.6,2.5,0,0,0.0,5.6,nenhuma,simulador_campo,0,36.2,26.7,-3.8,0.0,34.6,19.8,2026-09-30,22,noite,0
2026-09-30 23:00:00,TAL-03,SNS-03,23.1,35.3,0.0,0,0,0.0,5.7,nenhuma,simulador_campo,0,35.9,25.6,-3.9,0.0,34.6,19.8,2026-09-30,23,noite,0
2026-09-30 23:30:00,TAL-03,SNS-03,22.9,34.5,3.2,0,0,0.0,5.8,nenhuma,simulador_campo,0,35.5,24.7,-4.1,0.0,34.6,19.8,2026-09-30,23,noite,0
2026-10-01 00:00:00,TAL-03,SNS-03,31.3,33.5,1.0,0,0,0.0,5.5,nenhuma,simulador_campo,0,35.0,25.4,-4.9,0.0,34.6,19.8,2026-10-01,0,madrugada,0
2026-10-01 00:30:00,TAL-03,SNS-03,30.3,33.0,2.1,0,0,0.0,5.1,nenhuma,simulador_campo,0,34.6,26.1,-5.3,0.0,34.6,19.8,2026-10-01,0,madrugada,0
2026-10-01 01:00:00,TAL-03,SNS-03,30.1,32.7,8.8,0,0,0.0,4.8,nenhuma,simulador_campo,0,34.1,27.0,-4.6,0.0,34.6,19.8,2026-10-01,1,madrugada,0
2026-10-01 01:30:00,TAL-03,SNS-03,29.9,32.9,4.3,0,0,0.0,5.1,nenhuma,simulador_campo,0,33.6,27.9,-4.1,0.0,34.6,19.8,2026-10-01,1,madrugada,0
2026-10-01 02:00:00,TAL-03,SNS-03,28.8,32.7,3.4,0,0,0.0,5.2,nenhuma,simulador_campo,0,33.2,28.9,-4.1,0.0,34.6,20.0,2026-10-01,2,madrugada,0
2026-10-01 02:30:00,TAL-03,SNS-03,29.0,32.8,1.7,0,0,0.0,5.1,nenhuma,simulador_campo,0,32.9,29.9,-3.7,0.0,34.6,20.0,2026-10-01,2,madrugada,0
2026-10-01 03:00:00,TAL-03,SNS-03,29.3,32.5,2.4,0,0,0.0,5.1,nenhuma,simulador_campo,0,32.8,29.6,-3.1,0.0,34.6,20.0,2026-10-01,3,madrugada,0
2026-10-01 03:30:00,TAL-03,SNS-03,28.8,32.6,1.0,0,0,0.0,4.8,nenhuma,simulador_campo,0,32.7,29.3,-3.1,0.0,34.6,20.0,2026-10-01,3,madrugada,0
2026-10-01 04:00:00,TAL-03,SNS-03,29.1,31.9,0.0,0,0,0.0,5.0,nenhuma,simulador_campo,0,32.6,29.1,-3.7,0.0,34.6,20.5,2026-10-01,4,madrugada,0
2026-10-01 04:30:00,TAL-03,SNS-03,28.7,31.5,0.4,0,0,0.0,4.9,nenhuma,simulador_campo,0,32.3,29.0,-3.8,0.0,34.6,20.6,2026-10-01,4,madrugada,0
2026-10-01 05:00:00,TAL-03,SNS-03,31.0,31.4,2.1,0,0,0.0,4.8,nenhuma,simulador_campo,0,32.1,29.3,-3.1,0.0,34.6,22.3,2026-10-01,5,madrugada,0
2026-10-01 05:30:00,TAL-03,SNS-03,31.1,30.8,4.9,0,0,0.0,4.6,nenhuma,simulador_campo,0,31.8,29.7,-2.7,0.0,34.6,22.5,2026-10-01,5,madrugada,0
2026-10-01 06:00:00,TAL-03,SNS-03,31.0,30.3,1.9,0,0,0.0,4.5,nenhuma,simulador_campo,0,31.4,30.0,-2.7,0.0,34.6,22.6,2026-10-01,6,manha,0
2026-10-01 06:30:00,TAL-03,SNS-03,31.9,30.1,14.8,0,0,0.0,4.5,nenhuma,simulador_campo,0,31.0,30.5,-2.6,0.0,34.6,22.9,2026-10-01,6,manha,0
2026-10-01 07:00:00,TAL-03,SNS-03,33.2,30.1,25.8,0,0,0.0,4.4,nenhuma,simulador_campo,0,30.7,31.1,-2.8,0.0,34.6,22.9,2026-10-01,7,manha,0
2026-10-01 07:30:00,TAL-03,SNS-03,33.0,32.7,33.2,0,1,0.0,4.5,nenhuma,simulador_campo,0,30.9,31.9,0.0,0.0,34.6,22.9,2026-10-01,7,manha,0
2026-10-01 08:00:00,TAL-03,SNS-03,33.7,35.5,52.7,0,1,0.0,4.4,nenhuma,simulador_campo,0,31.6,32.3,2.7,0.0,34.6,22.9,2026-10-01,8,manha,0
2026-10-01 08:30:00,TAL-03,SNS-03,34.7,37.8,58.5,0,1,0.0,4.4,nenhuma,simulador_campo,0,32.8,32.9,5.3,0.0,34.7,22.9,2026-10-01,8,manha,0
2026-10-01 09:00:00,TAL-03,SNS-03,36.4,40.2,71.5,0,1,0.0,4.5,nenhuma,simulador_campo,0,34.4,33.8,7.6,0.0,36.4,22.9,2026-10-01,9,manha,0
2026-10-01 09:30:00,TAL-03,SNS-03,36.5,42.3,78.8,0,1,0.0,4.1,nenhuma,simulador_campo,0,36.4,34.6,10.4,0.0,36.5,22.9,2026-10-01,9,manha,0
2026-10-01 10:00:00,TAL-03,SNS-03,38.1,44.7,86.3,0,1,0.0,4.2,nenhuma,simulador_campo,0,38.9,35.4,13.2,0.0,38.1,22.9,2026-10-01,10,manha,0
2026-10-01 10:30:00,TAL-03,SNS-03,38.2,46.8,91.1,0,1,0.0,4.8,nenhuma,simulador_campo,0,41.2,36.3,15.4,0.0,38.2,22.9,2026-10-01,10,manha,0
2026-10-01 11:00:00,TAL-03,SNS-03,38.8,45.7,97.6,0,0,0.0,4.9,nenhuma,simulador_campo,0,42.9,37.1,14.9,0.0,38.8,22.9,2026-10-01,11,manha,0
2026-10-01 11:30:00,TAL-03,SNS-03,39.9,45.3,97.7,0,0,0.0,4.5,nenhuma,simulador_campo,0,44.2,38.0,15.0,0.0,39.9,22.9,2026-10-01,11,manha,0
2026-10-01 12:00:00,TAL-03,SNS-03,41.6,44.3,99.3,0,0,0.0,4.6,nenhuma,simulador_campo,0,44.8,38.8,14.2,0.0,41.6,22.9,2026-10-01,12,tarde,0
2026-10-01 12:30:00,TAL-03,SNS-03,41.0,44.2,98.4,0,0,0.0,4.6,nenhuma,simulador_campo,0,45.2,39.6,14.1,0.0,41.6,22.9,2026-10-01,12,tarde,0
2026-10-01 13:00:00,TAL-03,SNS-03,42.3,44.4,100.0,0,0,0.0,4.7,nenhuma,simulador_campo,0,45.1,40.3,11.7,0.0,42.3,22.9,2026-10-01,13,tarde,0
2026-10-01 13:30:00,TAL-03,SNS-03,42.3,43.1,97.6,0,0,0.0,4.5,nenhuma,simulador_campo,0,44.5,41.0,7.6,0.0,42.3,22.9,2026-10-01,13,tarde,0
2026-10-01 14:00:00,TAL-03,SNS-03,43.3,42.8,90.9,0,0,0.0,4.7,nenhuma,simulador_campo,0,44.0,41.7,5.0,0.0,43.3,22.9,2026-10-01,14,tarde,0
2026-10-01 14:30:00,TAL-03,SNS-03,43.1,42.6,88.1,0,0,0.0,4.8,nenhuma,simulador_campo,0,43.6,42.3,2.4,0.0,43.3,22.9,2026-10-01,14,tarde,0
2026-10-01 15:00:00,TAL-03,SNS-03,42.9,42.2,73.9,0,0,0.0,4.7,nenhuma,simulador_campo,0,43.2,42.5,-0.1,0.0,43.3,22.9,2026-10-01,15,tarde,0
2026-10-01 15:30:00,TAL-03,SNS-03,42.6,42.2,66.0,0,0,0.0,4.5,nenhuma,simulador_campo,0,42.9,42.8,-2.5,0.0,43.3,22.9,2026-10-01,15,tarde,0
2026-10-01 16:00:00,TAL-03,SNS-03,42.7,41.9,56.2,0,0,0.0,4.6,nenhuma,simulador_campo,0,42.5,42.8,-4.9,0.0,43.3,22.9,2026-10-01,16,tarde,0
2026-10-01 16:30:00,TAL-03,SNS-03,41.8,40.7,51.2,0,0,0.0,4.8,nenhuma,simulador_campo,0,42.1,42.7,-5.0,0.0,43.3,22.9,2026-10-01,16,tarde,0
2026-10-01 17:00:00,TAL-03,SNS-03,42.2,40.2,39.7,0,0,0.0,4.7,nenhuma,simulador_campo,0,41.6,42.6,-5.1,0.0,43.3,22.9,2026-10-01,17,tarde,0
2026-10-01 17:30:00,TAL-03,SNS-03,41.2,40.3,26.0,0,0,0.0,4.8,nenhuma,simulador_campo,0,41.2,42.2,-4.0,0.0,43.3,22.9,2026-10-01,17,tarde,0
2026-10-01 18:00:00,TAL-03,SNS-03,40.5,40.5,12.5,0,0,0.0,4.9,nenhuma,simulador_campo,0,41.0,41.8,-3.7,0.0,43.3,22.9,2026-10-01,18,noite,0
2026-10-01 18:30:00,TAL-03,SNS-03,39.5,39.8,0.9,0,0,0.0,4.9,nenhuma,simulador_campo,0,40.6,41.3,-4.6,0.0,43.3,22.9,2026-10-01,18,noite,0
2026-10-01 19:00:00,TAL-03,SNS-03,39.2,39.3,1.0,0,0,0.0,4.9,nenhuma,simulador_campo,0,40.1,40.7,-3.8,0.0,43.3,22.9,2026-10-01,19,noite,0
2026-10-01 19:30:00,TAL-03,SNS-03,39.3,39.1,4.3,0,0,0.0,4.9,nenhuma,simulador_campo,0,39.9,40.3,-3.7,0.0,43.3,22.9,2026-10-01,19,noite,0
2026-10-01 20:00:00,TAL-03,SNS-03,36.9,38.3,1.0,0,0,0.0,4.7,nenhuma,simulador_campo,0,39.6,39.4,-4.3,0.0,43.3,22.9,2026-10-01,20,noite,0
2026-10-01 20:30:00,TAL-03,SNS-03,37.8,38.0,2.8,0,0,0.0,4.7,nenhuma,simulador_campo,0,39.2,38.9,-4.2,0.0,43.3,22.9,2026-10-01,20,noite,0
2026-10-01 21:00:00,TAL-03,SNS-03,35.5,37.6,2.1,0,0,0.0,4.7,nenhuma,simulador_campo,0,38.7,38.0,-4.6,0.0,43.3,22.9,2026-10-01,21,noite,0
2026-10-01 21:30:00,TAL-03,SNS-03,35.9,37.0,3.7,0,0,0.0,4.7,nenhuma,simulador_campo,0,38.2,37.4,-4.9,0.0,43.3,22.9,2026-10-01,21,noite,0
2026-10-01 22:00:00,TAL-03,SNS-03,34.4,36.7,0.3,0,0,0.0,4.3,nenhuma,simulador_campo,0,37.8,36.6,-4.0,0.0,43.3,22.9,2026-10-01,22,noite,0
2026-10-01 22:30:00,TAL-03,SNS-03,34.7,36.9,5.3,1,0,0.0,4.0,nenhuma,simulador_campo,0,37.4,35.9,-3.3,0.0,43.3,22.9,2026-10-01,22,noite,0
2026-10-01 23:00:00,TAL-03,SNS-03,32.4,36.8,0.9,0,0,0.0,4.1,nenhuma,simulador_campo,0,37.2,35.1,-3.5,0.0,43.3,22.9,2026-10-01,23,noite,0
2026-10-01 23:30:00,TAL-03,SNS-03,31.9,35.8,3.4,0,0,0.0,4.1,nenhuma,simulador_campo,0,36.8,34.1,-4.7,0.0,43.3,28.7,2026-10-01,23,noite,0
2026-10-02 00:00:00,TAL-03,SNS-03,31.0,35.4,2.0,0,0,0.0,4.0,nenhuma,simulador_campo,0,36.4,33.4,-4.4,0.0,43.3,28.7,2026-10-02,0,madrugada,0
2026-10-02 00:30:00,TAL-03,SNS-03,30.2,35.6,5.9,1,0,0.0,4.1,nenhuma,simulador_campo,0,36.2,32.4,-3.7,0.0,43.3,28.7,2026-10-02,0,madrugada,0
2026-10-02 01:00:00,TAL-03,SNS-03,29.6,34.9,4.4,1,0,0.0,3.8,nenhuma,simulador_campo,0,35.9,31.6,-4.2,0.0,43.3,28.7,2026-10-02,1,madrugada,0
2026-10-02 01:30:00,TAL-03,SNS-03,30.1,33.8,0.0,0,0,0.0,4.2,nenhuma,simulador_campo,0,35.4,30.9,-4.5,0.0,43.3,28.7,2026-10-02,1,madrugada,0
2026-10-02 02:00:00,TAL-03,SNS-03,28.8,33.6,5.8,0,0,0.0,4.4,nenhuma,simulador_campo,0,34.8,30.3,-4.4,0.0,43.3,28.7,2026-10-02,2,madrugada,0
2026-10-02 02:30:00,TAL-03,SNS-03,29.2,33.0,0.8,0,0,0.0,4.4,nenhuma,simulador_campo,0,34.4,29.8,-4.6,0.0,43.3,28.7,2026-10-02,2,madrugada,0
2026-10-02 03:00:00,TAL-03,SNS-03,29.3,32.4,2.9,0,0,0.0,4.3,nenhuma,simulador_campo,0,33.9,29.5,-4.6,0.0,43.3,28.7,2026-10-02,3,madrugada,0
2026-10-02 03:30:00,TAL-03,SNS-03,28.0,32.7,2.5,0,0,0.0,4.0,nenhuma,simulador_campo,0,33.4,29.2,-4.0,0.0,43.3,28.0,2026-10-02,3,madrugada,0
2026-10-02 04:30:00,TAL-03,SNS-03,30.0,32.2,4.9,0,0,0.0,4.1,nenhuma,simulador_campo,0,32.8,29.1,-4.6,0.0,43.3,28.0,2026-10-02,4,madrugada,0
2026-10-02 05:00:00,TAL-03,SNS-03,30.0,32.1,5.0,0,0,0.0,4.0,nenhuma,simulador_campo,0,32.5,29.3,-3.7,0.0,43.3,28.0,2026-10-02,5,madrugada,0
2026-10-02 05:30:00,TAL-03,SNS-03,30.5,32.1,3.2,0,0,0.0,3.7,nenhuma,simulador_campo,0,32.3,29.6,-3.3,0.0,43.3,28.0,2026-10-02,5,madrugada,0
2026-10-02 06:00:00,TAL-03,SNS-03,30.8,32.6,0.0,0,0,0.0,4.2,nenhuma,simulador_campo,0,32.3,29.9,-3.0,0.0,43.3,28.0,2026-10-02,6,manha,0
2026-10-02 06:30:00,TAL-03,SNS-03,32.6,32.6,16.2,0,0,0.0,4.1,nenhuma,simulador_campo,0,32.3,30.8,-2.3,0.0,43.3,28.0,2026-10-02,6,manha,0
2026-10-02 07:00:00,TAL-03,SNS-03,32.8,31.9,24.6,0,0,0.0,4.4,nenhuma,simulador_campo,0,32.2,31.1,-1.9,0.0,43.3,28.0,2026-10-02,7,manha,0
2026-10-02 07:30:00,TAL-03,SNS-03,33.4,31.1,32.7,0,0,0.0,4.5,nenhuma,simulador_campo,0,32.1,31.7,-2.5,0.0,43.3,28.0,2026-10-02,7,manha,0
2026-10-02 08:00:00,TAL-03,SNS-03,35.4,31.0,46.5,0,0,0.0,4.5,nenhuma,simulador_campo,0,31.9,32.6,-2.0,0.0,43.3,28.0,2026-10-02,8,manha,0
2026-10-02 08:30:00,TAL-03,SNS-03,35.4,30.6,59.6,0,0,0.0,4.2,nenhuma,simulador_campo,0,31.6,33.4,-1.8,0.0,43.3,28.0,2026-10-02,8,manha,0
2026-10-02 09:00:00,TAL-03,SNS-03,35.6,30.3,67.9,0,0,0.0,4.5,nenhuma,simulador_campo,0,31.2,34.2,-2.4,0.0,43.3,28.0,2026-10-02,9,manha,0
2026-10-02 09:30:00,TAL-03,SNS-03,36.7,32.3,74.9,0,1,0.0,4.5,nenhuma,simulador_campo,0,31.2,34.9,0.1,0.0,43.3,28.0,2026-10-02,9,manha,0
2026-10-02 10:00:00,TAL-03,SNS-03,37.0,34.6,87.2,0,1,0.0,4.5,nenhuma,simulador_campo,0,31.6,35.6,2.4,0.0,43.3,28.0,2026-10-02,10,manha,0
2026-10-02 10:30:00,TAL-03,SNS-03,39.7,37.5,91.2,0,1,0.0,4.5,nenhuma,simulador_campo,0,32.7,36.6,5.4,0.0,43.3,28.0,2026-10-02,10,manha,0
2026-10-02 11:00:00,TAL-03,SNS-03,39.4,40.0,89.2,0,1,0.0,4.5,nenhuma,simulador_campo,0,34.2,37.3,7.9,0.0,43.3,28.0,2026-10-02,11,manha,0
2026-10-02 11:30:00,TAL-03,SNS-03,41.5,42.2,97.9,0,1,0.0,4.5,nenhuma,simulador_campo,0,36.2,38.3,9.6,0.0,43.3,28.0,2026-10-02,11,manha,0
2026-10-02 12:00:00,TAL-03,SNS-03,41.0,45.3,100.0,0,1,0.0,4.6,nenhuma,simulador_campo,0,38.6,39.2,12.7,0.0,43.3,28.0,2026-10-02,12,tarde,0
2026-10-02 12:30:00,TAL-03,SNS-03,41.2,47.8,100.0,0,1,0.0,4.3,nenhuma,simulador_campo,0,41.2,40.0,15.9,0.0,43.3,28.0,2026-10-02,12,tarde,0
2026-10-02 13:00:00,TAL-03,SNS-03,42.8,46.8,95.8,0,0,0.0,4.3,nenhuma,simulador_campo,0,43.3,40.9,15.7,0.0,43.3,28.0,2026-10-02,13,tarde,0
2026-10-02 13:30:00,TAL-03,SNS-03,44.4,45.9,96.8,0,0,0.0,4.2,nenhuma,simulador_campo,0,44.7,41.7,14.9,0.0,44.4,28.0,2026-10-02,13,tarde,0
2026-10-02 14:00:00,TAL-03,SNS-03,42.1,45.4,89.6,0,0,0.0,4.2,nenhuma,simulador_campo,0,45.6,42.2,14.8,0.0,44.4,28.0,2026-10-02,14,tarde,0
2026-10-02 14:30:00,TAL-03,SNS-03,42.5,45.1,85.5,0,0,0.0,4.0,nenhuma,simulador_campo,0,46.0,42.3,14.8,0.0,44.4,28.0,2026-10-02,14,tarde,0
2026-10-02 15:00:00,TAL-03,SNS-03,42.8,44.4,76.6,0,0,0.0,4.0,nenhuma,simulador_campo,0,45.9,42.6,12.1,0.0,44.4,28.0,2026-10-02,15,tarde,0
2026-10-02 15:30:00,TAL-03,SNS-03,42.0,44.4,69.4,0,0,0.0,4.2,nenhuma,simulador_campo,0,45.3,42.8,9.8,0.0,44.4,28.0,2026-10-02,15,tarde,0
2026-10-02 16:00:00,TAL-03,SNS-03,42.7,43.6,57.8,0,0,0.0,4.3,nenhuma,simulador_campo,0,44.8,42.8,6.1,0.0,44.4,28.0,2026-10-02,16,tarde,0
2026-10-02 16:30:00,TAL-03,SNS-03,41.7,43.3,46.5,0,0,0.0,4.5,nenhuma,simulador_campo,0,44.4,42.3,3.3,0.0,44.4,28.0,2026-10-02,16,tarde,0
2026-10-02 17:00:00,TAL-03,SNS-03,41.6,43.0,32.7,0,0,0.0,4.2,nenhuma,simulador_campo,0,44.0,42.2,0.8,0.0,44.4,28.0,2026-10-02,17,tarde,0
2026-10-02 17:30:00,TAL-03,SNS-03,42.0,42.3,26.3,0,0,0.0,4.4,nenhuma,simulador_campo,0,43.5,42.1,-3.0,0.0,44.4,28.0,2026-10-02,17,tarde,0
2026-10-02 18:00:00,TAL-03,SNS-03,41.1,42.3,10.2,0,0,0.0,4.3,nenhuma,simulador_campo,0,43.2,41.8,-5.5,0.0,44.4,28.0,2026-10-02,18,noite,0
2026-10-02 18:30:00,TAL-03,SNS-03,40.4,41.3,0.0,0,0,0.0,4.2,nenhuma,simulador_campo,0,42.6,41.6,-5.5,0.0,44.4,28.0,2026-10-02,18,noite,0
2026-10-02 19:00:00,TAL-03,SNS-03,39.8,40.6,1.9,0,0,0.0,4.3,nenhuma,simulador_campo,0,42.1,41.1,-5.3,0.0,44.4,28.0,2026-10-02,19,noite,0
2026-10-02 19:30:00,TAL-03,SNS-03,37.9,40.4,1.4,0,0,0.0,4.4,nenhuma,simulador_campo,0,41.6,40.5,-5.0,0.0,44.4,28.0,2026-10-02,19,noite,0
2026-10-02 20:00:00,TAL-03,SNS-03,37.8,40.0,5.6,0,0,0.0,4.4,nenhuma,simulador_campo,0,41.2,39.8,-5.1,0.0,44.4,28.0,2026-10-02,20,noite,0
2026-10-02 20:30:00,TAL-03,SNS-03,37.0,39.5,4.6,0,0,0.0,4.4,nenhuma,simulador_campo,0,40.7,39.0,-4.9,0.0,44.4,28.0,2026-10-02,20,noite,0
2026-10-02 21:00:00,TAL-03,SNS-03,36.0,38.5,5.0,0,0,0.0,4.3,nenhuma,simulador_campo,0,40.1,38.2,-5.9,0.0,44.4,28.0,2026-10-02,21,noite,0
2026-10-02 21:30:00,TAL-03,SNS-03,35.6,38.5,2.5,0,0,0.0,4.1,nenhuma,simulador_campo,0,39.6,37.4,-5.1,0.0,44.4,28.0,2026-10-02,21,noite,0
2026-10-02 22:00:00,TAL-03,SNS-03,33.8,37.9,4.5,0,0,0.0,4.1,nenhuma,simulador_campo,0,39.1,36.4,-5.4,0.0,44.4,28.0,2026-10-02,22,noite,0
2026-10-02 22:30:00,TAL-03,SNS-03,32.6,37.6,0.4,0,0,0.0,4.0,nenhuma,simulador_campo,0,38.7,35.5,-5.4,0.0,44.4,28.0,2026-10-02,22,noite,0
2026-10-02 23:00:00,TAL-03,SNS-03,31.3,37.2,0.0,0,0,0.0,4.2,nenhuma,simulador_campo,0,38.2,34.4,-5.1,0.0,44.4,28.0,2026-10-02,23,noite,0
2026-10-02 23:30:00,TAL-03,SNS-03,32.3,36.8,3.1,0,0,0.0,4.3,nenhuma,simulador_campo,0,37.8,33.6,-5.5,0.0,44.4,28.0,2026-10-02,23,noite,0
2026-10-03 00:00:00,TAL-03,SNS-03,30.9,36.2,4.5,0,0,0.0,4.0,nenhuma,simulador_campo,0,37.4,32.8,-5.1,0.0,44.4,28.0,2026-10-03,0,madrugada,0
2026-10-03 00:30:00,TAL-03,SNS-03,30.3,35.3,1.2,0,0,0.0,4.1,nenhuma,simulador_campo,0,36.8,31.9,-5.3,0.0,44.4,28.0,2026-10-03,0,madrugada,0
2026-10-03 01:00:00,TAL-03,SNS-03,30.4,34.8,2.3,0,0,0.0,4.3,nenhuma,simulador_campo,0,36.3,31.3,-5.6,0.0,44.4,28.0,2026-10-03,1,madrugada,0
2026-10-03 01:30:00,TAL-03,SNS-03,29.3,33.9,3.1,0,0,0.0,4.3,nenhuma,simulador_campo,0,35.7,30.8,-6.1,0.0,44.4,28.0,2026-10-03,1,madrugada,0
2026-10-03 02:00:00,TAL-03,SNS-03,29.6,33.6,5.3,0,0,0.0,4.3,nenhuma,simulador_campo,0,35.1,30.5,-5.9,0.0,44.4,28.0,2026-10-03,2,madrugada,0
2026-10-03 02:30:00,TAL-03,SNS-03,28.8,33.8,2.7,0,0,0.0,3.6,nenhuma,simulador_campo,0,34.6,29.9,-4.7,0.0,44.4,28.0,2026-10-03,2,madrugada,0
2026-10-03 03:00:00,TAL-03,SNS-03,28.6,35.9,3.1,0,0,1.0,3.6,nenhuma,simulador_campo,0,34.6,29.5,-2.6,1.0,44.4,28.0,2026-10-03,3,madrugada,0
2026-10-03 03:30:00,TAL-03,SNS-03,29.2,37.8,0.0,0,0,1.0,3.6,nenhuma,simulador_campo,0,35.0,29.3,-0.1,2.0,44.4,28.6,2026-10-03,3,madrugada,0
2026-10-03 04:00:00,TAL-03,SNS-03,28.7,39.9,3.6,0,0,1.0,3.6,nenhuma,simulador_campo,0,35.8,29.0,2.3,3.0,44.4,28.6,2026-10-03,4,madrugada,0
2026-10-03 04:30:00,TAL-03,SNS-03,29.1,42.0,3.8,0,0,1.0,3.3,nenhuma,simulador_campo,0,37.2,29.0,4.8,4.0,44.4,28.6,2026-10-03,4,madrugada,0
2026-10-03 05:00:00,TAL-03,SNS-03,29.1,43.5,0.0,0,0,1.0,3.6,nenhuma,simulador_campo,0,38.8,28.9,6.7,5.0,44.4,28.6,2026-10-03,5,madrugada,0
2026-10-03 05:30:00,TAL-03,SNS-03,30.4,45.3,0.0,0,0,1.0,3.5,nenhuma,simulador_campo,0,40.7,29.2,9.1,6.0,44.4,28.6,2026-10-03,5,madrugada,0
2026-10-03 06:00:00,TAL-03,SNS-03,31.3,45.2,2.9,0,0,0.0,3.1,nenhuma,simulador_campo,0,42.3,29.6,9.9,6.0,44.4,28.6,2026-10-03,6,manha,0
2026-10-03 06:30:00,TAL-03,SNS-03,32.2,46.0,12.2,0,0,0.0,3.2,nenhuma,simulador_campo,0,43.6,30.1,11.2,6.0,44.4,28.6,2026-10-03,6,manha,0
2026-10-03 07:00:00,TAL-03,SNS-03,32.9,45.2,22.7,0,0,0.0,3.3,nenhuma,simulador_campo,0,44.5,30.8,11.3,6.0,44.4,28.6,2026-10-03,7,manha,0
2026-10-03 07:30:00,TAL-03,SNS-03,33.3,44.8,33.7,0,0,0.0,3.4,nenhuma,simulador_campo,0,45.0,31.5,11.2,6.0,44.4,28.6,2026-10-03,7,manha,0
2026-10-03 08:00:00,TAL-03,SNS-03,33.7,43.5,48.2,0,0,0.0,3.5,nenhuma,simulador_campo,0,45.0,32.3,9.7,6.0,44.4,28.6,2026-10-03,8,manha,0
2026-10-03 08:30:00,TAL-03,SNS-03,35.0,43.2,59.7,0,0,0.0,3.2,nenhuma,simulador_campo,0,44.7,33.1,7.3,6.0,44.4,28.6,2026-10-03,8,manha,0
2026-10-03 09:00:00,TAL-03,SNS-03,35.9,42.3,68.6,0,0,0.0,3.2,nenhuma,simulador_campo,0,44.2,33.8,4.5,6.0,44.4,28.6,2026-10-03,9,manha,0
2026-10-03 09:30:00,TAL-03,SNS-03,37.8,41.2,75.6,0,0,0.0,3.2,nenhuma,simulador_campo,0,43.4,34.8,1.3,6.0,44.4,28.6,2026-10-03,9,manha,0
2026-10-03 10:00:00,TAL-03,SNS-03,38.6,41.3,81.8,0,0,0.0,3.1,nenhuma,simulador_campo,0,42.7,35.7,-0.7,6.0,44.4,28.6,2026-10-03,10,manha,0
2026-10-03 10:30:00,TAL-03,SNS-03,38.6,40.7,88.3,1,0,0.0,2.8,nenhuma,simulador_campo,0,42.0,36.6,-2.8,6.0,44.4,28.6,2026-10-03,10,manha,0
2026-10-03 11:00:00,TAL-03,SNS-03,40.3,40.1,93.8,0,0,0.0,2.8,nenhuma,simulador_campo,0,41.5,37.7,-5.2,6.0,44.4,28.6,2026-10-03,11,manha,0
2026-10-03 11:30:00,TAL-03,SNS-03,41.0,39.4,98.9,0,0,0.0,2.6,nenhuma,simulador_campo,0,40.8,38.7,-5.8,6.0,44.4,28.6,2026-10-03,11,manha,0
2026-10-03 12:00:00,TAL-03,SNS-03,40.5,38.8,100.0,0,0,0.0,2.8,nenhuma,simulador_campo,0,40.2,39.5,-7.2,6.0,44.4,28.6,2026-10-03,12,tarde,0
2026-10-03 12:30:00,TAL-03,SNS-03,41.3,38.5,100.0,0,0,0.0,2.8,nenhuma,simulador_campo,0,39.8,40.0,-6.7,6.0,44.4,28.6,2026-10-03,12,tarde,0
2026-10-03 13:00:00,TAL-03,SNS-03,42.9,37.7,98.5,0,0,0.0,2.8,nenhuma,simulador_campo,0,39.2,40.8,-7.1,6.0,44.4,28.6,2026-10-03,13,tarde,0
2026-10-03 13:30:00,TAL-03,SNS-03,42.3,37.1,96.1,0,0,0.0,2.7,nenhuma,simulador_campo,0,38.6,41.4,-6.4,6.0,42.9,28.6,2026-10-03,13,tarde,0
2026-10-03 14:00:00,TAL-03,SNS-03,43.5,36.4,91.7,0,0,0.0,2.8,nenhuma,simulador_campo,0,38.0,41.9,-6.8,6.0,43.5,28.6,2026-10-03,14,tarde,0
2026-10-03 14:30:00,TAL-03,SNS-03,42.1,36.0,85.0,0,0,0.0,2.9,nenhuma,simulador_campo,0,37.4,42.1,-6.3,6.0,43.5,28.6,2026-10-03,14,tarde,0
2026-10-03 15:00:00,TAL-03,SNS-03,43.3,34.9,79.5,0,0,0.0,2.7,nenhuma,simulador_campo,0,36.8,42.6,-6.3,6.0,43.5,28.6,2026-10-03,15,tarde,0
2026-10-03 15:30:00,TAL-03,SNS-03,42.6,34.7,67.3,0,0,0.0,2.4,nenhuma,simulador_campo,0,36.1,42.8,-6.6,6.0,43.5,28.6,2026-10-03,15,tarde,0
2026-10-03 16:00:00,TAL-03,SNS-03,41.2,34.2,57.7,0,0,0.0,2.2,nenhuma,simulador_campo,0,35.6,42.5,-6.5,6.0,43.5,28.6,2026-10-03,16,tarde,0
2026-10-03 16:30:00,TAL-03,SNS-03,43.0,33.4,44.0,0,0,0.0,2.2,nenhuma,simulador_campo,0,34.9,42.6,-6.7,6.0,43.5,28.6,2026-10-03,16,tarde,0
2026-10-03 17:00:00,TAL-03,SNS-03,41.9,33.0,34.6,0,0,0.0,2.3,nenhuma,simulador_campo,0,34.4,42.4,-6.4,6.0,43.5,28.6,2026-10-03,17,tarde,0
2026-10-03 17:30:00,TAL-03,SNS-03,40.6,32.1,21.9,0,0,0.0,2.5,nenhuma,simulador_campo,0,33.7,42.1,-6.7,6.0,43.5,28.6,2026-10-03,17,tarde,0
2026-10-03 18:00:00,TAL-03,SNS-03,41.2,31.6,8.5,0,0,0.0,2.6,nenhuma,simulador_campo,0,33.2,41.8,-6.9,6.0,43.5,28.6,2026-10-03,18,noite,0
2026-10-03 18:30:00,TAL-03,SNS-03,39.9,31.5,1.8,0,0,0.0,2.9,nenhuma,simulador_campo,0,32.6,41.3,-6.2,6.0,43.5,28.6,2026-10-03,18,noite,0
2026-10-03 19:00:00,TAL-03,SNS-03,39.7,31.2,3.9,0,0,0.0,2.7,nenhuma,simulador_campo,0,32.1,41.1,-5.9,6.0,43.5,28.6,2026-10-03,19,noite,0
2026-10-03 19:30:00,TAL-03,SNS-03,38.9,30.4,0.0,0,0,0.0,2.8,nenhuma,simulador_campo,0,31.6,40.4,-6.0,6.0,43.5,28.6,2026-10-03,19,noite,0
2026-10-03 20:00:00,TAL-03,SNS-03,38.4,30.2,1.0,0,0,0.0,2.6,nenhuma,simulador_campo,0,31.2,39.8,-5.8,6.0,43.5,28.6,2026-10-03,20,noite,0
2026-10-03 20:30:00,TAL-03,SNS-03,35.9,32.9,3.6,0,1,0.0,2.9,nenhuma,simulador_campo,0,31.3,39.0,-2.0,6.0,43.5,28.6,2026-10-03,20,noite,0
2026-10-03 21:00:00,TAL-03,SNS-03,36.7,35.1,0.8,0,1,0.0,2.8,nenhuma,simulador_campo,0,31.9,38.2,0.4,6.0,43.5,28.6,2026-10-03,21,noite,0
2026-10-03 21:30:00,TAL-03,SNS-03,35.2,38.0,2.7,0,1,0.0,2.8,nenhuma,simulador_campo,0,33.0,37.5,3.8,6.0,43.5,28.6,2026-10-03,21,noite,0
2026-10-03 22:00:00,TAL-03,SNS-03,34.3,40.5,0.0,0,1,0.0,2.7,nenhuma,simulador_campo,0,34.5,36.6,7.1,6.0,43.5,28.6,2026-10-03,22,noite,0
2026-10-03 22:30:00,TAL-03,SNS-03,34.3,43.4,0.0,0,1,0.0,2.7,nenhuma,simulador_campo,0,36.7,35.8,10.4,6.0,43.5,28.6,2026-10-03,22,noite,0
2026-10-03 23:00:00,TAL-03,SNS-03,31.9,46.3,1.9,0,1,0.0,3.0,nenhuma,simulador_campo,0,39.4,34.7,14.2,6.0,43.5,28.6,2026-10-03,23,noite,0
2026-10-03 23:30:00,TAL-03,SNS-03,30.5,46.3,0.0,0,0,0.0,2.9,nenhuma,simulador_campo,0,41.6,33.8,14.7,6.0,43.5,28.6,2026-10-03,23,noite,0
2026-10-04 00:00:00,TAL-03,SNS-03,30.9,46.4,0.8,0,0,0.0,2.9,nenhuma,simulador_campo,0,43.5,32.8,14.9,6.0,43.5,28.6,2026-10-04,0,madrugada,0
2026-10-04 00:30:00,TAL-03,SNS-03,30.3,46.7,4.0,0,0,0.0,3.0,nenhuma,simulador_campo,0,44.9,32.0,15.5,6.0,43.5,28.6,2026-10-04,0,madrugada,0
2026-10-04 01:00:00,TAL-03,SNS-03,29.2,46.4,6.5,0,0,0.0,3.3,nenhuma,simulador_campo,0,45.9,31.2,16.0,6.0,43.5,28.6,2026-10-04,1,madrugada,0
2026-10-04 01:30:00,TAL-03,SNS-03,29.3,45.5,3.3,0,0,0.0,3.2,nenhuma,simulador_campo,0,46.3,30.4,15.3,6.0,43.5,28.6,2026-10-04,1,madrugada,0
2026-10-04 02:00:00,TAL-03,SNS-03,29.5,45.3,5.5,0,0,0.0,3.1,nenhuma,simulador_campo,0,46.1,30.0,12.4,6.0,43.5,28.6,2026-10-04,2,madrugada,0
2026-10-04 02:30:00,TAL-03,SNS-03,28.9,45.7,0.0,0,0,0.0,3.2,nenhuma,simulador_campo,0,46.0,29.7,10.6,6.0,43.5,28.6,2026-10-04,2,madrugada,0
2026-10-04 03:00:00,TAL-03,SNS-03,27.3,45.1,2.7,0,0,0.0,3.0,nenhuma,simulador_campo,0,45.8,29.1,7.1,5.0,43.5,27.3,2026-10-04,3,madrugada,0
2026-10-04 03:30:00,TAL-03,SNS-03,29.3,45.0,0.0,0,0,0.0,3.2,nenhuma,simulador_campo,0,45.5,28.9,4.5,4.0,43.5,27.3,2026-10-04,3,madrugada,0
2026-10-04 04:00:00,TAL-03,SNS-03,28.7,44.2,1.3,0,0,0.0,3.1,nenhuma,simulador_campo,0,45.1,28.8,0.8,3.0,43.5,27.3,2026-10-04,4,madrugada,0
2026-10-04 04:30:00,TAL-03,SNS-03,29.6,43.6,4.0,0,0,0.0,3.0,nenhuma,simulador_campo,0,44.8,28.9,-2.7,2.0,43.5,27.3,2026-10-04,4,madrugada,0
2026-10-04 05:00:00,TAL-03,SNS-03,29.1,42.6,0.0,0,0,0.0,3.1,nenhuma,simulador_campo,0,44.4,28.8,-3.7,1.0,43.5,27.3,2026-10-04,5,madrugada,0
2026-10-04 05:30:00,TAL-03,SNS-03,30.2,42.4,0.0,0,0,0.0,2.8,nenhuma,simulador_campo,0,43.8,29.0,-4.0,0.0,43.5,27.3,2026-10-04,5,madrugada,0
2026-10-04 06:00:00,TAL-03,SNS-03,31.2,41.4,0.0,0,0,0.0,2.9,nenhuma,simulador_campo,0,43.2,29.7,-5.3,0.0,43.5,27.3,2026-10-04,6,manha,0
2026-10-04 06:30:00,TAL-03,SNS-03,32.5,41.2,13.9,0,0,0.0,2.7,nenhuma,simulador_campo,0,42.6,30.2,-5.2,0.0,43.5,27.3,2026-10-04,6,manha,0
2026-10-04 07:00:00,TAL-03,SNS-03,31.9,40.3,27.8,0,0,0.0,2.8,nenhuma,simulador_campo,0,41.9,30.8,-5.2,0.0,43.5,27.3,2026-10-04,7,manha,0
2026-10-04 07:30:00,TAL-03,SNS-03,33.3,40.7,34.7,0,0,0.0,2.7,nenhuma,simulador_campo,0,41.4,31.4,-4.6,0.0,43.5,27.3,2026-10-04,7,manha,0
2026-10-04 08:00:00,TAL-03,SNS-03,35.5,40.3,49.2,0,0,0.0,2.4,nenhuma,simulador_campo,0,41.0,32.4,-5.4,0.0,43.5,27.3,2026-10-04,8,manha,0
2026-10-04 08:30:00,TAL-03,SNS-03,35.7,39.9,59.6,0,0,0.0,2.4,nenhuma,simulador_campo,0,40.6,33.4,-5.2,0.0,43.5,27.3,2026-10-04,8,manha,0
2026-10-04 09:00:00,TAL-03,SNS-03,36.3,39.4,65.8,0,0,0.0,2.5,nenhuma,simulador_campo,0,40.3,34.2,-5.6,0.0,43.5,27.3,2026-10-04,9,manha,0
2026-10-04 09:30:00,TAL-03,SNS-03,37.2,39.2,75.8,0,0,0.0,2.6,nenhuma,simulador_campo,0,40.0,35.0,-5.0,0.0,43.5,27.3,2026-10-04,9,manha,0
2026-10-04 10:00:00,TAL-03,SNS-03,38.1,39.0,84.5,0,0,0.0,2.9,nenhuma,simulador_campo,0,39.8,36.0,-4.6,0.0,43.5,27.3,2026-10-04,10,manha,0
2026-10-04 10:30:00,TAL-03,SNS-03,37.6,38.5,91.7,0,0,0.0,3.2,nenhuma,simulador_campo,0,39.4,36.7,-4.1,0.0,43.5,27.3,2026-10-04,10,manha,0
2026-10-04 11:00:00,TAL-03,SNS-03,39.9,37.9,91.3,0,0,0.0,3.2,nenhuma,simulador_campo,0,39.0,37.5,-4.5,0.0,43.5,27.3,2026-10-04,11,manha,0
2026-10-04 11:30:00,TAL-03,SNS-03,40.6,36.2,97.8,0,0,0.0,3.3,nenhuma,simulador_campo,0,38.4,38.3,-5.2,0.0,43.5,27.3,2026-10-04,11,manha,0
2026-10-04 12:00:00,TAL-03,SNS-03,41.0,35.5,100.0,0,0,0.0,3.2,nenhuma,simulador_campo,0,37.7,39.1,-5.7,0.0,43.5,27.3,2026-10-04,12,tarde,0
2026-10-04 12:30:00,TAL-03,SNS-03,41.1,35.0,100.0,0,0,0.0,3.1,nenhuma,simulador_campo,0,37.0,39.7,-5.3,0.0,43.5,27.3,2026-10-04,12,tarde,0
2026-10-04 13:00:00,TAL-03,SNS-03,41.7,34.5,99.2,0,0,0.0,2.7,nenhuma,simulador_campo,0,36.3,40.3,-6.2,0.0,43.5,27.3,2026-10-04,13,tarde,0
2026-10-04 13:30:00,TAL-03,SNS-03,41.8,33.8,97.2,0,0,0.0,2.7,nenhuma,simulador_campo,0,35.5,41.0,-6.5,0.0,43.5,27.3,2026-10-04,13,tarde,0
2026-10-04 14:00:00,TAL-03,SNS-03,44.1,32.7,90.8,0,0,0.0,2.8,nenhuma,simulador_campo,0,34.6,41.7,-7.2,0.0,44.1,27.3,2026-10-04,14,tarde,0
2026-10-04 14:30:00,TAL-03,SNS-03,42.9,32.7,83.9,0,0,0.0,2.7,nenhuma,simulador_campo,0,34.0,42.1,-6.7,0.0,44.1,27.3,2026-10-04,14,tarde,0
2026-10-04 15:00:00,TAL-03,SNS-03,41.8,32.4,78.9,0,0,0.0,2.5,nenhuma,simulador_campo,0,33.5,42.2,-6.8,0.0,44.1,27.3,2026-10-04,15,tarde,0
2026-10-04 15:30:00,TAL-03,SNS-03,43.7,31.4,70.1,0,0,0.0,2.8,nenhuma,simulador_campo,0,32.9,42.7,-7.6,0.0,44.1,27.3,2026-10-04,15,tarde,0
2026-10-04 16:00:00,TAL-03,SNS-03,42.7,31.1,56.1,0,0,0.0,2.9,nenhuma,simulador_campo,0,32.4,42.8,-7.4,0.0,44.1,27.3,2026-10-04,16,tarde,0
2026-10-04 16:30:00,TAL-03,SNS-03,42.8,30.3,50.5,1,0,0.0,2.6,nenhuma,simulador_campo,0,31.8,43.0,-7.6,0.0,44.1,27.3,2026-10-04,16,tarde,0
2026-10-04 17:00:00,TAL-03,SNS-03,42.3,32.6,37.4,0,1,0.0,2.7,nenhuma,simulador_campo,0,31.8,42.7,-3.6,0.0,44.1,27.3,2026-10-04,17,tarde,0
2026-10-04 17:30:00,TAL-03,SNS-03,41.6,36.0,25.3,0,1,0.0,2.9,nenhuma,simulador_campo,0,32.3,42.5,0.5,0.0,44.1,27.3,2026-10-04,17,tarde,0
2026-10-04 18:00:00,TAL-03,SNS-03,41.7,38.1,8.3,0,1,0.0,2.7,nenhuma,simulador_campo,0,33.2,42.5,3.1,0.0,44.1,27.3,2026-10-04,18,noite,0
2026-10-04 18:30:00,TAL-03,SNS-03,40.5,40.3,0.0,0,1,0.0,2.3,nenhuma,simulador_campo,0,34.7,41.9,5.8,0.0,44.1,27.3,2026-10-04,18,noite,0
2026-10-04 19:00:00,TAL-03,SNS-03,40.7,42.9,1.9,0,1,0.0,2.5,nenhuma,simulador_campo,0,36.7,41.6,9.1,0.0,44.1,27.3,2026-10-04,19,noite,0
2026-10-04 19:30:00,TAL-03,SNS-03,37.8,44.7,0.0,0,1,0.0,2.7,nenhuma,simulador_campo,0,39.1,40.8,12.0,0.0,44.1,27.3,2026-10-04,19,noite,0
2026-10-04 20:00:00,TAL-03,SNS-03,37.7,47.4,1.4,0,1,0.0,2.5,nenhuma,simulador_campo,0,41.6,40.0,14.7,0.0,44.1,27.3,2026-10-04,20,noite,0
2026-10-04 20:30:00,TAL-03,SNS-03,38.3,46.6,2.9,0,0,0.0,2.6,nenhuma,simulador_campo,0,43.3,39.4,14.2,0.0,44.1,27.3,2026-10-04,20,noite,0
2026-10-04 21:00:00,TAL-03,SNS-03,35.7,46.7,1.2,0,0,0.0,2.9,nenhuma,simulador_campo,0,44.8,38.4,15.3,0.0,44.1,27.3,2026-10-04,21,noite,0
2026-10-04 21:30:00,TAL-03,SNS-03,34.3,46.4,0.0,0,0,0.0,2.9,nenhuma,simulador_campo,0,45.8,37.4,15.3,0.0,44.1,27.3,2026-10-04,21,noite,0
2026-10-04 22:00:00,TAL-03,SNS-03,34.2,46.4,5.8,0,0,0.0,3.2,nenhuma,simulador_campo,0,46.4,36.3,16.1,0.0,44.1,27.3,2026-10-04,22,noite,0
2026-10-04 22:30:00,TAL-03,SNS-03,33.1,46.5,1.4,0,0,0.0,3.0,nenhuma,simulador_campo,0,46.7,35.6,13.9,0.0,44.1,27.3,2026-10-04,22,noite,0
2026-10-04 23:00:00,TAL-03,SNS-03,33.1,46.6,0.9,0,0,0.0,2.7,nenhuma,simulador_campo,0,46.5,34.8,10.6,0.0,44.1,27.3,2026-10-04,23,noite,0
2026-10-04 23:30:00,TAL-03,SNS-03,31.7,46.4,3.8,0,0,0.0,2.5,nenhuma,simulador_campo,0,46.5,33.7,8.3,0.0,44.1,27.3,2026-10-04,23,noite,0
2026-09-28 00:00:00,TAL-04,SNS-04,18.5,53.1,3.9,0,0,0.0,5.4,nenhuma,simulador_campo,0,53.1,18.5,0.0,0.0,18.5,18.5,2026-09-28,0,madrugada,0
2026-09-28 00:30:00,TAL-04,SNS-04,17.0,52.2,0.0,0,0,0.0,5.5,nenhuma,simulador_campo,0,52.6,17.8,-0.9,0.0,18.5,17.0,2026-09-28,0,madrugada,0
2026-09-28 01:00:00,TAL-04,SNS-04,18.0,52.3,2.0,0,0,0.0,5.7,nenhuma,simulador_campo,0,52.5,17.8,-0.8,0.0,18.5,17.0,2026-09-28,1,madrugada,0
2026-09-28 01:30:00,TAL-04,SNS-04,17.1,51.6,0.0,0,0,0.0,5.5,nenhuma,simulador_campo,0,52.3,17.6,-1.5,0.0,18.5,17.0,2026-09-28,1,madrugada,0
2026-09-28 02:00:00,TAL-04,SNS-04,17.6,51.3,5.4,0,0,0.0,5.5,nenhuma,simulador_campo,0,52.1,17.6,-1.8,0.0,18.5,17.0,2026-09-28,2,madrugada,0
2026-09-28 02:30:00,TAL-04,SNS-04,16.8,49.8,5.6,0,0,0.0,5.7,nenhuma,simulador_campo,0,51.7,17.5,-3.3,0.0,18.5,16.8,2026-09-28,2,madrugada,0
2026-09-28 03:00:00,TAL-04,SNS-04,18.0,50.1,1.4,0,0,0.0,6.0,nenhuma,simulador_campo,0,51.2,17.4,-3.0,0.0,18.5,16.8,2026-09-28,3,madrugada,0
2026-09-28 03:30:00,TAL-04,SNS-04,16.2,50.2,4.3,0,0,0.0,6.2,nenhuma,simulador_campo,0,50.9,17.3,-2.9,0.0,18.5,16.2,2026-09-28,3,madrugada,0
2026-09-28 04:00:00,TAL-04,SNS-04,17.6,49.1,2.9,0,0,0.0,6.2,nenhuma,simulador_campo,0,50.4,17.2,-4.0,0.0,18.5,16.2,2026-09-28,4,madrugada,0
2026-09-28 04:30:00,TAL-04,SNS-04,17.4,49.2,0.0,0,0,0.0,6.3,nenhuma,simulador_campo,0,49.9,17.3,-3.9,0.0,18.5,16.2,2026-09-28,4,madrugada,0
2026-09-28 05:00:00,TAL-04,SNS-04,17.6,49.1,2.7,0,0,0.0,6.2,nenhuma,simulador_campo,0,49.6,17.3,-4.0,0.0,18.5,16.2,2026-09-28,5,madrugada,0
2026-09-28 05:30:00,TAL-04,SNS-04,18.6,48.2,1.9,0,0,0.0,6.4,nenhuma,simulador_campo,0,49.3,17.6,-4.9,0.0,18.6,16.2,2026-09-28,5,madrugada,0
2026-09-28 06:00:00,TAL-04,SNS-04,18.8,48.6,0.0,0,0,0.0,6.3,nenhuma,simulador_campo,0,49.1,17.7,-3.6,0.0,18.8,16.2,2026-09-28,6,manha,0
2026-09-28 06:30:00,TAL-04,SNS-04,20.3,48.4,9.5,0,0,0.0,6.1,nenhuma,simulador_campo,0,48.8,18.4,-3.9,0.0,20.3,16.2,2026-09-28,6,manha,0
2026-09-28 07:00:00,TAL-04,SNS-04,20.7,47.6,25.6,0,0,0.0,6.2,nenhuma,simulador_campo,0,48.5,18.9,-4.0,0.0,20.7,16.2,2026-09-28,7,manha,0
2026-09-28 07:30:00,TAL-04,SNS-04,20.1,47.5,38.5,0,0,0.0,6.3,nenhuma,simulador_campo,0,48.2,19.4,-3.8,0.0,20.7,16.2,2026-09-28,7,manha,0
2026-09-28 08:00:00,TAL-04,SNS-04,21.4,47.7,45.9,1,0,0.0,6.3,nenhuma,simulador_campo,0,48.0,20.0,-2.1,0.0,21.4,16.2,2026-09-28,8,manha,0
2026-09-28 08:30:00,TAL-04,SNS-04,23.2,46.9,59.6,0,0,0.0,5.9,nenhuma,simulador_campo,0,47.8,20.8,-3.2,0.0,23.2,16.2,2026-09-28,8,manha,0
2026-09-28 09:00:00,TAL-04,SNS-04,24.4,46.5,65.2,0,0,0.0,5.8,nenhuma,simulador_campo,0,47.4,21.7,-3.7,0.0,24.4,16.2,2026-09-28,9,manha,0
2026-09-28 09:30:00,TAL-04,SNS-04,24.3,46.7,76.8,0,0,0.0,5.7,nenhuma,simulador_campo,0,47.2,22.3,-2.4,0.0,24.4,16.2,2026-09-28,9,manha,0
2026-09-28 10:00:00,TAL-04,SNS-04,26.1,46.9,86.6,0,0,0.0,5.6,nenhuma,simulador_campo,0,47.0,23.2,-2.3,0.0,26.1,16.2,2026-09-28,10,manha,0
2026-09-28 10:30:00,TAL-04,SNS-04,26.6,46.6,90.6,0,0,0.0,5.7,nenhuma,simulador_campo,0,46.9,24.3,-2.5,0.0,26.6,16.2,2026-09-28,10,manha,0
2026-09-28 11:00:00,TAL-04,SNS-04,28.0,46.3,96.2,0,0,0.0,5.5,nenhuma,simulador_campo,0,46.7,25.4,-1.9,0.0,28.0,16.2,2026-09-28,11,manha,0
2026-09-28 11:30:00,TAL-04,SNS-04,28.4,45.9,95.3,0,0,0.0,5.6,nenhuma,simulador_campo,0,46.5,26.3,-2.7,0.0,28.4,16.2,2026-09-28,11,manha,0
2026-09-28 12:00:00,TAL-04,SNS-04,28.3,45.3,95.0,0,0,0.0,5.6,nenhuma,simulador_campo,0,46.3,27.0,-3.1,0.0,28.4,16.2,2026-09-28,12,tarde,0
2026-09-28 12:30:00,TAL-04,SNS-04,30.4,44.8,100.0,0,0,0.0,5.8,nenhuma,simulador_campo,0,46.0,28.0,-2.8,0.0,30.4,16.2,2026-09-28,12,tarde,0
2026-09-28 13:00:00,TAL-04,SNS-04,30.4,45.1,95.1,0,0,0.0,5.9,nenhuma,simulador_campo,0,45.7,28.7,-2.4,0.0,30.4,16.2,2026-09-28,13,tarde,0
2026-09-28 13:30:00,TAL-04,SNS-04,30.9,44.5,98.2,0,0,0.0,5.9,nenhuma,simulador_campo,0,45.3,29.4,-3.2,0.0,30.9,16.2,2026-09-28,13,tarde,0
2026-09-28 14:00:00,TAL-04,SNS-04,30.6,44.0,87.8,0,0,0.0,6.0,nenhuma,simulador_campo,0,44.9,29.8,-2.9,0.0,30.9,16.2,2026-09-28,14,tarde,0
2026-09-28 14:30:00,TAL-04,SNS-04,30.5,43.6,87.5,0,0,0.0,6.1,nenhuma,simulador_campo,0,44.6,30.2,-2.9,0.0,30.9,16.2,2026-09-28,14,tarde,0
2026-09-28 15:00:00,TAL-04,SNS-04,31.4,43.3,75.6,0,0,0.0,6.3,nenhuma,simulador_campo,0,44.2,30.7,-3.4,0.0,31.4,16.2,2026-09-28,15,tarde,0
2026-09-28 15:30:00,TAL-04,SNS-04,31.2,43.4,67.7,0,0,0.0,6.2,nenhuma,simulador_campo,0,44.0,30.8,-3.5,0.0,31.4,16.2,2026-09-28,15,tarde,0
2026-09-28 16:00:00,TAL-04,SNS-04,31.4,42.3,61.2,0,0,0.0,5.8,nenhuma,simulador_campo,0,43.5,31.0,-4.3,0.0,31.4,16.2,2026-09-28,16,tarde,0
2026-09-28 16:30:00,TAL-04,SNS-04,31.1,42.2,50.4,0,0,0.0,5.9,nenhuma,simulador_campo,0,43.1,31.0,-4.1,0.0,31.4,16.2,2026-09-28,16,tarde,0
2026-09-28 17:00:00,TAL-04,SNS-04,29.7,41.4,37.1,0,0,0.0,6.2,nenhuma,simulador_campo,0,42.7,30.9,-4.5,0.0,31.4,16.2,2026-09-28,17,tarde,0
2026-09-28 17:30:00,TAL-04,SNS-04,29.8,40.9,22.1,0,0,0.0,6.2,nenhuma,simulador_campo,0,42.2,30.8,-4.4,0.0,31.4,16.2,2026-09-28,17,tarde,0
2026-09-28 18:00:00,TAL-04,SNS-04,29.1,40.9,11.9,0,0,0.0,6.0,nenhuma,simulador_campo,0,41.8,30.4,-3.9,0.0,31.4,16.2,2026-09-28,18,noite,0
2026-09-28 18:30:00,TAL-04,SNS-04,27.3,40.5,0.0,0,0,0.0,6.3,nenhuma,simulador_campo,0,41.4,29.7,-4.6,0.0,31.4,16.2,2026-09-28,18,noite,0
2026-09-28 19:00:00,TAL-04,SNS-04,27.5,40.7,4.1,0,0,0.0,6.1,nenhuma,simulador_campo,0,41.1,29.1,-3.8,0.0,31.4,16.2,2026-09-28,19,noite,0
2026-09-28 19:30:00,TAL-04,SNS-04,26.6,40.8,3.8,0,0,0.0,6.2,nenhuma,simulador_campo,0,40.9,28.3,-3.2,0.0,31.4,16.2,2026-09-28,19,noite,0
2026-09-28 20:00:00,TAL-04,SNS-04,26.5,40.8,2.4,0,0,0.0,5.8,nenhuma,simulador_campo,0,40.8,27.8,-2.8,0.0,31.4,16.2,2026-09-28,20,noite,0
2026-09-28 20:30:00,TAL-04,SNS-04,25.0,40.4,2.6,0,0,0.0,5.3,nenhuma,simulador_campo,0,40.7,27.0,-2.9,0.0,31.4,16.2,2026-09-28,20,noite,0
2026-09-28 21:00:00,TAL-04,SNS-04,23.8,39.9,3.1,0,0,0.0,5.4,nenhuma,simulador_campo,0,40.5,26.1,-3.5,0.0,31.4,16.2,2026-09-28,21,noite,0
2026-09-28 21:30:00,TAL-04,SNS-04,23.7,39.0,0.0,0,0,0.0,5.5,nenhuma,simulador_campo,0,40.3,25.5,-3.3,0.0,31.4,16.2,2026-09-28,21,noite,0
2026-09-28 22:00:00,TAL-04,SNS-04,21.3,38.2,3.5,0,0,0.0,5.5,nenhuma,simulador_campo,0,39.8,24.5,-4.0,0.0,31.4,16.2,2026-09-28,22,noite,0
2026-09-28 22:30:00,TAL-04,SNS-04,22.5,38.3,3.2,0,0,0.0,5.6,nenhuma,simulador_campo,0,39.4,23.8,-3.1,0.0,31.4,16.2,2026-09-28,22,noite,0
2026-09-28 23:00:00,TAL-04,SNS-04,21.2,38.1,2.3,0,0,0.0,5.5,nenhuma,simulador_campo,0,39.0,22.9,-2.8,0.0,31.4,16.2,2026-09-28,23,noite,0
2026-09-28 23:30:00,TAL-04,SNS-04,19.7,37.5,3.1,0,0,0.0,5.1,nenhuma,simulador_campo,0,38.5,22.0,-3.4,0.0,31.4,16.2,2026-09-28,23,noite,0
2026-09-29 00:00:00,TAL-04,SNS-04,18.5,37.6,3.5,0,0,0.0,5.3,nenhuma,simulador_campo,0,38.1,21.2,-2.9,0.0,31.4,16.2,2026-09-29,0,madrugada,0
2026-09-29 00:30:00,TAL-04,SNS-04,18.3,37.4,2.6,0,0,0.0,5.4,nenhuma,simulador_campo,0,37.8,20.2,-3.3,0.0,31.4,16.2,2026-09-29,0,madrugada,0
2026-09-29 01:00:00,TAL-04,SNS-04,18.7,37.3,2.9,0,0,0.0,5.8,nenhuma,simulador_campo,0,37.7,19.8,-3.5,0.0,31.4,16.2,2026-09-29,1,madrugada,0
2026-09-29 01:30:00,TAL-04,SNS-04,17.2,37.1,4.0,0,0,0.0,5.8,nenhuma,simulador_campo,0,37.5,18.9,-3.7,0.0,31.4,16.2,2026-09-29,1,madrugada,0
2026-09-29 02:00:00,TAL-04,SNS-04,16.5,36.7,0.7,0,0,0.0,5.5,nenhuma,simulador_campo,0,37.3,18.2,-3.7,0.0,31.4,16.2,2026-09-29,2,madrugada,0
2026-09-29 02:30:00,TAL-04,SNS-04,16.8,37.2,5.9,0,0,0.0,5.4,nenhuma,simulador_campo,0,37.2,17.7,-2.7,0.0,31.4,16.2,2026-09-29,2,madrugada,0
2026-09-29 03:00:00,TAL-04,SNS-04,18.2,37.7,3.5,0,0,0.0,5.6,nenhuma,simulador_campo,0,37.2,17.6,-1.3,0.0,31.4,16.2,2026-09-29,3,madrugada,0
2026-09-29 03:30:00,TAL-04,SNS-04,17.3,37.4,0.8,0,0,0.0,5.4,nenhuma,simulador_campo,0,37.2,17.4,-0.8,0.0,31.4,16.5,2026-09-29,3,madrugada,0
2026-09-29 04:00:00,TAL-04,SNS-04,16.4,37.7,0.8,0,0,0.0,5.4,nenhuma,simulador_campo,0,37.3,17.1,-0.6,0.0,31.4,16.4,2026-09-29,4,madrugada,0
2026-09-29 04:30:00,TAL-04,SNS-04,17.2,37.4,4.4,0,0,0.0,5.4,nenhuma,simulador_campo,0,37.4,17.1,-0.7,0.0,31.4,16.4,2026-09-29,4,madrugada,0
2026-09-29 05:00:00,TAL-04,SNS-04,18.1,36.9,7.4,0,0,0.0,5.5,nenhuma,simulador_campo,0,37.4,17.3,-0.6,0.0,31.4,16.4,2026-09-29,5,madrugada,0
2026-09-29 05:30:00,TAL-04,SNS-04,18.1,36.9,5.2,0,0,0.0,5.3,nenhuma,simulador_campo,0,37.3,17.6,-0.7,0.0,31.4,16.4,2026-09-29,5,madrugada,0
2026-09-29 06:00:00,TAL-04,SNS-04,19.8,36.8,2.6,0,0,0.0,5.5,nenhuma,simulador_campo,0,37.2,17.8,-0.6,0.0,31.4,16.4,2026-09-29,6,manha,0
2026-09-29 06:30:00,TAL-04,SNS-04,20.7,37.0,11.9,0,0,0.0,5.5,nenhuma,simulador_campo,0,37.1,18.4,-0.3,0.0,31.4,16.4,2026-09-29,6,manha,0
2026-09-29 07:00:00,TAL-04,SNS-04,21.2,36.6,28.8,0,0,0.0,5.4,nenhuma,simulador_campo,0,36.9,19.2,-0.5,0.0,31.4,16.4,2026-09-29,7,manha,0
2026-09-29 08:00:00,TAL-04,SNS-04,22.7,36.2,48.6,0,0,0.0,5.4,nenhuma,simulador_campo,0,36.7,20.5,-1.0,0.0,31.4,16.4,2026-09-29,8,manha,0
2026-09-29 08:30:00,TAL-04,SNS-04,22.9,35.7,58.6,0,0,0.0,5.5,nenhuma,simulador_campo,0,36.5,21.5,-2.0,0.0,31.4,16.4,2026-09-29,8,manha,0
2026-09-29 09:00:00,TAL-04,SNS-04,23.7,35.2,68.2,0,0,0.0,6.0,nenhuma,simulador_campo,0,36.1,22.2,-2.2,0.0,31.4,16.4,2026-09-29,9,manha,0
2026-09-29 09:30:00,TAL-04,SNS-04,24.6,34.5,77.1,1,0,0.0,6.0,nenhuma,simulador_campo,0,35.6,23.0,-3.2,0.0,31.4,16.4,2026-09-29,9,manha,0
2026-09-29 10:00:00,TAL-04,SNS-04,25.7,33.9,79.0,0,0,0.0,6.3,nenhuma,simulador_campo,0,35.1,23.9,-3.5,0.0,31.4,16.4,2026-09-29,10,manha,0
2026-09-29 10:30:00,TAL-04,SNS-04,26.3,34.0,95.1,0,0,0.0,6.3,nenhuma,simulador_campo,0,34.9,24.3,-2.9,0.0,31.4,16.4,2026-09-29,10,manha,0
2026-09-29 11:00:00,TAL-04,SNS-04,26.3,33.1,93.4,0,0,0.0,6.4,nenhuma,simulador_campo,0,34.4,24.9,-3.8,0.0,31.4,16.4,2026-09-29,11,manha,0
2026-09-29 11:30:00,TAL-04,SNS-04,28.5,32.5,97.6,0,0,0.0,6.3,nenhuma,simulador_campo,0,33.9,25.8,-4.3,0.0,31.4,16.4,2026-09-29,11,manha,0
2026-09-29 12:00:00,TAL-04,SNS-04,29.3,32.2,98.0,0,0,0.0,6.4,nenhuma,simulador_campo,0,33.4,26.8,-4.8,0.0,31.4,16.4,2026-09-29,12,tarde,0
2026-09-29 12:30:00,TAL-04,SNS-04,29.2,32.1,99.1,0,0,0.0,6.3,nenhuma,simulador_campo,0,33.0,27.6,-4.5,0.0,31.4,16.4,2026-09-29,12,tarde,0
2026-09-29 13:00:00,TAL-04,SNS-04,29.4,31.7,97.7,0,0,0.0,6.2,nenhuma,simulador_campo,0,32.6,28.2,-4.5,0.0,31.4,16.4,2026-09-29,13,tarde,0
2026-09-29 13:30:00,TAL-04,SNS-04,30.6,30.6,96.7,0,0,0.0,5.9,nenhuma,simulador_campo,0,32.0,28.9,-5.6,0.0,31.4,16.4,2026-09-29,13,tarde,0
2026-09-29 14:00:00,TAL-04,SNS-04,30.5,30.4,91.3,0,0,0.0,5.8,nenhuma,simulador_campo,0,31.6,29.6,-5.3,0.0,31.4,16.4,2026-09-29,14,tarde,0
2026-09-29 14:30:00,TAL-04,SNS-04,30.8,30.9,86.2,0,0,0.0,5.7,nenhuma,simulador_campo,0,31.3,30.0,-4.3,0.0,31.4,16.4,2026-09-29,14,tarde,0
2026-09-29 15:00:00,TAL-04,SNS-04,30.9,34.6,24.8,0,0,1.5,5.7,nenhuma,simulador_campo,0,31.7,30.2,0.1,1.5,31.4,16.4,2026-09-29,15,tarde,0
2026-09-29 15:30:00,TAL-04,SNS-04,31.5,36.8,19.0,0,0,1.5,5.9,nenhuma,simulador_campo,0,32.5,30.6,2.9,3.0,31.5,16.4,2026-09-29,15,tarde,0
2026-09-29 16:00:00,TAL-04,SNS-04,30.5,40.0,20.1,0,0,1.5,6.1,nenhuma,simulador_campo,0,33.9,30.8,6.0,4.5,31.5,16.4,2026-09-29,16,tarde,0
2026-09-29 16:30:00,TAL-04,SNS-04,30.7,43.6,16.8,0,0,1.5,6.0,nenhuma,simulador_campo,0,36.0,30.8,10.5,6.0,31.5,16.4,2026-09-29,16,tarde,0
2026-09-29 17:00:00,TAL-04,SNS-04,28.9,42.9,39.2,0,0,0.0,6.2,nenhuma,simulador_campo,0,38.1,30.6,10.4,6.0,31.5,16.4,2026-09-29,17,tarde,0
2026-09-29 17:30:00,TAL-04,SNS-04,29.6,42.7,23.8,0,0,0.0,6.3,nenhuma,simulador_campo,0,40.1,30.4,10.5,6.0,31.5,16.4,2026-09-29,17,tarde,0
2026-09-29 18:00:00,TAL-04,SNS-04,30.0,42.6,13.5,0,0,0.0,6.2,nenhuma,simulador_campo,0,41.4,30.2,10.5,6.0,31.5,16.4,2026-09-29,18,noite,0
2026-09-29 18:30:00,TAL-04,SNS-04,28.1,42.6,0.1,0,0,0.0,6.2,nenhuma,simulador_campo,0,42.4,29.6,10.9,6.0,31.5,16.4,2026-09-29,18,noite,0
2026-09-29 19:00:00,TAL-04,SNS-04,27.8,42.7,0.7,0,0,0.0,6.1,nenhuma,simulador_campo,0,42.8,29.2,12.1,6.0,31.5,16.4,2026-09-29,19,noite,0
2026-09-29 19:30:00,TAL-04,SNS-04,26.5,42.2,0.0,0,0,0.0,6.7,nenhuma,simulador_campo,0,42.6,28.5,11.8,6.0,31.5,16.4,2026-09-29,19,noite,0
2026-09-29 20:00:00,TAL-04,SNS-04,25.8,42.3,0.0,0,0,0.0,6.5,nenhuma,simulador_campo,0,42.5,28.0,11.4,6.0,31.5,16.4,2026-09-29,20,noite,0
2026-09-29 20:30:00,TAL-04,SNS-04,24.8,41.4,1.1,0,0,0.0,6.3,nenhuma,simulador_campo,0,42.3,27.2,6.8,6.0,31.5,16.4,2026-09-29,20,noite,0
2026-09-29 21:00:00,TAL-04,SNS-04,24.5,41.3,4.1,0,0,0.0,6.4,nenhuma,simulador_campo,0,42.1,26.2,4.5,6.0,31.5,16.4,2026-09-29,21,noite,0
2026-09-29 21:30:00,TAL-04,SNS-04,21.9,41.0,3.6,0,0,0.0,6.6,nenhuma,simulador_campo,0,41.8,25.2,1.0,6.0,31.5,16.4,2026-09-29,21,noite,0
2026-09-29 22:00:00,TAL-04,SNS-04,21.2,41.3,0.4,0,0,0.0,6.8,nenhuma,simulador_campo,0,41.6,24.1,-2.3,6.0,31.5,16.4,2026-09-29,22,noite,0
2026-09-29 22:30:00,TAL-04,SNS-04,22.1,40.9,0.0,0,0,0.0,7.1,nenhuma,simulador_campo,0,41.4,23.4,-2.0,6.0,31.5,16.4,2026-09-29,22,noite,0
2026-09-29 23:00:00,TAL-04,SNS-04,21.2,41.1,4.8,0,0,0.0,7.1,nenhuma,simulador_campo,0,41.2,22.6,-1.6,6.0,31.5,16.4,2026-09-29,23,noite,0
2026-09-29 23:30:00,TAL-04,SNS-04,19.2,41.1,3.8,0,0,0.0,7.2,nenhuma,simulador_campo,0,41.1,21.7,-1.5,6.0,31.5,16.4,2026-09-29,23,noite,0
2026-09-30 00:00:00,TAL-04,SNS-04,19.5,41.1,6.4,0,0,0.0,7.6,nenhuma,simulador_campo,0,41.1,20.8,-1.5,6.0,31.5,16.4,2026-09-30,0,madrugada,0
2026-09-30 00:30:00,TAL-04,SNS-04,17.8,41.2,4.7,0,0,0.0,7.7,nenhuma,simulador_campo,0,41.1,20.2,-1.5,6.0,31.5,16.4,2026-09-30,0,madrugada,0
2026-09-30 01:00:00,TAL-04,SNS-04,18.5,40.5,0.2,0,0,0.0,8.3,nenhuma,simulador_campo,0,41.0,19.7,-1.7,6.0,31.5,16.4,2026-09-30,1,madrugada,0
2026-09-30 01:30:00,TAL-04,SNS-04,18.4,40.8,1.3,0,0,0.0,8.4,nenhuma,simulador_campo,0,41.0,19.1,-1.5,6.0,31.5,16.4,2026-09-30,1,madrugada,0
2026-09-30 02:00:00,TAL-04,SNS-04,17.4,40.6,4.5,0,0,0.0,8.6,nenhuma,simulador_campo,0,40.9,18.5,-0.8,6.0,31.5,16.4,2026-09-30,2,madrugada,0
2026-09-30 02:30:00,TAL-04,SNS-04,17.4,40.2,2.9,0,0,0.0,9.1,nenhuma,simulador_campo,0,40.7,18.2,-1.1,6.0,31.5,16.4,2026-09-30,2,madrugada,0
2026-09-30 03:30:00,TAL-04,SNS-04,17.0,39.1,0.0,0,0,0.0,9.7,nenhuma,simulador_campo,0,40.2,17.7,-2.2,6.0,31.5,16.4,2026-09-30,3,madrugada,0
2026-09-30 04:00:00,TAL-04,SNS-04,17.6,38.8,4.9,0,0,0.0,10.2,nenhuma,simulador_campo,0,39.9,17.6,-2.1,6.0,31.5,17.0,2026-09-30,4,madrugada,0
2026-09-30 04:30:00,TAL-04,SNS-04,17.7,38.8,3.1,0,0,0.0,10.6,nenhuma,simulador_campo,0,39.5,17.4,-2.3,6.0,31.5,17.0,2026-09-30,4,madrugada,0
2026-09-30 05:00:00,TAL-04,SNS-04,18.0,38.5,3.0,0,0,0.0,10.8,nenhuma,simulador_campo,0,39.1,17.5,-2.6,6.0,31.5,17.0,2026-09-30,5,madrugada,0
2026-09-30 05:30:00,TAL-04,SNS-04,18.4,38.0,3.2,0,0,0.0,11.4,nenhuma,simulador_campo,0,38.6,17.7,-3.1,6.0,31.5,17.0,2026-09-30,5,madrugada,0
2026-09-30 06:00:00,TAL-04,SNS-04,19.2,37.7,2.3,0,0,0.0,11.7,nenhuma,simulador_campo,0,38.5,18.0,-3.5,6.0,31.5,17.0,2026-09-30,6,manha,0
2026-09-30 06:30:00,TAL-04,SNS-04,19.2,37.4,13.8,0,0,0.0,12.0,lagarta,simulador_campo,0,38.2,18.3,-3.1,6.0,31.5,17.0,2026-09-30,6,manha,1
2026-09-30 07:00:00,TAL-04,SNS-04,20.6,38.0,26.3,1,0,0.0,12.2,lagarta,simulador_campo,0,38.1,18.8,-2.8,6.0,31.5,17.0,2026-09-30,7,manha,1
2026-09-30 07:30:00,TAL-04,SNS-04,22.4,38.2,39.0,0,0,0.0,12.7,lagarta,simulador_campo,0,38.0,19.6,-2.4,6.0,31.5,17.0,2026-09-30,7,manha,1
2026-09-30 08:00:00,TAL-04,SNS-04,22.7,38.2,48.6,0,0,0.0,13.1,lagarta,simulador_campo,0,37.9,20.4,-2.0,6.0,31.5,17.0,2026-09-30,8,manha,1
2026-09-30 08:30:00,TAL-04,SNS-04,23.4,37.9,60.9,0,0,0.0,13.4,lagarta,simulador_campo,0,37.9,21.2,-1.2,6.0,31.5,17.0,2026-09-30,8,manha,1
2026-09-30 09:00:00,TAL-04,SNS-04,24.2,38.2,67.4,0,0,0.0,13.8,lagarta,simulador_campo,0,38.0,22.1,-0.9,6.0,31.5,17.0,2026-09-30,9,manha,1
2026-09-30 09:30:00,TAL-04,SNS-04,25.4,39.2,80.2,1,0,0.0,14.1,lagarta,simulador_campo,0,38.3,23.1,0.4,6.0,31.5,17.0,2026-09-30,9,manha,1
2026-09-30 10:00:00,TAL-04,SNS-04,25.0,39.1,85.5,0,0,0.0,14.4,lagarta,simulador_campo,0,38.5,23.8,0.3,6.0,31.5,17.0,2026-09-30,10,manha,1
2026-09-30 10:30:00,TAL-04,SNS-04,26.8,39.3,94.1,1,0,0.0,15.0,lagarta,simulador_campo,0,38.7,24.6,0.8,6.0,31.5,17.0,2026-09-30,10,manha,1
2026-09-30 11:00:00,TAL-04,SNS-04,28.0,37.9,94.8,0,0,0.0,15.2,lagarta,simulador_campo,0,38.6,25.5,-0.1,6.0,31.5,17.0,2026-09-30,11,manha,1
2026-09-30 11:30:00,TAL-04,SNS-04,27.2,37.3,98.0,0,0,0.0,15.6,lagarta,simulador_campo,0,38.5,26.1,-0.4,6.0,31.5,17.0,2026-09-30,11,manha,1
2026-09-30 12:00:00,TAL-04,SNS-04,28.8,36.7,100.0,0,0,0.0,15.9,lagarta,simulador_campo,0,38.2,26.9,-0.7,6.0,31.5,17.0,2026-09-30,12,tarde,1
2026-09-30 12:30:00,TAL-04,SNS-04,29.1,36.6,97.9,0,0,0.0,16.2,lagarta,simulador_campo,0,37.8,27.5,-1.4,6.0,31.5,17.0,2026-09-30,12,tarde,1
2026-09-30 13:00:00,TAL-04,SNS-04,30.4,35.6,99.2,1,0,0.0,16.4,lagarta,simulador_campo,0,37.2,28.4,-2.6,6.0,31.5,17.0,2026-09-30,13,tarde,1
2026-09-30 13:30:00,TAL-04,SNS-04,30.5,35.3,95.8,0,0,0.0,16.8,lagarta,simulador_campo,0,36.6,29.0,-2.9,6.0,31.5,17.0,2026-09-30,13,tarde,1
2026-09-30 14:00:00,TAL-04,SNS-04,30.1,35.3,92.5,1,0,0.0,17.0,lagarta,simulador_campo,0,36.1,29.4,-2.6,6.0,31.5,17.0,2026-09-30,14,tarde,1
2026-09-30 14:30:00,TAL-04,SNS-04,31.6,34.2,84.5,0,0,0.0,17.5,lagarta,simulador_campo,0,35.6,30.1,-4.0,6.0,31.6,17.0,2026-09-30,14,tarde,1
2026-09-30 15:00:00,TAL-04,SNS-04,30.6,33.8,75.1,0,0,0.0,18.0,lagarta,simulador_campo,0,35.1,30.4,-5.4,4.5,31.6,17.0,2026-09-30,15,tarde,1
2026-09-30 15:30:00,TAL-04,SNS-04,31.5,33.5,68.9,0,0,0.0,18.3,lagarta,simulador_campo,0,34.6,30.8,-5.6,3.0,31.6,17.0,2026-09-30,15,tarde,1
2026-09-30 16:00:00,TAL-04,SNS-04,30.4,32.8,59.9,0,0,0.0,18.5,lagarta,simulador_campo,0,34.2,30.8,-6.5,1.5,31.6,17.0,2026-09-30,16,tarde,1
2026-09-30 16:30:00,TAL-04,SNS-04,30.9,32.2,49.3,0,0,0.0,18.9,lagarta,simulador_campo,0,33.6,30.8,-5.7,0.0,31.6,17.0,2026-09-30,16,tarde,1
2026-09-30 17:00:00,TAL-04,SNS-04,30.7,31.7,39.2,0,0,0.0,19.3,lagarta,simulador_campo,0,33.0,31.0,-5.6,0.0,31.6,17.0,2026-09-30,17,tarde,1
2026-09-30 17:30:00,TAL-04,SNS-04,29.6,30.9,23.8,0,0,0.0,19.6,lagarta,simulador_campo,0,32.5,30.6,-5.8,0.0,31.6,17.0,2026-09-30,17,tarde,1
2026-09-30 18:00:00,TAL-04,SNS-04,28.4,32.6,12.4,0,1,0.0,20.0,lagarta,simulador_campo,0,32.3,30.2,-4.0,0.0,31.6,17.0,2026-09-30,18,noite,1
2026-09-30 18:30:00,TAL-04,SNS-04,28.3,35.3,1.7,1,1,0.0,20.2,lagarta,simulador_campo,0,32.6,29.7,-0.3,0.0,31.6,17.0,2026-09-30,18,noite,1
2026-09-30 19:00:00,TAL-04,SNS-04,27.8,38.8,1.4,1,1,0.0,20.5,lagarta,simulador_campo,0,33.6,29.3,3.5,0.0,31.6,17.0,2026-09-30,19,noite,1
2026-09-30 19:30:00,TAL-04,SNS-04,26.9,41.9,0.2,0,1,0.0,20.9,lagarta,simulador_campo,0,35.2,28.6,6.6,0.0,31.6,17.0,2026-09-30,19,noite,1
2026-09-30 20:00:00,TAL-04,SNS-04,25.3,44.9,1.5,1,1,0.0,21.2,lagarta,simulador_campo,0,37.4,27.7,10.7,0.0,31.6,17.0,2026-09-30,20,noite,1
2026-09-30 20:30:00,TAL-04,SNS-04,25.1,47.9,0.0,0,1,0.0,21.6,lagarta,simulador_campo,0,40.2,27.0,14.1,0.0,31.6,17.0,2026-09-30,20,noite,1
2026-09-30 21:00:00,TAL-04,SNS-04,23.9,48.0,5.4,0,0,0.0,21.9,lagarta,simulador_campo,0,42.8,26.2,14.5,0.0,31.6,17.0,2026-09-30,21,noite,1
2026-09-30 21:30:00,TAL-04,SNS-04,23.0,48.1,5.7,0,0,0.0,22.2,lagarta,simulador_campo,0,44.9,25.3,15.3,0.0,31.6,17.0,2026-09-30,21,noite,1
2026-09-30 22:00:00,TAL-04,SNS-04,22.2,47.6,0.6,0,0,0.0,22.5,lagarta,simulador_campo,0,46.4,24.4,15.4,0.0,31.6,17.0,2026-09-30,22,noite,1
2026-09-30 22:30:00,TAL-04,SNS-04,21.8,46.9,4.5,1,0,0.0,22.8,lagarta,simulador_campo,0,47.2,23.5,15.2,0.0,31.6,17.0,2026-09-30,22,noite,1
2026-09-30 23:00:00,TAL-04,SNS-04,21.1,46.7,0.9,1,0,0.0,23.3,lagarta,simulador_campo,0,47.5,22.8,15.8,0.0,31.6,17.0,2026-09-30,23,noite,1
2026-09-30 23:30:00,TAL-04,SNS-04,19.5,46.8,4.6,0,0,0.0,23.6,lagarta,simulador_campo,0,47.4,21.9,14.2,0.0,31.6,17.0,2026-09-30,23,noite,1
2026-10-01 00:00:00,TAL-04,SNS-04,19.3,46.7,0.0,0,0,0.0,24.0,lagarta,simulador_campo,0,47.1,21.2,11.4,0.0,31.6,17.0,2026-10-01,0,madrugada,1
2026-10-01 00:30:00,TAL-04,SNS-04,17.8,46.2,0.1,0,0,0.0,24.4,lagarta,simulador_campo,0,46.8,20.3,7.4,0.0,31.6,17.0,2026-10-01,0,madrugada,1
2026-10-01 01:00:00,TAL-04,SNS-04,18.9,45.7,3.8,0,0,0.0,25.0,lagarta,simulador_campo,0,46.5,19.7,3.8,0.0,31.6,17.0,2026-10-01,1,madrugada,1
2026-10-01 01:30:00,TAL-04,SNS-04,17.3,45.3,4.1,0,0,0.0,25.4,lagarta,simulador_campo,0,46.2,19.0,0.4,0.0,31.6,17.0,2026-10-01,1,madrugada,1
2026-10-01 02:00:00,TAL-04,SNS-04,16.5,44.7,3.6,0,0,0.0,25.6,lagarta,simulador_campo,0,45.9,18.2,-3.2,0.0,31.6,16.5,2026-10-01,2,madrugada,1
2026-10-01 02:30:00,TAL-04,SNS-04,17.0,44.9,2.1,0,0,0.0,25.8,lagarta,simulador_campo,0,45.6,17.8,-3.1,0.0,31.6,16.5,2026-10-01,2,madrugada,1
2026-10-01 03:00:00,TAL-04,SNS-04,17.4,45.0,2.2,0,0,0.0,26.1,lagarta,simulador_campo,0,45.3,17.5,-3.1,0.0,31.6,16.5,2026-10-01,3,madrugada,1
2026-10-01 03:30:00,TAL-04,SNS-04,16.3,45.0,2.6,0,0,0.0,26.3,lagarta,simulador_campo,0,45.1,17.2,-2.6,0.0,31.6,16.3,2026-10-01,3,madrugada,1
2026-10-01 04:00:00,TAL-04,SNS-04,16.5,44.7,2.3,0,0,0.0,26.6,lagarta,simulador_campo,0,44.9,16.8,-2.2,0.0,31.6,16.3,2026-10-01,4,madrugada,1
2026-10-01 04:30:00,TAL-04,SNS-04,17.4,43.9,2.0,0,0,0.0,26.8,lagarta,simulador_campo,0,44.7,16.8,-2.8,0.0,31.6,16.3,2026-10-01,4,madrugada,1
2026-10-01 05:00:00,TAL-04,SNS-04,18.6,43.8,0.0,0,0,0.0,27.2,lagarta,simulador_campo,0,44.6,17.2,-3.0,0.0,31.6,16.3,2026-10-01,5,madrugada,1
2026-10-01 05:30:00,TAL-04,SNS-04,18.3,43.8,2.0,1,0,0.0,27.6,lagarta,simulador_campo,0,44.4,17.4,-2.9,0.0,31.6,16.3,2026-10-01,5,madrugada,1
2026-10-01 06:00:00,TAL-04,SNS-04,20.0,43.7,0.0,0,0,0.0,28.0,lagarta,simulador_campo,0,44.2,17.8,-2.5,0.0,31.6,16.3,2026-10-01,6,manha,1
2026-10-01 06:30:00,TAL-04,SNS-04,20.0,43.4,8.8,0,0,0.0,28.6,lagarta,simulador_campo,0,43.9,18.5,-2.3,0.0,31.6,16.3,2026-10-01,6,manha,1
2026-10-01 07:00:00,TAL-04,SNS-04,20.5,43.2,29.0,0,0,0.0,29.0,lagarta,simulador_campo,0,43.6,19.1,-2.1,0.0,31.6,16.3,2026-10-01,7,manha,1
2026-10-01 07:30:00,TAL-04,SNS-04,21.6,42.7,35.1,0,0,0.0,29.5,lagarta,simulador_campo,0,43.4,19.8,-2.0,0.0,31.6,16.3,2026-10-01,7,manha,1
2026-10-01 08:00:00,TAL-04,SNS-04,21.9,42.9,48.7,0,0,0.0,29.8,lagarta,simulador_campo,0,43.3,20.4,-2.0,0.0,31.6,16.3,2026-10-01,8,manha,1
2026-10-01 08:30:00,TAL-04,SNS-04,24.5,42.3,56.8,0,0,0.0,30.1,lagarta,simulador_campo,0,43.0,21.4,-2.7,0.0,31.6,16.3,2026-10-01,8,manha,1
2026-10-01 09:00:00,TAL-04,SNS-04,23.7,41.6,70.4,0,0,0.0,30.6,lagarta,simulador_campo,0,42.7,22.0,-3.4,0.0,31.6,16.3,2026-10-01,9,manha,1
2026-10-01 09:30:00,TAL-04,SNS-04,23.5,41.8,75.0,1,0,0.0,31.1,lagarta,simulador_campo,0,42.4,22.6,-2.9,0.0,31.6,16.3,2026-10-01,9,manha,1
2026-10-01 10:00:00,TAL-04,SNS-04,26.6,41.8,83.9,0,0,0.0,31.6,lagarta,simulador_campo,0,42.2,23.6,-2.1,0.0,31.6,16.3,2026-10-01,10,manha,1
2026-10-01 10:30:00,TAL-04,SNS-04,25.9,41.2,90.8,0,0,0.0,32.0,lagarta,simulador_campo,0,41.9,24.3,-2.6,0.0,31.6,16.3,2026-10-01,10,manha,1
2026-10-01 11:00:00,TAL-04,SNS-04,28.1,40.9,94.6,0,0,0.0,32.5,lagarta,simulador_campo,0,41.6,25.4,-2.9,0.0,31.6,16.3,2026-10-01,11,manha,1
2026-10-01 11:30:00,TAL-04,SNS-04,28.0,41.1,94.9,0,0,0.0,32.8,lagarta,simulador_campo,0,41.4,26.0,-2.6,0.0,31.6,16.3,2026-10-01,11,manha,1
2026-10-01 12:00:00,TAL-04,SNS-04,28.9,40.9,100.0,0,0,0.0,33.0,lagarta,simulador_campo,0,41.3,26.8,-2.5,0.0,31.6,16.3,2026-10-01,12,tarde,1
2026-10-01 12:30:00,TAL-04,SNS-04,29.2,40.2,100.0,0,0,0.0,33.5,lagarta,simulador_campo,0,41.0,27.8,-3.0,0.0,31.6,16.3,2026-10-01,12,tarde,1
2026-10-01 13:00:00,TAL-04,SNS-04,29.9,40.4,98.5,0,0,0.0,34.0,lagarta,simulador_campo,0,40.8,28.3,-2.3,0.0,31.6,16.3,2026-10-01,13,tarde,1
2026-10-01 13:30:00,TAL-04,SNS-04,29.6,40.4,91.8,0,0,0.0,34.5,lagarta,simulador_campo,0,40.6,29.0,-2.5,0.0,31.6,16.3,2026-10-01,13,tarde,1
2026-10-01 14:00:00,TAL-04,SNS-04,31.2,39.9,87.1,0,0,0.0,34.8,lagarta,simulador_campo,0,40.5,29.5,-2.4,0.0,31.6,16.3,2026-10-01,14,tarde,1
2026-10-01 14:30:00,TAL-04,SNS-04,30.3,38.9,82.55,1,0,0.0,35.1,lagarta,simulador_campo,1,40.1,29.9,-2.7,0.0,31.5,16.3,2026-10-01,14,tarde,1
2026-10-01 15:00:00,TAL-04,SNS-04,31.8,38.1,78.0,0,0,0.0,35.3,lagarta,simulador_campo,0,39.6,30.3,-3.7,0.0,31.8,16.3,2026-10-01,15,tarde,1
2026-10-01 15:30:00,TAL-04,SNS-04,30.2,37.5,67.3,0,0,0.0,35.5,lagarta,simulador_campo,0,39.2,30.5,-4.3,0.0,31.8,16.3,2026-10-01,15,tarde,1
2026-10-01 16:00:00,TAL-04,SNS-04,29.2,37.5,58.2,0,0,0.0,36.0,lagarta,simulador_campo,0,38.7,30.4,-3.7,0.0,31.8,16.3,2026-10-01,16,tarde,1
2026-10-01 16:30:00,TAL-04,SNS-04,29.6,36.8,48.6,0,0,0.0,36.3,lagarta,simulador_campo,0,38.1,30.4,-4.1,0.0,31.8,16.3,2026-10-01,16,tarde,1
2026-10-01 17:00:00,TAL-04,SNS-04,30.0,36.8,39.9,0,0,0.0,36.6,lagarta,simulador_campo,0,37.6,30.2,-4.3,0.0,31.8,16.3,2026-10-01,17,tarde,1
2026-10-01 17:30:00,TAL-04,SNS-04,28.6,37.3,26.6,0,0,0.0,37.1,lagarta,simulador_campo,0,37.3,29.9,-3.6,0.0,31.8,16.3,2026-10-01,17,tarde,1
2026-10-01 18:00:00,TAL-04,SNS-04,29.2,37.5,17.3,0,0,0.0,37.5,lagarta,simulador_campo,0,37.2,29.5,-2.7,0.0,31.8,16.3,2026-10-01,18,noite,1
2026-10-01 18:30:00,TAL-04,SNS-04,27.9,37.2,1.3,0,0,0.0,37.9,lagarta,simulador_campo,0,37.2,29.1,-3.2,0.0,31.8,16.3,2026-10-01,18,noite,1
2026-10-01 19:00:00,TAL-04,SNS-04,27.0,37.3,2.3,1,0,0.0,38.4,lagarta,simulador_campo,0,37.2,28.7,-3.1,0.0,31.8,16.3,2026-10-01,19,noite,1
2026-10-01 19:30:00,TAL-04,SNS-04,27.0,37.4,0.0,0,0,0.0,38.8,lagarta,simulador_campo,0,37.2,28.3,-2.5,0.0,31.8,16.3,2026-10-01,19,noite,1
2026-10-01 20:00:00,TAL-04,SNS-04,26.5,37.5,2.9,0,0,0.0,39.0,lagarta,simulador_campo,0,37.4,27.7,-1.4,0.0,31.8,16.3,2026-10-01,20,noite,1
2026-10-01 20:30:00,TAL-04,SNS-04,24.1,36.9,2.2,0,0,0.0,39.6,lagarta,simulador_campo,0,37.3,27.0,-1.2,0.0,31.8,16.3,2026-10-01,20,noite,1
2026-10-01 21:00:00,TAL-04,SNS-04,23.7,36.8,0.0,0,0,0.0,39.8,lagarta,simulador_campo,0,37.2,26.0,-0.7,0.0,31.8,16.3,2026-10-01,21,noite,1
2026-10-01 21:30:00,TAL-04,SNS-04,23.5,37.0,1.6,1,0,0.0,40.2,lagarta,simulador_campo,0,37.2,25.3,-0.5,0.0,31.8,16.3,2026-10-01,21,noite,1
2026-10-01 22:00:00,TAL-04,SNS-04,22.5,36.6,4.1,0,0,0.0,40.6,lagarta,simulador_campo,0,37.0,24.6,-0.2,0.0,31.8,16.3,2026-10-01,22,noite,1
2026-10-01 22:30:00,TAL-04,SNS-04,20.4,36.4,1.6,0,0,0.0,40.9,lagarta,simulador_campo,0,36.9,23.4,-0.4,0.0,31.8,16.3,2026-10-01,22,noite,1
2026-10-01 23:00:00,TAL-04,SNS-04,22.2,36.7,0.1,1,0,0.0,41.3,lagarta,simulador_campo,0,36.7,22.7,-0.6,0.0,31.8,16.3,2026-10-01,23,noite,1
2026-10-01 23:30:00,TAL-04,SNS-04,19.6,36.2,0.0,0,0,0.0,41.6,lagarta,simulador_campo,0,36.6,22.0,-1.3,0.0,31.8,16.3,2026-10-01,23,noite,1
2026-10-02 00:00:00,TAL-04,SNS-04,19.8,36.0,1.8,0,0,0.0,42.2,lagarta,simulador_campo,0,36.5,21.3,-1.2,0.0,31.8,16.3,2026-10-02,0,madrugada,1
2026-10-02 00:30:00,TAL-04,SNS-04,19.2,36.2,0.0,1,0,0.0,42.4,lagarta,simulador_campo,0,36.4,20.6,-1.1,0.0,31.8,16.3,2026-10-02,0,madrugada,1
2026-10-02 01:00:00,TAL-04,SNS-04,18.2,36.3,3.8,0,0,0.0,42.9,lagarta,simulador_campo,0,36.3,19.9,-1.1,0.0,31.8,16.3,2026-10-02,1,madrugada,1
2026-10-02 01:30:00,TAL-04,SNS-04,16.7,35.7,0.9,0,0,0.0,43.1,lagarta,simulador_campo,0,36.2,19.3,-1.8,0.0,31.8,16.3,2026-10-02,1,madrugada,1
2026-10-02 02:00:00,TAL-04,SNS-04,17.6,35.5,2.9,0,0,0.0,43.6,lagarta,simulador_campo,0,36.0,18.5,-1.4,0.0,31.8,16.3,2026-10-02,2,madrugada,1
2026-10-02 02:30:00,TAL-04,SNS-04,16.7,35.4,4.3,1,0,0.0,43.9,lagarta,simulador_campo,0,35.8,18.0,-1.4,0.0,31.8,16.3,2026-10-02,2,madrugada,1
2026-10-02 03:00:00,TAL-04,SNS-04,16.9,36.1,4.9,0,0,0.0,44.0,lagarta,simulador_campo,0,35.9,17.6,-0.9,0.0,31.8,16.3,2026-10-02,3,madrugada,1
2026-10-02 03:30:00,TAL-04,SNS-04,17.0,35.9,0.5,0,0,0.0,44.5,lagarta,simulador_campo,0,35.8,17.2,-0.7,0.0,31.8,16.5,2026-10-02,3,madrugada,1
2026-10-02 04:00:00,TAL-04,SNS-04,17.4,35.8,4.1,0,0,0.0,44.9,lagarta,simulador_campo,0,35.7,17.0,-0.6,0.0,31.8,16.7,2026-10-02,4,madrugada,1
2026-10-02 04:30:00,TAL-04,SNS-04,17.9,35.3,1.3,0,0,0.0,45.4,lagarta,simulador_campo,0,35.7,17.2,-1.4,0.0,31.8,16.7,2026-10-02,4,madrugada,1
2026-10-02 05:00:00,TAL-04,SNS-04,17.4,35.2,0.0,1,0,0.0,45.9,lagarta,simulador_campo,0,35.6,17.2,-1.0,0.0,31.8,16.7,2026-10-02,5,madrugada,1
2026-10-02 05:30:00,TAL-04,SNS-04,17.6,34.6,1.9,0,0,0.0,46.3,lagarta,simulador_campo,0,35.5,17.4,-1.4,0.0,31.8,16.7,2026-10-02,5,madrugada,1
2026-10-02 06:00:00,TAL-04,SNS-04,19.2,35.1,0.0,0,0,0.0,46.7,lagarta,simulador_campo,0,35.3,17.8,-1.1,0.0,31.8,16.7,2026-10-02,6,manha,1
2026-10-02 06:30:00,TAL-04,SNS-04,20.3,34.7,15.1,0,0,0.0,46.9,lagarta,simulador_campo,0,35.1,18.3,-1.6,0.0,31.8,16.7,2026-10-02,6,manha,1
2026-10-02 07:00:00,TAL-04,SNS-04,19.7,34.2,20.8,0,0,0.0,47.3,lagarta,simulador_campo,0,34.8,18.7,-1.5,0.0,31.8,16.7,2026-10-02,7,manha,1
2026-10-02 07:30:00,TAL-04,SNS-04,22.2,33.8,35.6,0,0,0.0,47.5,lagarta,simulador_campo,0,34.6,19.4,-1.7,0.0,31.8,16.7,2026-10-02,7,manha,1
2026-10-02 08:00:00,TAL-04,SNS-04,22.1,34.4,48.8,0,0,0.0,47.8,lagarta,simulador_campo,0,34.5,20.2,-1.0,0.0,31.8,16.7,2026-10-02,8,manha,1
2026-10-02 08:30:00,TAL-04,SNS-04,23.7,35.0,61.0,1,0,0.0,48.3,lagarta,simulador_campo,0,34.5,21.2,-1.1,0.0,31.8,16.7,2026-10-02,8,manha,1
2026-10-02 09:00:00,TAL-04,SNS-04,24.2,34.8,67.5,0,0,0.0,48.8,lagarta,simulador_campo,0,34.5,22.0,-1.1,0.0,31.8,16.7,2026-10-02,9,manha,1
2026-10-02 09:30:00,TAL-04,SNS-04,24.4,34.8,78.7,0,0,0.0,49.1,lagarta,simulador_campo,0,34.5,22.7,-1.0,0.0,31.8,16.7,2026-10-02,9,manha,1
2026-10-02 10:00:00,TAL-04,SNS-04,25.5,34.8,87.3,0,0,0.0,49.6,lagarta,simulador_campo,0,34.6,23.7,-0.5,0.0,31.8,16.7,2026-10-02,10,manha,1
2026-10-02 10:30:00,TAL-04,SNS-04,27.3,34.6,86.3,0,0,0.0,49.9,lagarta,simulador_campo,0,34.7,24.5,-0.6,0.0,31.8,16.7,2026-10-02,10,manha,1
2026-10-02 11:00:00,TAL-04,SNS-04,26.6,34.4,96.7,0,0,0.0,50.2,lagarta,simulador_campo,0,34.7,25.3,-0.2,0.0,31.8,16.7,2026-10-02,11,manha,1
2026-10-02 11:30:00,TAL-04,SNS-04,27.5,34.2,100.0,0,0,0.0,50.6,lagarta,simulador_campo,0,34.6,25.9,-0.9,0.0,31.8,16.7,2026-10-02,11,manha,1
2026-10-02 12:00:00,TAL-04,SNS-04,28.8,33.2,98.7,0,0,0.0,50.9,lagarta,simulador_campo,0,34.3,26.7,-1.5,0.0,31.8,16.7,2026-10-02,12,tarde,1
2026-10-02 12:30:00,TAL-04,SNS-04,29.6,33.2,95.8,0,0,0.0,51.3,lagarta,simulador_campo,0,34.1,27.6,-1.0,0.0,31.8,16.7,2026-10-02,12,tarde,1
2026-10-02 13:00:00,TAL-04,SNS-04,31.0,33.1,100.0,1,0,0.0,51.5,lagarta,simulador_campo,0,33.8,28.5,-0.7,0.0,31.8,16.7,2026-10-02,13,tarde,1
2026-10-02 13:30:00,TAL-04,SNS-04,29.9,32.8,95.6,0,0,0.0,51.7,lagarta,simulador_campo,0,33.5,28.9,-1.6,0.0,31.8,16.7,2026-10-02,13,tarde,1
2026-10-02 14:00:00,TAL-04,SNS-04,31.5,32.1,92.1,1,0,0.0,52.0,lagarta,simulador_campo,0,33.1,29.7,-2.9,0.0,31.8,16.7,2026-10-02,14,tarde,1
2026-10-02 14:30:00,TAL-04,SNS-04,30.7,31.8,83.4,0,0,0.0,52.4,lagarta,simulador_campo,0,32.7,30.2,-3.0,0.0,31.8,16.7,2026-10-02,14,tarde,1
2026-10-02 15:00:00,TAL-04,SNS-04,31.2,32.1,78.9,0,0,0.0,52.7,lagarta,simulador_campo,0,32.5,30.6,-2.7,0.0,31.5,16.7,2026-10-02,15,tarde,1
2026-10-02 15:30:00,TAL-04,SNS-04,31.6,32.0,65.6,0,0,0.0,53.1,lagarta,simulador_campo,0,32.3,31.0,-2.8,0.0,31.6,16.7,2026-10-02,15,tarde,1
2026-10-02 16:00:00,TAL-04,SNS-04,32.0,31.7,57.9,0,0,0.0,53.5,lagarta,simulador_campo,0,32.1,31.2,-2.9,0.0,32.0,16.7,2026-10-02,16,tarde,1
2026-10-02 16:30:00,TAL-04,SNS-04,30.8,31.3,48.8,1,0,0.0,53.9,lagarta,simulador_campo,0,31.8,31.3,-3.1,0.0,32.0,16.7,2026-10-02,16,tarde,1
2026-10-02 17:00:00,TAL-04,SNS-04,30.3,30.3,37.6,0,0,0.0,54.4,lagarta,simulador_campo,0,31.5,31.1,-3.9,0.0,32.0,16.7,2026-10-02,17,tarde,1
2026-10-02 17:30:00,TAL-04,SNS-04,29.7,32.8,23.0,0,1,0.0,54.8,lagarta,simulador_campo,0,31.7,30.9,-0.4,0.0,32.0,16.7,2026-10-02,17,tarde,1
2026-10-02 18:00:00,TAL-04,SNS-04,28.4,35.3,14.8,0,1,0.0,55.0,lagarta,simulador_campo,0,32.2,30.5,2.1,0.0,32.0,16.7,2026-10-02,18,noite,1
2026-10-02 18:30:00,TAL-04,SNS-04,27.7,38.1,1.0,0,1,0.0,55.2,lagarta,simulador_campo,0,33.2,29.8,5.0,0.0,32.0,16.7,2026-10-02,18,noite,1
2026-10-02 19:00:00,TAL-04,SNS-04,27.8,40.6,1.5,0,1,0.0,55.6,lagarta,simulador_campo,0,34.7,29.1,7.8,0.0,32.0,16.7,2026-10-02,19,noite,1
2026-10-02 19:30:00,TAL-04,SNS-04,26.2,43.7,0.1,1,1,0.0,55.9,lagarta,simulador_campo,0,36.8,28.4,11.6,0.0,32.0,16.7,2026-10-02,19,noite,1
2026-10-02 20:00:00,TAL-04,SNS-04,26.0,46.9,3.8,0,1,0.0,56.4,lagarta,simulador_campo,0,39.6,27.6,15.1,0.0,32.0,16.7,2026-10-02,20,noite,1
2026-10-02 20:30:00,TAL-04,SNS-04,24.8,46.3,0.0,1,0,0.0,56.6,lagarta,simulador_campo,0,41.8,26.8,14.2,0.0,32.0,16.7,2026-10-02,20,noite,1
2026-10-02 21:00:00,TAL-04,SNS-04,23.4,46.5,1.6,0,0,0.0,57.0,lagarta,simulador_campo,0,43.7,26.0,14.5,0.0,32.0,16.7,2026-10-02,21,noite,1
2026-10-02 21:30:00,TAL-04,SNS-04,22.3,46.3,0.0,0,0,0.0,57.4,lagarta,simulador_campo,0,45.1,25.1,14.6,0.0,32.0,16.7,2026-10-02,21,noite,1
2026-10-02 22:00:00,TAL-04,SNS-04,21.7,45.9,0.0,0,0,0.0,57.7,lagarta,simulador_campo,0,45.9,24.1,14.6,0.0,32.0,16.7,2026-10-02,22,noite,1
2026-10-02 22:30:00,TAL-04,SNS-04,20.6,45.4,1.9,0,0,0.0,58.0,lagarta,simulador_campo,0,46.2,23.1,15.1,0.0,32.0,16.7,2026-10-02,22,noite,1
2026-10-02 23:00:00,TAL-04,SNS-04,21.0,45.5,2.1,0,0,0.0,58.3,lagarta,simulador_campo,0,46.0,22.3,12.7,0.0,32.0,16.7,2026-10-02,23,noite,1
2026-10-02 23:30:00,TAL-04,SNS-04,19.8,46.2,1.8,0,0,0.0,58.5,lagarta,simulador_campo,0,46.0,21.5,10.9,0.0,32.0,16.7,2026-10-02,23,noite,1
2026-10-03 00:00:00,TAL-04,SNS-04,19.5,45.8,0.0,0,0,0.0,59.1,lagarta,simulador_campo,0,45.8,20.8,7.7,0.0,32.0,16.7,2026-10-03,0,madrugada,1
2026-10-03 00:30:00,TAL-04,SNS-04,19.4,44.9,2.3,0,0,0.0,59.5,lagarta,simulador_campo,0,45.6,20.3,4.3,0.0,32.0,16.7,2026-10-03,0,madrugada,1
2026-10-03 01:00:00,TAL-04,SNS-04,17.6,44.5,1.9,0,0,0.0,59.8,lagarta,simulador_campo,0,45.4,19.7,0.8,0.0,32.0,16.7,2026-10-03,1,madrugada,1
2026-10-03 01:30:00,TAL-04,SNS-04,17.3,45.0,0.0,0,0,0.0,60.0,lagarta,simulador_campo,0,45.3,19.1,-1.9,0.0,32.0,16.7,2026-10-03,1,madrugada,1
2026-10-03 02:00:00,TAL-04,SNS-04,17.3,44.6,3.6,0,0,0.0,60.5,lagarta,simulador_campo,0,45.2,18.5,-1.7,0.0,32.0,16.7,2026-10-03,2,madrugada,1
2026-10-03 02:30:00,TAL-04,SNS-04,17.3,44.6,2.1,0,0,0.0,60.9,lagarta,simulador_campo,0,44.9,18.1,-1.9,0.0,32.0,16.9,2026-10-03,2,madrugada,1
2026-10-03 03:00:00,TAL-04,SNS-04,17.1,46.5,2.0,0,0,1.0,61.4,lagarta,simulador_campo,0,45.0,17.7,0.2,1.0,32.0,17.0,2026-10-03,3,madrugada,1
2026-10-03 03:30:00,TAL-04,SNS-04,17.2,48.0,0.0,0,0,1.0,61.8,lagarta,simulador_campo,0,45.5,17.3,2.1,2.0,32.0,17.1,2026-10-03,3,madrugada,1
2026-10-03 04:00:00,TAL-04,SNS-04,17.8,50.1,0.0,0,0,1.0,62.0,lagarta,simulador_campo,0,46.5,17.3,4.7,3.0,32.0,17.1,2026-10-03,4,madrugada,1
2026-10-03 04:30:00,TAL-04,SNS-04,17.3,51.9,4.6,1,0,1.0,62.2,lagarta,simulador_campo,0,47.6,17.3,6.4,4.0,32.0,17.1,2026-10-03,4,madrugada,1
2026-10-03 05:00:00,TAL-04,SNS-04,17.1,54.1,0.0,0,0,1.0,62.5,lagarta,simulador_campo,0,49.2,17.3,7.9,5.0,32.0,17.1,2026-10-03,5,madrugada,1
2026-10-03 05:30:00,TAL-04,SNS-04,18.9,56.4,3.4,0,0,1.0,62.8,lagarta,simulador_campo,0,51.2,17.6,10.6,6.0,32.0,17.1,2026-10-03,5,madrugada,1
2026-10-03 06:00:00,TAL-04,SNS-04,19.4,55.6,0.0,0,0,0.0,63.1,lagarta,simulador_campo,0,52.7,18.0,10.7,6.0,32.0,17.1,2026-10-03,6,manha,1
2026-10-03 06:30:00,TAL-04,SNS-04,20.3,55.7,11.2,0,0,0.0,63.2,lagarta,simulador_campo,0,54.0,18.5,11.2,6.0,32.0,17.1,2026-10-03,6,manha,1
2026-10-03 07:00:00,TAL-04,SNS-04,20.5,55.4,23.0,0,0,0.0,63.7,lagarta,simulador_campo,0,54.8,18.9,10.4,6.0,32.0,17.1,2026-10-03,7,manha,1
2026-10-03 07:30:00,TAL-04,SNS-04,21.0,55.8,37.3,0,0,0.0,64.0,lagarta,simulador_campo,0,55.5,19.5,11.2,6.0,32.0,17.1,2026-10-03,7,manha,1
2026-10-03 08:00:00,TAL-04,SNS-04,21.1,55.7,49.2,0,0,0.0,64.2,lagarta,simulador_campo,0,55.8,20.2,11.1,6.0,32.0,17.1,2026-10-03,8,manha,1
2026-10-03 08:30:00,TAL-04,SNS-04,22.5,55.4,62.4,1,0,0.0,64.7,lagarta,simulador_campo,0,55.6,20.8,8.9,6.0,32.0,17.1,2026-10-03,8,manha,1
2026-10-03 09:00:00,TAL-04,SNS-04,23.3,55.2,73.7,0,0,0.0,65.2,lagarta,simulador_campo,0,55.5,21.5,7.2,6.0,32.0,17.1,2026-10-03,9,manha,1
2026-10-03 09:30:00,TAL-04,SNS-04,25.1,54.2,74.3,0,0,0.0,65.3,lagarta,simulador_campo,0,55.3,22.2,4.1,6.0,32.0,17.1,2026-10-03,9,manha,1
2026-10-03 10:00:00,TAL-04,SNS-04,25.6,53.5,81.6,0,0,0.0,65.6,lagarta,simulador_campo,0,55.0,23.1,1.6,6.0,32.0,17.1,2026-10-03,10,manha,1
2026-10-03 10:30:00,TAL-04,SNS-04,26.6,53.1,88.9,0,0,0.0,66.1,lagarta,simulador_campo,0,54.5,24.0,-1.0,6.0,32.0,17.1,2026-10-03,10,manha,1
2026-10-03 11:00:00,TAL-04,SNS-04,28.0,51.9,95.2,0,0,0.0,66.5,lagarta,simulador_campo,0,53.9,25.2,-4.5,6.0,32.0,17.1,2026-10-03,11,manha,1
2026-10-03 11:30:00,TAL-04,SNS-04,28.0,52.0,98.9,0,0,0.0,67.0,lagarta,simulador_campo,0,53.3,26.1,-3.6,6.0,32.0,17.1,2026-10-03,11,manha,1
2026-10-03 12:00:00,TAL-04,SNS-04,28.5,51.7,95.8,0,0,0.0,67.2,lagarta,simulador_campo,0,52.7,27.0,-4.0,6.0,32.0,17.1,2026-10-03,12,tarde,1
2026-10-03 12:30:00,TAL-04,SNS-04,29.0,51.4,100.0,0,0,0.0,67.6,lagarta,simulador_campo,0,52.3,27.6,-4.0,6.0,32.0,17.1,2026-10-03,12,tarde,1
2026-10-03 13:00:00,TAL-04,SNS-04,31.4,51.0,100.0,0,0,0.0,68.0,lagarta,simulador_campo,0,51.8,28.6,-4.8,6.0,32.0,17.1,2026-10-03,13,tarde,1
2026-10-03 13:30:00,TAL-04,SNS-04,30.7,50.4,95.2,0,0,0.0,68.2,lagarta,simulador_campo,0,51.4,29.3,-5.3,6.0,32.0,17.1,2026-10-03,13,tarde,1
2026-10-03 14:00:00,TAL-04,SNS-04,30.4,50.2,89.7,1,0,0.0,68.7,lagarta,simulador_campo,0,51.1,29.7,-5.2,6.0,32.0,17.1,2026-10-03,14,tarde,1
2026-10-03 14:30:00,TAL-04,SNS-04,30.0,49.9,86.2,0,0,0.0,69.1,lagarta,simulador_campo,0,50.8,30.0,-5.3,6.0,32.0,17.1,2026-10-03,14,tarde,1
2026-10-03 15:00:00,TAL-04,SNS-04,31.8,49.8,77.9,0,0,0.0,69.6,lagarta,simulador_campo,0,50.4,30.6,-4.4,6.0,32.0,17.1,2026-10-03,15,tarde,1
2026-10-03 15:30:00,TAL-04,SNS-04,31.3,49.4,72.1,0,0,0.0,70.1,lagarta,simulador_campo,0,50.1,30.9,-4.1,6.0,32.0,17.1,2026-10-03,15,tarde,1
2026-10-03 16:00:00,TAL-04,SNS-04,31.4,48.5,57.0,0,0,0.0,70.4,lagarta,simulador_campo,0,49.7,30.9,-4.6,6.0,31.8,17.1,2026-10-03,16,tarde,1
2026-10-03 16:30:00,TAL-04,SNS-04,30.3,47.6,48.9,0,0,0.0,70.8,lagarta,simulador_campo,0,49.2,30.9,-4.3,6.0,31.8,17.1,2026-10-03,16,tarde,1
2026-10-03 17:00:00,TAL-04,SNS-04,29.6,47.0,36.6,0,0,0.0,71.3,lagarta,simulador_campo,0,48.7,30.7,-5.0,6.0,31.8,17.1,2026-10-03,17,tarde,1
2026-10-03 17:30:00,TAL-04,SNS-04,30.3,47.1,27.4,1,0,0.0,71.8,lagarta,simulador_campo,0,48.2,30.8,-4.6,6.0,31.8,17.1,2026-10-03,17,tarde,1
2026-10-03 18:00:00,TAL-04,SNS-04,30.1,46.4,14.1,0,0,0.0,72.1,lagarta,simulador_campo,0,47.7,30.5,-5.0,6.0,31.8,17.1,2026-10-03,18,noite,1
2026-10-03 18:30:00,TAL-04,SNS-04,28.4,45.8,0.0,0,0,0.0,72.4,lagarta,simulador_campo,0,47.1,30.0,-5.2,6.0,31.8,17.1,2026-10-03,18,noite,1
2026-10-03 19:00:00,TAL-04,SNS-04,26.9,46.0,1.8,0,0,0.0,72.9,lagarta,simulador_campo,0,46.6,29.3,-4.4,6.0,31.8,17.1,2026-10-03,19,noite,1
2026-10-03 19:30:00,TAL-04,SNS-04,26.4,46.2,2.8,0,0,0.0,73.1,lagarta,simulador_campo,0,46.4,28.6,-4.0,6.0,31.8,17.1,2026-10-03,19,noite,1
2026-10-03 20:00:00,TAL-04,SNS-04,26.0,45.3,0.1,0,0,0.0,73.7,lagarta,simulador_campo,0,46.1,28.0,-4.6,6.0,31.8,17.1,2026-10-03,20,noite,1
2026-10-03 20:30:00,TAL-04,SNS-04,25.1,44.8,2.2,0,0,0.0,73.9,lagarta,simulador_campo,0,45.8,27.1,-5.0,6.0,31.8,17.1,2026-10-03,20,noite,1
2026-10-03 21:00:00,TAL-04,SNS-04,24.3,44.9,1.8,0,0,0.0,74.2,lagarta,simulador_campo,0,45.5,26.2,-4.5,6.0,31.8,17.1,2026-10-03,21,noite,1
2026-10-03 21:30:00,TAL-04,SNS-04,23.1,44.6,0.0,0,0,0.0,74.7,lagarta,simulador_campo,0,45.3,25.3,-3.9,6.0,31.8,17.1,2026-10-03,21,noite,1
2026-10-03 22:00:00,TAL-04,SNS-04,22.4,44.6,5.6,0,0,0.0,75.0,lagarta,simulador_campo,0,45.1,24.6,-3.0,6.0,31.8,17.1,2026-10-03,22,noite,1
2026-10-03 22:30:00,TAL-04,SNS-04,21.7,44.0,0.0,0,0,0.0,75.0,lagarta,simulador_campo,0,44.7,23.8,-3.0,6.0,31.8,17.1,2026-10-03,22,noite,1
2026-10-03 23:00:00,TAL-04,SNS-04,20.3,43.3,0.4,0,0,0.0,75.0,lagarta,simulador_campo,0,44.4,22.8,-3.8,6.0,31.8,17.1,2026-10-03,23,noite,1
2026-10-03 23:30:00,TAL-04,SNS-04,19.7,43.8,1.8,0,0,0.0,75.0,lagarta,simulador_campo,0,44.2,21.9,-2.6,6.0,31.8,17.1,2026-10-03,23,noite,1
2026-10-04 00:00:00,TAL-04,SNS-04,19.1,44.4,4.2,0,0,0.0,75.0,lagarta,simulador_campo,0,44.1,21.0,-1.4,6.0,31.8,17.1,2026-10-04,0,madrugada,1
2026-10-04 00:30:00,TAL-04,SNS-04,18.1,43.6,2.8,0,0,0.0,75.0,lagarta,simulador_campo,0,43.9,20.2,-2.4,6.0,31.8,17.1,2026-10-04,0,madrugada,1
2026-10-04 01:00:00,TAL-04,SNS-04,17.7,43.6,1.9,1,0,0.0,75.0,lagarta,simulador_campo,0,43.8,19.4,-2.6,6.0,31.8,17.1,2026-10-04,1,madrugada,1
2026-10-04 01:30:00,TAL-04,SNS-04,18.3,43.8,3.1,0,0,0.0,75.0,lagarta,simulador_campo,0,43.8,18.9,-1.5,6.0,31.8,17.1,2026-10-04,1,madrugada,1
2026-10-04 02:00:00,TAL-04,SNS-04,17.6,43.7,0.0,0,0,0.0,75.0,lagarta,simulador_campo,0,43.8,18.4,-1.1,6.0,31.8,17.1,2026-10-04,2,madrugada,1
2026-10-04 02:30:00,TAL-04,SNS-04,16.6,43.0,2.7,1,0,0.0,75.0,lagarta,simulador_campo,0,43.7,17.9,-1.9,6.0,31.8,16.6,2026-10-04,2,madrugada,1
2026-10-04 03:00:00,TAL-04,SNS-04,17.1,42.1,1.4,0,0,0.0,75.0,lagarta,simulador_campo,0,43.3,17.6,-2.5,5.0,31.8,16.6,2026-10-04,3,madrugada,1
2026-10-04 03:30:00,TAL-04,SNS-04,17.7,42.0,1.4,0,0,0.0,75.0,lagarta,simulador_campo,0,43.0,17.5,-2.6,4.0,31.8,16.6,2026-10-04,3,madrugada,1
2026-10-04 04:00:00,TAL-04,SNS-04,17.7,42.1,2.5,1,0,0.0,75.0,lagarta,simulador_campo,0,42.8,17.5,-1.9,3.0,31.8,16.6,2026-10-04,4,madrugada,1
2026-10-04 04:30:00,TAL-04,SNS-04,18.3,42.1,0.0,0,0,0.0,75.0,lagarta,simulador_campo,0,42.5,17.5,-1.2,2.0,31.8,16.6,2026-10-04,4,madrugada,1
2026-10-04 05:00:00,TAL-04,SNS-04,17.1,42.1,3.1,0,0,0.0,75.0,lagarta,simulador_campo,0,42.2,17.4,-1.7,1.0,31.8,16.6,2026-10-04,5,madrugada,1
2026-10-04 05:30:00,TAL-04,SNS-04,19.4,42.0,2.3,0,0,0.0,75.0,lagarta,simulador_campo,0,42.1,17.9,-2.4,0.0,31.8,16.6,2026-10-04,5,madrugada,1
2026-10-04 06:00:00,TAL-04,SNS-04,18.5,41.5,1.3,0,0,0.0,75.0,lagarta,simulador_campo,0,42.0,18.1,-2.1,0.0,31.8,16.6,2026-10-04,6,manha,1
2026-10-04 06:30:00,TAL-04,SNS-04,20.0,41.2,15.5,0,0,0.0,75.0,lagarta,simulador_campo,0,41.8,18.5,-2.4,0.0,31.8,16.6,2026-10-04,6,manha,1
2026-10-04 07:00:00,TAL-04,SNS-04,20.6,40.8,23.2,0,0,0.0,75.0,lagarta,simulador_campo,0,41.6,19.0,-3.0,0.0,31.8,16.6,2026-10-04,7,manha,1
2026-10-04 07:30:00,TAL-04,SNS-04,21.5,40.4,38.7,0,0,0.0,75.0,lagarta,simulador_campo,0,41.3,19.5,-3.3,0.0,31.8,16.6,2026-10-04,7,manha,1
2026-10-04 08:00:00,TAL-04,SNS-04,21.6,40.5,47.7,0,0,0.0,75.0,lagarta,simulador_campo,0,41.1,20.3,-2.5,0.0,31.8,16.6,2026-10-04,8,manha,1
2026-10-04 08:30:00,TAL-04,SNS-04,22.7,40.0,59.6,1,0,0.0,75.0,lagarta,simulador_campo,0,40.7,20.8,-2.1,0.0,31.8,16.6,2026-10-04,8,manha,1
2026-10-04 09:00:00,TAL-04,SNS-04,24.6,39.0,67.5,0,0,0.0,75.0,lagarta,simulador_campo,0,40.3,21.8,-3.0,0.0,31.8,16.6,2026-10-04,9,manha,1
2026-10-04 09:30:00,TAL-04,SNS-04,24.3,38.3,75.3,1,0,0.0,75.0,lagarta,simulador_campo,0,39.8,22.6,-3.8,0.0,31.8,16.6,2026-10-04,9,manha,1
2026-10-04 10:00:00,TAL-04,SNS-04,25.8,37.9,81.9,0,0,0.0,75.0,lagarta,simulador_campo,0,39.4,23.4,-4.2,0.0,31.8,16.6,2026-10-04,10,manha,1
2026-10-04 10:30:00,TAL-04,SNS-04,27.3,37.4,89.0,0,0,0.0,75.0,lagarta,simulador_campo,0,38.8,24.4,-4.7,0.0,31.8,16.6,2026-10-04,10,manha,1
2026-10-04 11:00:00,TAL-04,SNS-04,28.0,36.9,94.6,0,0,0.0,75.0,lagarta,simulador_campo,0,38.2,25.5,-5.1,0.0,31.8,16.6,2026-10-04,11,manha,1
2026-10-04 11:30:00,TAL-04,SNS-04,27.8,36.6,96.8,0,0,0.0,75.0,lagarta,simulador_campo,0,37.7,26.3,-4.9,0.0,31.8,16.6,2026-10-04,11,manha,1
2026-10-04 12:00:00,TAL-04,SNS-04,28.2,36.9,100.0,1,0,0.0,75.0,lagarta,simulador_campo,0,37.3,26.9,-4.3,0.0,31.8,16.6,2026-10-04,12,tarde,1
2026-10-04 12:30:00,TAL-04,SNS-04,29.6,36.7,95.5,0,0,0.0,75.0,lagarta,simulador_campo,0,37.1,27.8,-4.1,0.0,31.8,16.6,2026-10-04,12,tarde,1
2026-10-04 13:00:00,TAL-04,SNS-04,30.8,36.3,96.3,0,0,0.0,75.0,lagarta,simulador_campo,0,36.8,28.6,-4.1,0.0,31.8,16.6,2026-10-04,13,tarde,1
2026-10-04 13:30:00,TAL-04,SNS-04,29.7,36.0,95.5,0,0,0.0,75.0,lagarta,simulador_campo,0,36.6,29.0,-4.5,0.0,31.8,16.6,2026-10-04,13,tarde,1
2026-10-04 14:00:00,TAL-04,SNS-04,30.5,35.9,88.8,0,0,0.0,75.0,lagarta,simulador_campo,0,36.4,29.4,-4.1,0.0,31.8,16.6,2026-10-04,14,tarde,1
2026-10-04 14:30:00,TAL-04,SNS-04,29.9,35.0,84.8,0,0,0.0,75.0,lagarta,simulador_campo,0,36.1,29.8,-4.0,0.0,31.8,16.6,2026-10-04,14,tarde,1
2026-10-04 15:00:00,TAL-04,SNS-04,31.6,34.6,76.2,0,0,0.0,75.0,lagarta,simulador_campo,0,35.8,30.4,-3.7,0.0,31.6,16.6,2026-10-04,15,tarde,1
2026-10-04 15:30:00,TAL-04,SNS-04,31.1,34.4,67.9,0,0,0.0,75.0,lagarta,simulador_campo,0,35.4,30.6,-3.5,0.0,31.6,16.6,2026-10-04,15,tarde,1
2026-10-04 16:00:00,TAL-04,SNS-04,30.7,33.7,57.3,0,0,0.0,75.0,lagarta,simulador_campo,0,34.9,30.6,-3.7,0.0,31.6,16.6,2026-10-04,16,tarde,1
2026-10-04 16:30:00,TAL-04,SNS-04,30.5,33.1,47.8,0,0,0.0,75.0,lagarta,simulador_campo,0,34.4,30.7,-3.8,0.0,31.6,16.6,2026-10-04,16,tarde,1
2026-10-04 17:00:00,TAL-04,SNS-04,29.1,32.4,39.3,0,0,0.0,75.0,lagarta,simulador_campo,0,33.9,30.5,-4.2,0.0,31.6,16.6,2026-10-04,17,tarde,1
2026-10-04 17:30:00,TAL-04,SNS-04,29.3,31.9,22.1,1,0,0.0,75.0,lagarta,simulador_campo,0,33.4,30.4,-5.0,0.0,31.6,16.6,2026-10-04,17,tarde,1
2026-10-04 18:00:00,TAL-04,SNS-04,29.1,31.5,13.1,0,0,0.0,75.0,lagarta,simulador_campo,0,32.8,30.0,-5.2,0.0,31.6,16.6,2026-10-04,18,noite,1
2026-10-04 18:30:00,TAL-04,SNS-04,29.0,31.0,0.3,0,0,0.0,75.0,lagarta,simulador_campo,0,32.3,29.6,-5.3,0.0,31.6,16.6,2026-10-04,18,noite,1
2026-10-04 19:00:00,TAL-04,SNS-04,27.2,30.3,0.0,0,0,0.0,75.0,lagarta,simulador_campo,0,31.7,29.0,-5.7,0.0,31.6,16.6,2026-10-04,19,noite,1
2026-10-04 19:30:00,TAL-04,SNS-04,26.4,30.4,8.3,0,0,0.0,75.0,lagarta,simulador_campo,0,31.2,28.4,-5.5,0.0,31.6,16.6,2026-10-04,19,noite,1
2026-10-04 20:00:00,TAL-04,SNS-04,25.7,32.7,4.9,0,1,0.0,75.0,lagarta,simulador_campo,0,31.3,27.8,-2.3,0.0,31.6,16.6,2026-10-04,20,noite,1
2026-10-04 20:30:00,TAL-04,SNS-04,25.7,35.6,0.0,0,1,0.0,75.0,lagarta,simulador_campo,0,31.9,27.2,1.0,0.0,31.6,16.6,2026-10-04,20,noite,1
2026-10-04 21:00:00,TAL-04,SNS-04,24.7,38.3,1.4,1,1,0.0,75.0,lagarta,simulador_campo,0,33.0,26.4,3.9,0.0,31.6,16.6,2026-10-04,21,noite,1
2026-10-04 21:30:00,TAL-04,SNS-04,21.4,41.4,1.9,1,1,0.0,75.0,lagarta,simulador_campo,0,34.8,25.2,7.7,0.0,31.6,16.6,2026-10-04,21,noite,1
2026-10-04 22:00:00,TAL-04,SNS-04,21.1,43.9,2.8,1,1,0.0,75.0,lagarta,simulador_campo,0,37.1,24.2,10.8,0.0,31.6,16.6,2026-10-04,22,noite,1
2026-10-04 22:30:00,TAL-04,SNS-04,20.9,46.8,0.6,0,1,0.0,75.0,lagarta,simulador_campo,0,39.8,23.2,14.4,0.0,31.6,16.6,2026-10-04,22,noite,1
2026-10-04 23:00:00,TAL-04,SNS-04,21.5,46.6,1.3,1,0,0.0,75.0,lagarta,simulador_campo,0,42.1,22.6,14.7,0.0,31.6,16.6,2026-10-04,23,noite,1
2026-10-04 23:30:00,TAL-04,SNS-04,18.9,46.4,1.9,1,0,0.0,75.0,lagarta,simulador_campo,0,43.9,21.4,14.9,0.0,31.6,16.6,2026-10-04,23,noite,1
2026-09-28 00:00:00,TAL-05,SNS-05,3.2,57.8,0.2,0,0,0.0,2.5,nenhuma,simulador_campo,0,57.8,3.2,0.0,0.0,3.2,3.2,2026-09-28,0,madrugada,0
2026-09-28 00:30:00,TAL-05,SNS-05,1.4,58.2,0.9,0,0,0.0,2.6,nenhuma,simulador_campo,0,58.0,2.3,0.4,0.0,3.2,1.4,2026-09-28,0,madrugada,0
2026-09-28 01:00:00,TAL-05,SNS-05,0.5,57.6,0.0,0,0,0.0,2.9,nenhuma,simulador_campo,0,57.9,1.7,-0.2,0.0,3.2,0.5,2026-09-28,1,madrugada,0
2026-09-28 01:30:00,TAL-05,SNS-05,0.3,57.6,2.5,0,0,0.0,2.7,nenhuma,simulador_campo,0,57.8,1.4,-0.2,0.0,3.2,0.3,2026-09-28,1,madrugada,0
2026-09-28 02:00:00,TAL-05,SNS-05,0.4,58.2,3.3,0,0,0.0,2.8,nenhuma,simulador_campo,0,57.9,1.2,0.4,0.0,3.2,0.3,2026-09-28,2,madrugada,0
2026-09-28 02:30:00,TAL-05,SNS-05,-0.7,57.5,0.0,0,0,0.0,3.0,nenhuma,simulador_campo,0,57.8,0.8,-0.3,0.0,3.2,-0.7,2026-09-28,2,madrugada,0
2026-09-28 03:00:00,TAL-05,SNS-05,0.0,57.3,3.8,0,0,0.0,3.2,nenhuma,simulador_campo,0,57.7,0.3,-0.5,0.0,3.2,-0.7,2026-09-28,3,madrugada,0
2026-09-28 03:30:00,TAL-05,SNS-05,0.1,57.2,1.8,0,0,0.0,3.1,nenhuma,simulador_campo,0,57.6,0.1,-0.6,0.0,3.2,-0.7,2026-09-28,3,madrugada,0
2026-09-28 04:00:00,TAL-05,SNS-05,-0.0,56.6,1.6,0,0,0.0,2.9,nenhuma,simulador_campo,0,57.4,0.0,-1.2,0.0,3.2,-0.7,2026-09-28,4,madrugada,0
2026-09-28 04:30:00,TAL-05,SNS-05,-0.5,56.3,3.3,0,0,0.0,3.0,nenhuma,simulador_campo,0,57.2,-0.1,-1.5,0.0,3.2,-0.7,2026-09-28,4,madrugada,0
2026-09-28 05:00:00,TAL-05,SNS-05,2.1,55.9,0.0,0,0,0.0,2.7,nenhuma,simulador_campo,0,56.8,0.2,-1.9,0.0,3.2,-0.7,2026-09-28,5,madrugada,0
2026-09-28 05:30:00,TAL-05,SNS-05,1.4,56.3,1.3,0,0,0.0,2.6,nenhuma,simulador_campo,0,56.6,0.5,-1.5,0.0,3.2,-0.7,2026-09-28,5,madrugada,0
2026-09-28 06:00:00,TAL-05,SNS-05,3.0,56.2,1.9,0,0,0.0,2.6,nenhuma,simulador_campo,0,56.4,1.0,-2.0,0.0,3.2,-0.7,2026-09-28,6,manha,0
2026-09-28 06:30:00,TAL-05,SNS-05,3.9,56.2,12.6,0,0,0.0,2.8,nenhuma,simulador_campo,0,56.2,1.6,-1.4,0.0,3.9,-0.7,2026-09-28,6,manha,0
2026-09-28 07:00:00,TAL-05,SNS-05,10.4,55.7,20.0,0,0,0.0,3.1,nenhuma,simulador_campo,0,56.1,3.4,-1.9,0.0,10.4,-0.7,2026-09-28,7,manha,0
2026-09-28 07:30:00,TAL-05,SNS-05,12.3,55.4,42.4,0,0,0.0,3.2,nenhuma,simulador_campo,0,56.0,5.5,-2.8,0.0,12.3,-0.7,2026-09-28,7,manha,0
2026-09-28 08:00:00,TAL-05,SNS-05,13.0,55.4,49.3,0,0,0.0,3.4,nenhuma,simulador_campo,0,55.9,7.3,-2.1,0.0,13.0,-0.7,2026-09-28,8,manha,0
2026-09-28 08:30:00,TAL-05,SNS-05,14.0,55.3,58.9,0,0,0.0,3.6,nenhuma,simulador_campo,0,55.7,9.4,-2.0,0.0,14.0,-0.7,2026-09-28,8,manha,0
2026-09-28 09:00:00,TAL-05,SNS-05,14.9,54.8,66.7,0,0,0.0,3.5,nenhuma,simulador_campo,0,55.5,11.4,-2.4,0.0,14.9,-0.7,2026-09-28,9,manha,0
2026-09-28 09:30:00,TAL-05,SNS-05,16.9,55.2,73.4,0,0,0.0,3.6,nenhuma,simulador_campo,0,55.3,13.6,-1.4,0.0,16.9,-0.7,2026-09-28,9,manha,0
2026-09-28 10:00:00,TAL-05,SNS-05,17.4,55.3,83.5,0,0,0.0,3.5,nenhuma,simulador_campo,0,55.2,14.8,-1.0,0.0,17.4,-0.7,2026-09-28,10,manha,0
2026-09-28 10:30:00,TAL-05,SNS-05,18.8,56.0,87.7,0,0,0.0,3.3,nenhuma,simulador_campo,0,55.3,15.8,0.1,0.0,18.8,-0.7,2026-09-28,10,manha,0
2026-09-28 11:00:00,TAL-05,SNS-05,20.4,56.0,92.3,0,0,0.0,3.3,nenhuma,simulador_campo,0,55.4,17.1,-0.3,0.0,20.4,-0.7,2026-09-28,11,manha,0
2026-09-28 11:30:00,TAL-05,SNS-05,20.6,55.4,97.0,0,0,0.0,3.5,nenhuma,simulador_campo,0,55.4,18.2,-0.8,0.0,20.6,-0.7,2026-09-28,11,manha,0
2026-09-28 12:00:00,TAL-05,SNS-05,21.8,55.7,99.6,0,0,0.0,3.6,nenhuma,simulador_campo,0,55.6,19.3,-0.5,0.0,21.8,-0.7,2026-09-28,12,tarde,0
2026-09-28 12:30:00,TAL-05,SNS-05,21.1,55.4,99.0,0,0,0.0,3.6,nenhuma,simulador_campo,0,55.6,20.0,-0.3,0.0,21.8,-0.7,2026-09-28,12,tarde,0
2026-09-28 13:00:00,TAL-05,SNS-05,23.6,55.9,95.4,0,0,0.0,3.5,nenhuma,simulador_campo,0,55.7,21.0,0.5,0.0,23.6,-0.7,2026-09-28,13,tarde,0
2026-09-28 13:30:00,TAL-05,SNS-05,23.9,55.5,96.2,0,0,0.0,3.5,nenhuma,simulador_campo,0,55.6,21.9,0.1,0.0,23.9,-0.7,2026-09-28,13,tarde,0
2026-09-28 14:00:00,TAL-05,SNS-05,23.7,54.8,87.6,0,0,0.0,3.5,nenhuma,simulador_campo,0,55.4,22.4,-0.5,0.0,23.9,-0.7,2026-09-28,14,tarde,0
2026-09-28 14:30:00,TAL-05,SNS-05,23.7,54.3,86.2,0,0,0.0,3.2,nenhuma,simulador_campo,0,55.3,23.0,-0.5,0.0,23.9,-0.7,2026-09-28,14,tarde,0
2026-09-28 15:00:00,TAL-05,SNS-05,23.9,54.5,79.1,0,0,0.0,3.0,nenhuma,simulador_campo,0,55.1,23.3,-0.7,0.0,23.9,-0.7,2026-09-28,15,tarde,0
2026-09-28 15:30:00,TAL-05,SNS-05,24.0,54.5,69.8,0,0,0.0,2.9,nenhuma,simulador_campo,0,54.9,23.8,-0.8,0.0,24.0,-0.7,2026-09-28,15,tarde,0
2026-09-28 16:00:00,TAL-05,SNS-05,24.3,54.6,57.1,0,0,0.0,2.8,nenhuma,simulador_campo,0,54.7,23.9,-1.4,0.0,24.3,-0.7,2026-09-28,16,tarde,0
2026-09-28 16:30:00,TAL-05,SNS-05,23.5,54.0,48.8,0,0,0.0,2.9,nenhuma,simulador_campo,0,54.5,23.8,-2.0,0.0,24.3,-0.7,2026-09-28,16,tarde,0
2026-09-28 17:00:00,TAL-05,SNS-05,22.0,53.4,37.4,0,0,0.0,3.0,nenhuma,simulador_campo,0,54.2,23.6,-2.0,0.0,24.3,-0.7,2026-09-28,17,tarde,0
2026-09-28 17:30:00,TAL-05,SNS-05,22.3,53.0,23.2,0,0,0.0,3.0,nenhuma,simulador_campo,0,54.0,23.3,-2.7,0.0,24.3,-0.7,2026-09-28,17,tarde,0
2026-09-28 18:00:00,TAL-05,SNS-05,21.0,53.4,11.0,0,0,0.0,3.2,nenhuma,simulador_campo,0,53.8,22.8,-2.0,0.0,24.3,-0.7,2026-09-28,18,noite,0
2026-09-28 18:30:00,TAL-05,SNS-05,19.8,53.4,0.0,0,0,0.0,3.2,nenhuma,simulador_campo,0,53.6,22.2,-2.5,0.0,24.3,-0.7,2026-09-28,18,noite,0
2026-09-28 19:00:00,TAL-05,SNS-05,19.9,53.1,1.1,0,0,0.0,3.3,nenhuma,simulador_campo,0,53.4,21.4,-2.4,0.0,24.3,-0.7,2026-09-28,19,noite,0
2026-09-28 19:30:00,TAL-05,SNS-05,18.2,54.3,1.4,0,0,0.0,3.3,nenhuma,simulador_campo,0,53.4,20.5,-0.5,0.0,24.3,-0.7,2026-09-28,19,noite,0
2026-09-28 20:00:00,TAL-05,SNS-05,17.2,53.9,0.0,0,0,0.0,3.7,nenhuma,simulador_campo,0,53.5,19.7,-0.4,0.0,24.3,-0.7,2026-09-28,20,noite,0
2026-09-28 20:30:00,TAL-05,SNS-05,15.7,53.5,3.5,0,0,0.0,3.5,nenhuma,simulador_campo,0,53.6,18.6,-1.0,0.0,24.3,-0.7,2026-09-28,20,noite,0
2026-09-28 21:00:00,TAL-05,SNS-05,15.0,53.4,0.5,0,0,0.0,3.8,nenhuma,simulador_campo,0,53.6,17.6,-1.1,0.0,24.3,-0.7,2026-09-28,21,noite,0
2026-09-28 21:30:00,TAL-05,SNS-05,12.8,53.2,2.7,0,0,0.0,3.6,nenhuma,simulador_campo,0,53.6,16.5,-1.4,0.0,24.3,-0.7,2026-09-28,21,noite,0
2026-09-28 22:00:00,TAL-05,SNS-05,12.5,53.0,4.3,0,0,0.0,3.5,nenhuma,simulador_campo,0,53.6,15.2,-1.0,0.0,24.3,-0.7,2026-09-28,22,noite,0
2026-09-28 22:30:00,TAL-05,SNS-05,5.0,53.5,1.6,1,0,0.0,3.8,nenhuma,simulador_campo,0,53.4,13.0,0.1,0.0,24.3,-0.7,2026-09-28,22,noite,0
2026-09-28 23:00:00,TAL-05,SNS-05,4.9,52.9,0.0,0,0,0.0,4.0,nenhuma,simulador_campo,0,53.2,11.0,-0.1,0.0,24.3,-0.7,2026-09-28,23,noite,0
2026-09-28 23:30:00,TAL-05,SNS-05,4.2,53.4,0.0,0,0,0.0,4.0,nenhuma,simulador_campo,1,53.2,9.1,0.0,0.0,24.3,-0.7,2026-09-28,23,noite,0
2026-09-29 00:00:00,TAL-05,SNS-05,3.5,53.0,5.4,0,0,0.0,3.8,nenhuma,simulador_campo,0,53.2,7.2,-0.4,0.0,24.3,-0.7,2026-09-29,0,madrugada,0
2026-09-29 00:30:00,TAL-05,SNS-05,3.0,52.5,0.0,0,0,0.0,4.0,nenhuma,simulador_campo,0,53.0,5.5,-0.6,0.0,24.3,-0.7,2026-09-29,0,madrugada,0
2026-09-29 01:00:00,TAL-05,SNS-05,1.8,52.5,3.4,0,0,0.0,3.9,nenhuma,simulador_campo,0,53.0,3.7,-1.8,0.0,24.3,-0.7,2026-09-29,1,madrugada,0
2026-09-29 01:30:00,TAL-05,SNS-05,0.5,52.2,2.6,0,0,0.0,3.9,nenhuma,simulador_campo,0,52.8,3.0,-1.7,0.0,24.3,-0.7,2026-09-29,1,madrugada,0
2026-09-29 02:00:00,TAL-05,SNS-05,0.8,52.0,0.6,0,0,0.0,3.9,nenhuma,simulador_campo,0,52.6,2.3,-1.5,0.0,24.3,-0.7,2026-09-29,2,madrugada,0
2026-09-29 02:30:00,TAL-05,SNS-05,-0.3,51.7,3.3,0,0,0.0,3.9,nenhuma,simulador_campo,0,52.3,1.6,-1.7,0.0,24.3,-0.5,2026-09-29,2,madrugada,0
2026-09-29 03:00:00,TAL-05,SNS-05,-0.7,52.4,0.0,0,0,0.0,3.8,nenhuma,simulador_campo,0,52.2,0.8,-0.8,0.0,24.3,-0.7,2026-09-29,3,madrugada,0
2026-09-29 03:30:00,TAL-05,SNS-05,0.3,51.7,4.9,0,0,0.0,3.9,nenhuma,simulador_campo,0,52.1,0.4,-1.3,0.0,24.3,-0.7,2026-09-29,3,madrugada,0
2026-09-29 04:00:00,TAL-05,SNS-05,-0.3,51.6,1.5,0,0,0.0,3.9,nenhuma,simulador_campo,0,51.9,0.1,-1.9,0.0,24.3,-0.7,2026-09-29,4,madrugada,0
2026-09-29 04:30:00,TAL-05,SNS-05,1.2,50.7,4.0,0,0,0.0,3.8,nenhuma,simulador_campo,0,51.7,0.2,-2.2,0.0,24.3,-0.7,2026-09-29,4,madrugada,0
2026-09-29 05:00:00,TAL-05,SNS-05,0.4,50.4,3.6,0,0,0.0,4.2,nenhuma,simulador_campo,0,51.4,0.1,-3.0,0.0,24.3,-0.7,2026-09-29,5,madrugada,0
2026-09-29 05:30:00,TAL-05,SNS-05,1.6,49.7,0.0,0,0,0.0,4.0,nenhuma,simulador_campo,0,51.1,0.4,-3.3,0.0,24.3,-0.7,2026-09-29,5,madrugada,0
2026-09-29 06:00:00,TAL-05,SNS-05,2.6,49.6,4.3,0,0,0.0,3.8,nenhuma,simulador_campo,0,50.6,1.0,-2.9,0.0,24.3,-0.7,2026-09-29,6,manha,0
2026-09-29 06:30:00,TAL-05,SNS-05,3.8,48.7,14.9,0,0,0.0,4.1,nenhuma,simulador_campo,0,50.1,1.6,-3.8,0.0,24.3,-0.7,2026-09-29,6,manha,0
2026-09-29 07:00:00,TAL-05,SNS-05,10.8,48.3,23.7,0,0,0.0,3.9,nenhuma,simulador_campo,0,49.6,3.4,-3.9,0.0,24.3,-0.7,2026-09-29,7,manha,0
2026-09-29 07:30:00,TAL-05,SNS-05,11.2,48.2,33.8,0,0,0.0,4.2,nenhuma,simulador_campo,0,49.2,5.1,-3.8,0.0,24.3,-0.7,2026-09-29,7,manha,0
2026-09-29 08:00:00,TAL-05,SNS-05,10.8,48.2,46.0,0,0,0.0,4.2,nenhuma,simulador_campo,0,48.8,6.8,-3.5,0.0,24.3,-0.7,2026-09-29,8,manha,0
2026-09-29 08:30:00,TAL-05,SNS-05,13.5,48.0,60.7,0,0,0.0,4.5,nenhuma,simulador_campo,0,48.5,8.8,-4.4,0.0,24.3,-0.7,2026-09-29,8,manha,0
2026-09-29 09:00:00,TAL-05,SNS-05,15.8,47.8,69.8,0,0,0.0,4.3,nenhuma,simulador_campo,0,48.2,11.0,-3.9,0.0,24.3,-0.7,2026-09-29,9,manha,0
2026-09-29 09:30:00,TAL-05,SNS-05,16.5,47.8,75.5,0,0,0.0,4.3,nenhuma,simulador_campo,0,48.1,13.1,-3.8,0.0,24.3,-0.7,2026-09-29,9,manha,0
2026-09-29 10:00:00,TAL-05,SNS-05,16.9,47.4,87.4,0,0,0.0,4.3,nenhuma,simulador_campo,0,47.9,14.1,-3.3,0.0,24.3,-0.7,2026-09-29,10,manha,0
2026-09-29 10:30:00,TAL-05,SNS-05,18.5,47.6,95.4,0,0,0.0,4.6,nenhuma,simulador_campo,0,47.8,15.3,-2.8,0.0,24.3,-0.7,2026-09-29,10,manha,0
2026-09-29 11:00:00,TAL-05,SNS-05,19.6,47.6,95.4,0,0,0.0,4.7,nenhuma,simulador_campo,0,47.7,16.8,-2.1,0.0,24.3,-0.7,2026-09-29,11,manha,0
2026-09-29 11:30:00,TAL-05,SNS-05,20.3,47.4,98.7,0,0,0.0,4.4,nenhuma,simulador_campo,0,47.6,17.9,-2.2,0.0,24.3,-0.7,2026-09-29,11,manha,0
2026-09-29 12:00:00,TAL-05,SNS-05,21.1,47.7,100.0,0,0,0.0,4.4,nenhuma,simulador_campo,0,47.6,18.8,-1.0,0.0,24.3,-0.7,2026-09-29,12,tarde,0
2026-09-29 12:30:00,TAL-05,SNS-05,21.8,47.6,96.2,0,0,0.0,4.2,nenhuma,simulador_campo,0,47.6,19.7,-0.7,0.0,24.3,-0.7,2026-09-29,12,tarde,0
2026-09-29 13:00:00,TAL-05,SNS-05,23.3,47.3,97.0,1,0,0.0,4.2,nenhuma,simulador_campo,0,47.5,20.8,-0.9,0.0,24.3,-0.7,2026-09-29,13,tarde,0
2026-09-29 13:30:00,TAL-05,SNS-05,23.5,47.4,91.7,0,0,0.0,4.1,nenhuma,simulador_campo,0,47.5,21.6,-0.8,0.0,24.3,-0.7,2026-09-29,13,tarde,0
2026-09-29 14:00:00,TAL-05,SNS-05,24.2,47.5,91.6,0,0,0.0,4.1,nenhuma,simulador_campo,0,47.5,22.4,-0.5,0.0,24.3,-0.7,2026-09-29,14,tarde,0
2026-09-29 14:30:00,TAL-05,SNS-05,23.7,47.7,83.2,0,0,0.0,3.9,nenhuma,simulador_campo,0,47.5,22.9,-0.1,0.0,24.3,-0.7,2026-09-29,14,tarde,0
2026-09-29 15:00:00,TAL-05,SNS-05,24.2,50.6,28.0,0,0,1.5,3.9,nenhuma,simulador_campo,0,48.0,23.4,2.8,1.5,24.3,-0.7,2026-09-29,15,tarde,0
2026-09-29 15:30:00,TAL-05,SNS-05,23.6,53.8,23.5,0,0,1.5,4.2,nenhuma,simulador_campo,0,49.1,23.8,6.4,3.0,24.3,-0.7,2026-09-29,15,tarde,0
2026-09-29 16:00:00,TAL-05,SNS-05,24.0,56.8,21.5,0,0,1.5,4.3,nenhuma,simulador_campo,0,50.6,23.9,9.2,4.5,24.2,-0.7,2026-09-29,16,tarde,0
2026-09-29 16:30:00,TAL-05,SNS-05,23.1,59.7,18.7,0,0,1.5,4.3,nenhuma,simulador_campo,0,52.7,23.8,12.1,6.0,24.2,-0.7,2026-09-29,16,tarde,0
2026-09-29 17:00:00,TAL-05,SNS-05,22.5,59.7,35.3,0,0,0.0,4.3,nenhuma,simulador_campo,0,54.7,23.5,12.3,6.0,24.2,-0.7,2026-09-29,17,tarde,0
2026-09-29 17:30:00,TAL-05,SNS-05,20.7,59.9,21.5,0,0,0.0,4.5,nenhuma,simulador_campo,0,56.8,23.0,12.2,6.0,24.2,-0.7,2026-09-29,17,tarde,0
2026-09-29 18:00:00,TAL-05,SNS-05,21.6,60.2,11.5,0,0,0.0,4.4,nenhuma,simulador_campo,0,58.4,22.6,12.6,6.0,24.2,-0.7,2026-09-29,18,noite,0
2026-09-29 18:30:00,TAL-05,SNS-05,20.2,60.6,0.0,0,0,0.0,4.4,nenhuma,simulador_campo,0,59.5,22.0,13.3,6.0,24.2,-0.7,2026-09-29,18,noite,0
2026-09-29 19:00:00,TAL-05,SNS-05,18.7,60.7,0.0,0,0,0.0,4.2,nenhuma,simulador_campo,0,60.1,21.1,13.3,6.0,24.2,-0.7,2026-09-29,19,noite,0
2026-09-29 19:30:00,TAL-05,SNS-05,17.8,60.4,0.0,0,0,0.0,4.1,nenhuma,simulador_campo,0,60.2,20.2,12.9,6.0,24.2,-0.7,2026-09-29,19,noite,0
2026-09-29 20:00:00,TAL-05,SNS-05,17.8,60.5,2.4,0,0,0.0,4.0,nenhuma,simulador_campo,0,60.4,19.5,12.8,6.0,24.2,-0.7,2026-09-29,20,noite,0
2026-09-29 20:30:00,TAL-05,SNS-05,16.2,60.0,0.0,0,0,0.0,4.1,nenhuma,simulador_campo,0,60.4,18.7,9.4,6.0,24.2,-0.7,2026-09-29,20,noite,0
2026-09-29 21:00:00,TAL-05,SNS-05,15.0,59.1,4.2,0,0,0.0,3.8,nenhuma,simulador_campo,0,60.2,17.6,5.3,6.0,24.2,-0.7,2026-09-29,21,noite,0
2026-09-29 21:30:00,TAL-05,SNS-05,13.6,59.0,4.0,0,0,0.0,3.6,nenhuma,simulador_campo,0,60.0,16.5,2.2,6.0,24.2,-0.7,2026-09-29,21,noite,0
2026-09-29 22:00:00,TAL-05,SNS-05,12.4,59.0,0.0,0,0,0.0,3.4,nenhuma,simulador_campo,0,59.7,15.5,-0.7,6.0,24.2,-0.7,2026-09-29,22,noite,0
2026-09-29 22:30:00,TAL-05,SNS-05,4.3,58.9,1.6,0,0,0.0,3.7,nenhuma,simulador_campo,0,59.4,13.2,-0.8,6.0,24.2,-0.7,2026-09-29,22,noite,0
2026-09-29 23:00:00,TAL-05,SNS-05,4.0,58.8,0.1,0,0,0.0,3.7,nenhuma,simulador_campo,0,59.1,10.9,-1.1,6.0,24.2,-0.7,2026-09-29,23,noite,0
2026-09-29 23:30:00,TAL-05,SNS-05,3.9,58.8,3.1,0,0,0.0,3.8,nenhuma,simulador_campo,0,58.9,8.9,-1.4,6.0,24.2,-0.7,2026-09-29,23,noite,0
2026-09-30 00:00:00,TAL-05,SNS-05,1.7,58.7,1.7,0,0,0.0,3.9,nenhuma,simulador_campo,0,58.9,6.6,-1.9,6.0,24.2,-0.7,2026-09-30,0,madrugada,0
2026-09-30 00:30:00,TAL-05,SNS-05,1.5,58.8,3.9,0,0,0.0,4.1,nenhuma,simulador_campo,0,58.8,4.6,-1.9,6.0,24.2,-0.7,2026-09-30,0,madrugada,0
2026-09-30 01:00:00,TAL-05,SNS-05,0.4,58.7,2.0,0,0,0.0,4.0,nenhuma,simulador_campo,0,58.8,2.6,-1.7,6.0,24.2,-0.7,2026-09-30,1,madrugada,0
2026-09-30 01:30:00,TAL-05,SNS-05,0.4,58.0,2.5,0,0,0.0,4.0,nenhuma,simulador_campo,0,58.6,2.0,-2.5,6.0,24.2,-0.7,2026-09-30,1,madrugada,0
2026-09-30 02:00:00,TAL-05,SNS-05,0.8,57.3,0.0,0,0,0.0,4.2,nenhuma,simulador_campo,0,58.4,1.4,-2.7,6.0,24.2,-0.7,2026-09-30,2,madrugada,0
2026-09-30 02:30:00,TAL-05,SNS-05,0.8,57.2,0.0,0,0,0.0,4.1,nenhuma,simulador_campo,0,58.1,0.9,-1.9,6.0,24.2,-0.7,2026-09-30,2,madrugada,0
2026-09-30 03:00:00,TAL-05,SNS-05,-0.6,57.3,3.0,0,0,0.0,4.1,nenhuma,simulador_campo,0,57.9,0.6,-1.7,6.0,24.2,-0.6,2026-09-30,3,madrugada,0
2026-09-30 03:30:00,TAL-05,SNS-05,0.3,56.5,1.1,0,0,0.0,4.1,nenhuma,simulador_campo,0,57.5,0.4,-2.5,6.0,24.2,-0.6,2026-09-30,3,madrugada,0
2026-09-30 04:00:00,TAL-05,SNS-05,1.6,56.1,1.7,0,0,0.0,4.3,nenhuma,simulador_campo,0,57.1,0.6,-2.8,6.0,24.2,-0.6,2026-09-30,4,madrugada,0
2026-09-30 04:30:00,TAL-05,SNS-05,0.2,56.4,0.0,0,0,0.0,4.2,nenhuma,simulador_campo,0,56.8,0.5,-2.4,6.0,24.2,-0.6,2026-09-30,4,madrugada,0
2026-09-30 05:00:00,TAL-05,SNS-05,1.4,56.8,3.0,0,0,0.0,4.0,nenhuma,simulador_campo,0,56.7,0.6,-2.0,6.0,24.2,-0.6,2026-09-30,5,madrugada,0
2026-09-30 05:30:00,TAL-05,SNS-05,0.9,56.2,3.0,0,0,0.0,3.7,nenhuma,simulador_campo,0,56.6,0.6,-2.5,6.0,24.2,-0.6,2026-09-30,5,madrugada,0
2026-09-30 06:00:00,TAL-05,SNS-05,2.6,56.3,0.5,0,0,0.0,3.4,nenhuma,simulador_campo,0,56.4,1.2,-2.5,6.0,24.2,-0.6,2026-09-30,6,manha,0
2026-09-30 06:30:00,TAL-05,SNS-05,3.2,56.1,9.8,0,0,0.0,3.6,nenhuma,simulador_campo,0,56.3,1.6,-2.6,6.0,24.2,-0.6,2026-09-30,6,manha,0
2026-09-30 07:00:00,TAL-05,SNS-05,10.5,56.7,27.6,1,0,0.0,3.5,nenhuma,simulador_campo,0,56.4,3.1,-1.3,6.0,24.2,-0.6,2026-09-30,7,manha,0
2026-09-30 07:30:00,TAL-05,SNS-05,11.7,56.9,34.0,0,0,0.0,3.4,nenhuma,simulador_campo,0,56.5,5.0,-0.4,6.0,24.2,-0.6,2026-09-30,7,manha,0
2026-09-30 08:00:00,TAL-05,SNS-05,13.3,56.8,46.8,0,0,0.0,3.6,nenhuma,simulador_campo,0,56.5,7.0,-0.4,6.0,24.2,-0.6,2026-09-30,8,manha,0
2026-09-30 08:30:00,TAL-05,SNS-05,13.8,57.2,60.5,0,0,0.0,3.5,nenhuma,simulador_campo,0,56.7,9.2,-0.1,6.0,24.2,-0.6,2026-09-30,8,manha,0
2026-09-30 09:00:00,TAL-05,SNS-05,14.8,57.5,70.4,0,0,0.0,3.3,nenhuma,simulador_campo,0,56.9,11.2,1.0,6.0,24.2,-0.6,2026-09-30,9,manha,0
2026-09-30 09:30:00,TAL-05,SNS-05,15.5,57.1,74.4,0,0,0.0,3.4,nenhuma,simulador_campo,0,57.0,13.3,1.0,6.0,24.2,-0.6,2026-09-30,9,manha,0
2026-09-30 10:00:00,TAL-05,SNS-05,17.9,56.5,83.6,0,0,0.0,4.0,nenhuma,simulador_campo,0,57.0,14.5,0.1,6.0,24.2,-0.6,2026-09-30,10,manha,0
2026-09-30 10:30:00,TAL-05,SNS-05,18.7,56.0,90.5,0,0,0.0,3.7,nenhuma,simulador_campo,0,56.8,15.7,-0.8,6.0,24.2,-0.6,2026-09-30,10,manha,0
2026-09-30 11:00:00,TAL-05,SNS-05,19.5,55.3,93.9,0,0,0.0,3.9,nenhuma,simulador_campo,0,56.6,16.7,-0.9,6.0,24.2,-0.6,2026-09-30,11,manha,0
2026-09-30 11:30:00,TAL-05,SNS-05,21.1,54.4,100.0,0,0,0.0,4.1,nenhuma,simulador_campo,0,56.1,17.9,-1.9,6.0,24.2,-0.6,2026-09-30,11,manha,0
2026-09-30 12:00:00,TAL-05,SNS-05,21.7,54.1,100.0,0,0,0.0,3.9,nenhuma,simulador_campo,0,55.6,19.1,-2.0,6.0,24.2,-0.6,2026-09-30,12,tarde,0
2026-09-30 12:30:00,TAL-05,SNS-05,21.4,53.3,100.0,0,0,0.0,3.6,nenhuma,simulador_campo,0,54.9,20.0,-3.4,6.0,24.2,-0.6,2026-09-30,12,tarde,0
2026-09-30 13:00:00,TAL-05,SNS-05,22.6,52.9,100.0,0,0,0.0,3.8,nenhuma,simulador_campo,0,54.3,20.8,-4.0,6.0,24.2,-0.6,2026-09-30,13,tarde,0
2026-09-30 13:30:00,TAL-05,SNS-05,22.4,52.8,95.5,0,0,0.0,3.8,nenhuma,simulador_campo,0,53.8,21.5,-4.0,6.0,24.2,-0.6,2026-09-30,13,tarde,0
2026-09-30 14:00:00,TAL-05,SNS-05,24.5,52.7,90.6,0,0,0.0,3.8,nenhuma,simulador_campo,0,53.4,22.3,-4.5,6.0,24.5,-0.6,2026-09-30,14,tarde,0
2026-09-30 14:30:00,TAL-05,SNS-05,24.7,53.1,84.6,0,0,0.0,3.8,nenhuma,simulador_campo,0,53.2,22.9,-4.4,6.0,24.7,-0.6,2026-09-30,14,tarde,0
2026-09-30 15:00:00,TAL-05,SNS-05,23.5,52.5,77.4,0,0,0.0,3.9,nenhuma,simulador_campo,0,52.9,23.2,-4.6,4.5,24.7,-0.6,2026-09-30,15,tarde,0
2026-09-30 15:30:00,TAL-05,SNS-05,25.0,52.7,68.4,0,0,0.0,3.8,nenhuma,simulador_campo,0,52.8,23.8,-3.8,3.0,25.0,-0.6,2026-09-30,15,tarde,0
2026-09-30 16:00:00,TAL-05,SNS-05,24.2,52.4,59.4,0,0,0.0,3.9,nenhuma,simulador_campo,0,52.7,24.0,-3.6,1.5,25.0,-0.6,2026-09-30,16,tarde,0
2026-09-30 16:30:00,TAL-05,SNS-05,23.0,52.3,45.1,0,0,0.0,3.8,nenhuma,simulador_campo,0,52.6,24.2,-3.0,0.0,25.0,-0.6,2026-09-30,16,tarde,0
2026-09-30 17:00:00,TAL-05,SNS-05,23.1,51.9,35.6,0,0,0.0,3.4,nenhuma,simulador_campo,0,52.5,23.9,-2.5,0.0,25.0,-0.6,2026-09-30,17,tarde,0
2026-09-30 17:30:00,TAL-05,SNS-05,21.5,51.2,22.9,0,0,0.0,3.5,nenhuma,simulador_campo,0,52.2,23.4,-2.9,0.0,25.0,-0.6,2026-09-30,17,tarde,0
2026-09-30 18:00:00,TAL-05,SNS-05,22.9,51.1,12.1,0,0,0.0,3.4,nenhuma,simulador_campo,0,51.9,23.3,-2.2,0.0,25.0,-0.6,2026-09-30,18,noite,0
2026-09-30 18:30:00,TAL-05,SNS-05,21.5,50.7,1.0,0,0,0.0,3.6,nenhuma,simulador_campo,0,51.6,22.7,-2.2,0.0,25.0,-0.6,2026-09-30,18,noite,0
2026-09-30 19:00:00,TAL-05,SNS-05,18.8,49.6,1.9,0,0,0.0,3.8,nenhuma,simulador_campo,0,51.1,21.8,-3.2,0.0,25.0,-0.6,2026-09-30,19,noite,0
2026-09-30 19:30:00,TAL-05,SNS-05,19.6,49.4,3.3,0,0,0.0,3.7,nenhuma,simulador_campo,0,50.7,21.2,-3.3,0.0,25.0,-0.6,2026-09-30,19,noite,0
2026-09-30 20:00:00,TAL-05,SNS-05,17.8,49.5,4.2,0,0,0.0,3.5,nenhuma,simulador_campo,0,50.2,20.4,-3.6,0.0,25.0,-0.6,2026-09-30,20,noite,0
2026-09-30 20:30:00,TAL-05,SNS-05,16.3,48.6,1.1,0,0,0.0,3.4,nenhuma,simulador_campo,0,49.8,19.5,-3.9,0.0,25.0,-0.6,2026-09-30,20,noite,0
2026-09-30 21:00:00,TAL-05,SNS-05,14.7,48.4,3.0,0,0,0.0,3.5,nenhuma,simulador_campo,0,49.4,18.1,-4.3,0.0,25.0,-0.6,2026-09-30,21,noite,0
2026-09-30 21:30:00,TAL-05,SNS-05,13.7,48.2,1.0,0,0,0.0,3.4,nenhuma,simulador_campo,0,49.0,16.8,-4.2,0.0,25.0,-0.6,2026-09-30,21,noite,0
2026-09-30 22:00:00,TAL-05,SNS-05,13.5,48.0,0.0,0,0,0.0,3.6,nenhuma,simulador_campo,0,48.7,15.9,-4.3,0.0,25.0,-0.6,2026-09-30,22,noite,0
2026-09-30 22:30:00,TAL-05,SNS-05,5.8,47.9,2.9,0,0,0.0,3.5,nenhuma,simulador_campo,0,48.4,13.6,-4.0,0.0,25.0,-0.6,2026-09-30,22,noite,0
2026-09-30 23:00:00,TAL-05,SNS-05,5.5,47.3,0.0,0,0,0.0,3.4,nenhuma,simulador_campo,0,48.1,11.6,-3.9,0.0,25.0,-0.6,2026-09-30,23,noite,0
2026-09-30 23:30:00,TAL-05,SNS-05,3.3,46.9,0.0,0,0,0.0,3.2,nenhuma,simulador_campo,0,47.8,9.4,-4.2,0.0,25.0,-0.6,2026-09-30,23,noite,0
2026-10-01 00:00:00,TAL-05,SNS-05,2.8,46.9,0.0,0,0,0.0,3.2,nenhuma,simulador_campo,0,47.5,7.4,-3.8,0.0,25.0,-0.6,2026-10-01,0,madrugada,0
2026-10-01 00:30:00,TAL-05,SNS-05,2.8,46.3,0.0,0,0,0.0,3.5,nenhuma,simulador_campo,0,47.2,5.6,-3.3,0.0,25.0,-0.6,2026-10-01,0,madrugada,0
2026-10-01 01:00:00,TAL-05,SNS-05,1.2,45.4,0.2,0,0,0.0,3.4,nenhuma,simulador_campo,0,46.8,3.6,-4.0,0.0,25.0,-0.6,2026-10-01,1,madrugada,0
2026-10-01 01:30:00,TAL-05,SNS-05,0.4,45.5,4.4,0,0,0.0,3.2,nenhuma,simulador_campo,0,46.4,2.7,-4.0,0.0,25.0,-0.6,2026-10-01,1,madrugada,0
2026-10-01 02:00:00,TAL-05,SNS-05,0.4,45.2,4.1,0,0,0.0,3.2,nenhuma,simulador_campo,0,46.0,1.8,-3.4,0.0,25.0,-0.6,2026-10-01,2,madrugada,0
2026-10-01 02:30:00,TAL-05,SNS-05,0.4,44.9,0.0,0,0,0.0,3.1,nenhuma,simulador_campo,0,45.7,1.3,-3.5,0.0,25.0,-0.6,2026-10-01,2,madrugada,0
2026-10-01 03:00:00,TAL-05,SNS-05,0.3,44.4,0.0,0,0,0.0,3.7,nenhuma,simulador_campo,0,45.3,0.9,-3.8,0.0,25.0,0.2,2026-10-01,3,madrugada,0
2026-10-01 03:30:00,TAL-05,SNS-05,1.0,44.5,1.9,0,0,0.0,3.5,nenhuma,simulador_campo,0,45.0,0.6,-3.5,0.0,25.0,0.2,2026-10-01,3,madrugada,0
2026-10-01 04:00:00,TAL-05,SNS-05,-0.9,44.5,5.3,0,0,0.0,3.4,nenhuma,simulador_campo,0,44.8,0.3,-3.4,0.0,25.0,-0.9,2026-10-01,4,madrugada,0
2026-10-01 04:30:00,TAL-05,SNS-05,1.0,44.6,0.0,0,0,0.0,3.3,nenhuma,simulador_campo,0,44.7,0.4,-2.7,0.0,25.0,-0.9,2026-10-01,4,madrugada,0
2026-10-01 05:00:00,TAL-05,SNS-05,-0.1,45.2,6.3,0,0,0.0,2.8,nenhuma,simulador_campo,0,44.7,0.3,-1.7,0.0,25.0,-0.9,2026-10-01,5,madrugada,0
2026-10-01 05:30:00,TAL-05,SNS-05,1.4,45.1,6.5,0,0,0.0,2.6,nenhuma,simulador_campo,0,44.7,0.4,-1.8,0.0,25.0,-0.9,2026-10-01,5,madrugada,0
2026-10-01 06:00:00,TAL-05,SNS-05,2.4,45.3,3.0,0,0,0.0,3.0,nenhuma,simulador_campo,0,44.9,0.8,-1.0,0.0,25.0,-0.9,2026-10-01,6,manha,0
2026-10-01 06:30:00,TAL-05,SNS-05,4.2,44.5,15.0,0,0,0.0,2.8,nenhuma,simulador_campo,0,44.9,1.3,-0.9,0.0,25.0,-0.9,2026-10-01,6,manha,0
2026-10-01 07:00:00,TAL-05,SNS-05,10.3,44.5,22.7,0,0,0.0,2.9,nenhuma,simulador_campo,0,44.9,3.2,-1.0,0.0,25.0,-0.9,2026-10-01,7,manha,0
2026-10-01 07:30:00,TAL-05,SNS-05,11.5,44.5,37.9,0,0,0.0,3.2,nenhuma,simulador_campo,0,44.8,5.0,-0.7,0.0,25.0,-0.9,2026-10-01,7,manha,0
2026-10-01 08:00:00,TAL-05,SNS-05,13.6,43.7,48.4,0,0,0.0,3.1,nenhuma,simulador_campo,0,44.6,7.2,-1.2,0.0,25.0,-0.9,2026-10-01,8,manha,0
2026-10-01 08:30:00,TAL-05,SNS-05,14.7,42.8,62.7,0,0,0.0,3.2,nenhuma,simulador_campo,0,44.2,9.5,-1.6,0.0,25.0,-0.9,2026-10-01,8,manha,0
2026-10-01 09:00:00,TAL-05,SNS-05,16.3,42.7,71.5,0,0,0.0,3.3,nenhuma,simulador_campo,0,43.8,11.8,-1.8,0.0,25.0,-0.9,2026-10-01,9,manha,0
2026-10-01 09:30:00,TAL-05,SNS-05,15.7,43.0,74.9,0,0,0.0,3.2,nenhuma,simulador_campo,0,43.5,13.7,-1.5,0.0,25.0,-0.9,2026-10-01,9,manha,0
2026-10-01 10:00:00,TAL-05,SNS-05,17.8,42.1,84.7,0,0,0.0,3.3,nenhuma,simulador_campo,0,43.1,14.9,-2.5,0.0,25.0,-0.9,2026-10-01,10,manha,0
2026-10-01 10:30:00,TAL-05,SNS-05,18.1,41.6,88.9,0,0,0.0,2.9,nenhuma,simulador_campo,0,42.6,16.0,-3.6,0.0,25.0,-0.9,2026-10-01,10,manha,0
2026-10-01 11:00:00,TAL-05,SNS-05,19.7,41.2,91.2,0,0,0.0,2.8,nenhuma,simulador_campo,0,42.2,17.0,-3.9,0.0,25.0,-0.9,2026-10-01,11,manha,0
2026-10-01 11:30:00,TAL-05,SNS-05,20.3,41.3,99.0,0,0,0.0,2.9,nenhuma,simulador_campo,0,42.0,18.0,-4.0,0.0,25.0,-0.9,2026-10-01,11,manha,0
2026-10-01 12:00:00,TAL-05,SNS-05,21.2,40.6,99.8,0,0,0.0,2.8,nenhuma,simulador_campo,0,41.6,18.8,-3.9,0.0,25.0,-0.9,2026-10-01,12,tarde,0
2026-10-01 12:30:00,TAL-05,SNS-05,22.1,40.5,96.2,0,0,0.0,3.0,nenhuma,simulador_campo,0,41.2,19.9,-4.0,0.0,25.0,-0.9,2026-10-01,12,tarde,0
2026-10-01 13:00:00,TAL-05,SNS-05,22.1,40.3,99.3,0,0,0.0,3.0,nenhuma,simulador_campo,0,40.9,20.6,-4.2,0.0,25.0,-0.9,2026-10-01,13,tarde,0
2026-10-01 13:30:00,TAL-05,SNS-05,23.4,40.1,93.9,0,0,0.0,3.0,nenhuma,simulador_campo,0,40.7,21.5,-3.6,0.0,25.0,-0.9,2026-10-01,13,tarde,0
2026-10-01 14:00:00,TAL-05,SNS-05,22.6,39.3,89.7,0,0,0.0,3.0,nenhuma,simulador_campo,0,40.4,22.0,-3.5,0.0,25.0,-0.9,2026-10-01,14,tarde,0
2026-10-01 14:30:00,TAL-05,SNS-05,23.7,39.6,81.0,0,0,0.0,3.3,nenhuma,simulador_campo,0,40.1,22.5,-3.1,0.0,25.0,-0.9,2026-10-01,14,tarde,0
2026-10-01 15:00:00,TAL-05,SNS-05,24.3,39.1,76.3,0,0,0.0,3.2,nenhuma,simulador_campo,0,39.8,23.0,-3.9,0.0,25.0,-0.9,2026-10-01,15,tarde,0
2026-10-01 15:30:00,TAL-05,SNS-05,24.0,39.0,67.5,0,0,0.0,3.3,nenhuma,simulador_campo,0,39.6,23.3,-3.1,0.0,24.3,-0.9,2026-10-01,15,tarde,0
2026-10-01 16:00:00,TAL-05,SNS-05,22.6,39.9,57.3,0,0,0.0,3.4,nenhuma,simulador_campo,0,39.5,23.4,-1.7,0.0,24.3,-0.9,2026-10-01,16,tarde,0
2026-10-01 16:30:00,TAL-05,SNS-05,22.8,38.8,50.1,1,0,0.0,3.6,nenhuma,simulador_campo,0,39.3,23.3,-2.4,0.0,24.3,-0.9,2026-10-01,16,tarde,0
2026-10-01 17:00:00,TAL-05,SNS-05,22.3,37.8,41.4,0,0,0.0,3.6,nenhuma,simulador_campo,0,39.0,23.3,-3.5,0.0,24.3,-0.9,2026-10-01,17,tarde,0
2026-10-01 17:30:00,TAL-05,SNS-05,21.4,37.4,25.8,0,0,0.0,3.4,nenhuma,simulador_campo,0,38.7,22.9,-3.2,0.0,24.3,-0.9,2026-10-01,17,tarde,0
2026-10-01 18:00:00,TAL-05,SNS-05,20.9,37.3,14.5,0,0,0.0,3.4,nenhuma,simulador_campo,0,38.4,22.3,-3.2,0.0,24.3,-0.9,2026-10-01,18,noite,0
2026-10-01 18:30:00,TAL-05,SNS-05,20.5,36.9,1.3,0,0,0.0,3.8,nenhuma,simulador_campo,0,38.0,21.8,-3.4,0.0,24.3,-0.9,2026-10-01,18,noite,0
2026-10-01 19:00:00,TAL-05,SNS-05,19.2,37.1,0.6,0,0,0.0,4.0,nenhuma,simulador_campo,0,37.6,21.2,-3.0,0.0,24.3,-0.9,2026-10-01,19,noite,0
2026-10-01 19:30:00,TAL-05,SNS-05,18.4,36.7,5.6,0,0,0.0,4.1,nenhuma,simulador_campo,0,37.2,20.4,-2.6,0.0,24.3,-0.9,2026-10-01,19,noite,0
2026-10-01 20:00:00,TAL-05,SNS-05,16.5,37.2,3.5,0,0,0.0,4.2,nenhuma,simulador_campo,0,37.1,19.5,-2.4,0.0,24.3,-0.9,2026-10-01,20,noite,0
2026-10-01 20:30:00,TAL-05,SNS-05,16.0,36.6,0.3,0,0,0.0,3.9,nenhuma,simulador_campo,0,37.0,18.6,-2.5,0.0,24.3,-0.9,2026-10-01,20,noite,0
2026-10-01 21:00:00,TAL-05,SNS-05,14.7,36.3,4.5,0,0,0.0,3.9,nenhuma,simulador_campo,0,36.8,17.5,-2.7,0.0,24.3,-0.9,2026-10-01,21,noite,0
2026-10-01 21:30:00,TAL-05,SNS-05,14.1,36.0,0.9,0,0,0.0,3.9,nenhuma,simulador_campo,0,36.6,16.5,-3.9,0.0,24.3,-0.9,2026-10-01,21,noite,0
2026-10-01 22:00:00,TAL-05,SNS-05,12.3,36.1,2.5,1,0,0.0,3.8,nenhuma,simulador_campo,0,36.5,15.3,-2.7,0.0,24.3,-0.9,2026-10-01,22,noite,0
2026-10-01 22:30:00,TAL-05,SNS-05,4.4,36.7,5.2,0,0,0.0,4.1,nenhuma,simulador_campo,0,36.5,13.0,-1.1,0.0,24.3,-0.9,2026-10-01,22,noite,0
2026-10-01 23:00:00,TAL-05,SNS-05,4.4,36.1,1.6,0,0,0.0,4.1,nenhuma,simulador_campo,0,36.3,11.0,-1.3,0.0,24.3,-0.9,2026-10-01,23,noite,0
2026-10-01 23:30:00,TAL-05,SNS-05,4.0,36.1,0.5,0,0,0.0,4.0,nenhuma,simulador_campo,0,36.2,9.0,-1.2,0.0,24.3,-0.9,2026-10-01,23,noite,0
2026-10-02 00:00:00,TAL-05,SNS-05,2.2,36.5,4.1,0,0,0.0,4.0,nenhuma,simulador_campo,0,36.2,6.9,-0.4,0.0,24.3,-0.9,2026-10-02,0,madrugada,0
2026-10-02 00:30:00,TAL-05,SNS-05,2.3,36.9,0.0,0,0,0.0,4.0,nenhuma,simulador_campo,0,36.4,4.9,-0.2,0.0,24.3,-0.9,2026-10-02,0,madrugada,0
2026-10-02 01:00:00,TAL-05,SNS-05,1.6,37.4,4.3,0,0,0.0,4.1,nenhuma,simulador_campo,0,36.6,3.2,0.7,0.0,24.3,-0.9,2026-10-02,1,madrugada,0
2026-10-02 01:30:00,TAL-05,SNS-05,0.6,37.3,1.0,0,0,0.0,3.9,nenhuma,simulador_campo,0,36.7,2.5,0.1,0.0,24.3,-0.9,2026-10-02,1,madrugada,0
2026-10-02 02:00:00,TAL-05,SNS-05,0.5,36.3,0.0,0,0,0.0,4.2,nenhuma,simulador_campo,0,36.8,1.9,-0.3,0.0,24.3,-0.9,2026-10-02,2,madrugada,0
2026-10-02 02:30:00,TAL-05,SNS-05,0.3,36.6,1.9,0,0,0.0,4.1,nenhuma,simulador_campo,0,36.8,1.2,0.3,0.0,24.3,-0.9,2026-10-02,2,madrugada,0
2026-10-02 03:00:00,TAL-05,SNS-05,0.2,36.7,3.4,0,0,0.0,4.1,nenhuma,simulador_campo,0,36.9,0.9,0.7,0.0,24.3,-0.9,2026-10-02,3,madrugada,0
2026-10-02 03:30:00,TAL-05,SNS-05,0.0,37.4,0.0,0,0,0.0,3.7,nenhuma,simulador_campo,0,36.9,0.5,1.3,0.0,24.3,-0.9,2026-10-02,3,madrugada,0
2026-10-02 04:00:00,TAL-05,SNS-05,-0.7,35.9,1.7,0,0,0.0,3.6,nenhuma,simulador_campo,0,36.7,0.2,-0.8,0.0,24.3,-0.7,2026-10-02,4,madrugada,0
2026-10-02 04:30:00,TAL-05,SNS-05,0.5,36.3,0.5,0,0,0.0,3.4,nenhuma,simulador_campo,0,36.5,0.1,0.2,0.0,24.3,-0.7,2026-10-02,4,madrugada,0
2026-10-02 05:00:00,TAL-05,SNS-05,0.9,36.2,0.0,0,0,0.0,3.0,nenhuma,simulador_campo,0,36.5,0.2,0.1,0.0,24.3,-0.7,2026-10-02,5,madrugada,0
2026-10-02 05:30:00,TAL-05,SNS-05,2.4,35.3,0.8,0,0,0.0,2.6,nenhuma,simulador_campo,0,36.3,0.5,-1.2,0.0,24.3,-0.7,2026-10-02,5,madrugada,0
2026-10-02 06:00:00,TAL-05,SNS-05,3.2,35.2,0.0,0,0,0.0,2.7,nenhuma,simulador_campo,0,36.0,1.0,-1.7,0.0,24.3,-0.7,2026-10-02,6,manha,0
2026-10-02 06:30:00,TAL-05,SNS-05,2.0,34.7,12.1,0,0,0.0,2.8,nenhuma,simulador_campo,0,35.6,1.4,-2.7,0.0,24.3,-0.7,2026-10-02,6,manha,0
2026-10-02 07:00:00,TAL-05,SNS-05,11.5,34.6,27.8,0,0,0.0,3.1,nenhuma,simulador_campo,0,35.4,3.4,-2.7,0.0,24.3,-0.7,2026-10-02,7,manha,0
2026-10-02 07:30:00,TAL-05,SNS-05,11.9,34.3,38.0,0,0,0.0,3.2,nenhuma,simulador_campo,0,35.1,5.3,-2.0,0.0,24.3,-0.7,2026-10-02,7,manha,0
2026-10-02 08:00:00,TAL-05,SNS-05,12.3,33.8,47.6,0,0,0.0,3.6,nenhuma,simulador_campo,0,34.6,7.2,-2.8,0.0,24.3,-0.7,2026-10-02,8,manha,0
2026-10-02 08:30:00,TAL-05,SNS-05,13.9,33.1,58.3,0,0,0.0,3.7,nenhuma,simulador_campo,0,34.3,9.1,-3.6,0.0,24.3,-0.7,2026-10-02,8,manha,0
2026-10-02 09:00:00,TAL-05,SNS-05,14.5,32.7,70.6,1,0,0.0,3.9,nenhuma,simulador_campo,0,33.9,11.0,-4.7,0.0,24.3,-0.7,2026-10-02,9,manha,0
2026-10-02 09:30:00,TAL-05,SNS-05,16.5,32.3,76.2,0,0,0.0,3.9,nenhuma,simulador_campo,0,33.5,13.4,-3.6,0.0,24.3,-0.7,2026-10-02,9,manha,0
2026-10-02 10:00:00,TAL-05,SNS-05,18.0,32.2,85.7,0,0,0.0,4.0,nenhuma,simulador_campo,0,33.1,14.5,-4.1,0.0,24.3,-0.7,2026-10-02,10,manha,0
2026-10-02 10:30:00,TAL-05,SNS-05,18.9,32.0,92.9,0,0,0.0,4.2,nenhuma,simulador_campo,0,32.7,15.7,-4.2,0.0,24.3,-0.7,2026-10-02,10,manha,0
2026-10-02 11:00:00,TAL-05,SNS-05,19.2,31.8,95.7,0,0,0.0,4.1,nenhuma,simulador_campo,0,32.4,16.8,-3.5,0.0,24.3,-0.7,2026-10-02,11,manha,0
2026-10-02 11:30:00,TAL-05,SNS-05,20.7,31.3,97.2,0,0,0.0,4.3,nenhuma,simulador_campo,0,32.1,18.0,-3.9,0.0,24.3,-0.7,2026-10-02,11,manha,0
2026-10-02 12:00:00,TAL-05,SNS-05,21.6,31.1,98.8,0,0,0.0,4.3,nenhuma,simulador_campo,0,31.8,19.2,-3.6,0.0,24.3,-0.7,2026-10-02,12,tarde,0
2026-10-02 12:30:00,TAL-05,SNS-05,22.1,30.9,95.5,0,0,0.0,4.5,nenhuma,simulador_campo,0,31.6,20.1,-3.7,0.0,24.3,-0.7,2026-10-02,12,tarde,0
2026-10-02 13:00:00,TAL-05,SNS-05,22.6,30.2,96.9,0,0,0.0,4.6,nenhuma,simulador_campo,0,31.2,20.8,-4.1,0.0,24.3,-0.7,2026-10-02,13,tarde,0
2026-10-02 13:30:00,TAL-05,SNS-05,23.2,30.0,93.4,0,0,0.0,4.2,nenhuma,simulador_campo,0,30.9,21.6,-3.8,0.0,24.3,-0.7,2026-10-02,13,tarde,0
2026-10-02 14:00:00,TAL-05,SNS-05,24.7,32.6,88.7,0,1,0.0,4.2,nenhuma,simulador_campo,0,31.0,22.5,-0.5,0.0,24.7,-0.7,2026-10-02,14,tarde,0
2026-10-02 14:30:00,TAL-05,SNS-05,24.3,34.6,84.6,0,1,0.0,4.2,nenhuma,simulador_campo,0,31.6,23.1,1.9,0.0,24.7,-0.7,2026-10-02,14,tarde,0
2026-10-02 15:00:00,TAL-05,SNS-05,23.8,38.0,75.4,0,1,0.0,4.2,nenhuma,simulador_campo,0,32.7,23.4,5.7,0.0,24.7,-0.7,2026-10-02,15,tarde,0
2026-10-02 15:30:00,TAL-05,SNS-05,23.8,40.8,70.7,0,1,0.0,4.0,nenhuma,simulador_campo,0,34.4,23.7,8.6,0.0,24.7,-0.7,2026-10-02,15,tarde,0
2026-10-02 16:00:00,TAL-05,SNS-05,23.2,43.6,58.7,0,1,0.0,3.6,nenhuma,simulador_campo,0,36.6,23.8,11.6,0.0,24.7,-0.7,2026-10-02,16,tarde,0
2026-10-02 16:30:00,TAL-05,SNS-05,23.3,46.6,51.9,0,1,0.0,3.9,nenhuma,simulador_campo,0,39.4,23.8,14.8,0.0,24.7,-0.7,2026-10-02,16,tarde,0
2026-10-02 17:00:00,TAL-05,SNS-05,22.6,46.8,34.6,0,0,0.0,4.5,nenhuma,simulador_campo,0,41.7,23.5,15.5,0.0,24.7,-0.7,2026-10-02,17,tarde,0
2026-10-02 17:30:00,TAL-05,SNS-05,21.9,46.7,23.8,0,0,0.0,4.5,nenhuma,simulador_campo,0,43.8,23.1,15.6,0.0,24.7,-0.7,2026-10-02,17,tarde,0
2026-10-02 18:00:00,TAL-05,SNS-05,21.9,46.4,11.6,0,0,0.0,4.5,nenhuma,simulador_campo,0,45.2,22.8,15.5,0.0,24.7,-0.7,2026-10-02,18,noite,0
2026-10-02 18:30:00,TAL-05,SNS-05,20.1,46.0,0.9,0,0,0.0,4.4,nenhuma,simulador_campo,0,46.0,22.2,15.8,0.0,24.7,-0.7,2026-10-02,18,noite,0
2026-10-02 19:00:00,TAL-05,SNS-05,18.8,45.7,2.9,0,0,0.0,4.5,nenhuma,simulador_campo,0,46.4,21.4,15.7,0.0,24.7,-0.7,2026-10-02,19,noite,0
2026-10-02 19:30:00,TAL-05,SNS-05,18.1,45.6,3.0,0,0,0.0,4.5,nenhuma,simulador_campo,0,46.2,20.6,13.0,0.0,24.7,-0.7,2026-10-02,19,noite,0
2026-10-02 20:00:00,TAL-05,SNS-05,17.3,45.6,0.5,0,0,0.0,4.5,nenhuma,simulador_campo,0,46.0,19.7,11.0,0.0,24.7,-0.7,2026-10-02,20,noite,0
2026-10-02 20:30:00,TAL-05,SNS-05,16.7,45.5,0.6,0,0,0.0,4.5,nenhuma,simulador_campo,0,45.8,18.8,7.5,0.0,24.7,-0.7,2026-10-02,20,noite,0
2026-10-02 21:00:00,TAL-05,SNS-05,15.3,44.9,1.6,0,0,0.0,4.8,nenhuma,simulador_campo,0,45.6,17.7,4.1,0.0,24.7,-0.7,2026-10-02,21,noite,0
2026-10-02 21:30:00,TAL-05,SNS-05,13.2,44.1,2.9,0,0,0.0,5.0,nenhuma,simulador_campo,0,45.2,16.6,0.5,0.0,24.7,-0.7,2026-10-02,21,noite,0
2026-10-02 22:00:00,TAL-05,SNS-05,12.7,44.4,1.3,0,0,0.0,4.9,nenhuma,simulador_campo,0,45.0,15.6,-2.2,0.0,24.7,-0.7,2026-10-02,22,noite,0
2026-10-02 22:30:00,TAL-05,SNS-05,5.2,44.0,0.0,0,0,0.0,4.8,nenhuma,simulador_campo,0,44.8,13.4,-2.8,0.0,24.7,-0.7,2026-10-02,22,noite,0
2026-10-02 23:00:00,TAL-05,SNS-05,4.9,44.1,2.8,0,0,0.0,4.9,nenhuma,simulador_campo,0,44.5,11.3,-2.6,0.0,24.7,-0.7,2026-10-02,23,noite,0
2026-10-02 23:30:00,TAL-05,SNS-05,3.5,44.9,7.5,0,0,0.0,4.6,nenhuma,simulador_campo,0,44.4,9.1,-1.5,0.0,24.7,-0.7,2026-10-02,23,noite,0
2026-10-03 00:00:00,TAL-05,SNS-05,1.7,45.2,4.7,0,0,0.0,4.7,nenhuma,simulador_campo,0,44.4,6.9,-0.8,0.0,24.7,-0.7,2026-10-03,0,madrugada,0
2026-10-03 00:30:00,TAL-05,SNS-05,1.7,45.0,2.4,0,0,0.0,4.6,nenhuma,simulador_campo,0,44.6,5.0,-0.7,0.0,24.7,-0.7,2026-10-03,0,madrugada,0
2026-10-03 01:00:00,TAL-05,SNS-05,0.2,44.9,1.3,0,0,0.0,4.4,nenhuma,simulador_campo,0,44.7,2.9,-0.7,0.0,24.7,-0.7,2026-10-03,1,madrugada,0
2026-10-03 01:30:00,TAL-05,SNS-05,1.8,44.8,0.0,0,0,0.0,4.2,nenhuma,simulador_campo,0,44.8,2.3,-0.8,0.0,24.7,-0.7,2026-10-03,1,madrugada,0
2026-10-03 02:00:00,TAL-05,SNS-05,-0.1,44.8,1.7,0,0,0.0,4.3,nenhuma,simulador_campo,0,44.9,1.5,-0.7,0.0,24.7,-0.7,2026-10-03,2,madrugada,0
2026-10-03 02:30:00,TAL-05,SNS-05,0.8,44.6,0.0,0,0,0.0,4.0,nenhuma,simulador_campo,0,44.9,1.0,-0.3,0.0,24.7,-0.7,2026-10-03,2,madrugada,0
2026-10-03 03:00:00,TAL-05,SNS-05,0.2,46.8,3.9,0,0,1.0,4.1,nenhuma,simulador_campo,0,45.2,0.8,2.7,1.0,24.7,-0.7,2026-10-03,3,madrugada,0
2026-10-03 03:30:00,TAL-05,SNS-05,0.4,49.2,1.5,0,0,1.0,4.0,nenhuma,simulador_campo,0,45.8,0.6,4.8,2.0,24.7,-0.7,2026-10-03,3,madrugada,0
2026-10-03 04:00:00,TAL-05,SNS-05,0.0,51.3,0.0,0,0,1.0,4.0,nenhuma,simulador_campo,0,46.9,0.5,7.3,3.0,24.7,-0.1,2026-10-03,4,madrugada,0
2026-10-03 04:30:00,TAL-05,SNS-05,0.2,53.2,0.0,0,0,1.0,3.8,nenhuma,simulador_campo,0,48.3,0.2,9.1,4.0,24.7,-0.1,2026-10-03,4,madrugada,0
2026-10-03 05:00:00,TAL-05,SNS-05,0.5,56.0,2.0,0,0,1.0,3.9,nenhuma,simulador_campo,0,50.2,0.4,11.1,5.0,24.7,-0.1,2026-10-03,5,madrugada,0
2026-10-03 05:30:00,TAL-05,SNS-05,2.2,58.6,5.3,0,0,1.0,3.9,nenhuma,simulador_campo,0,52.5,0.6,13.4,6.0,24.7,-0.1,2026-10-03,5,madrugada,0
2026-10-03 06:00:00,TAL-05,SNS-05,2.8,59.0,0.0,0,0,0.0,4.1,nenhuma,simulador_campo,0,54.6,1.0,14.0,6.0,24.7,-0.1,2026-10-03,6,manha,0
2026-10-03 06:30:00,TAL-05,SNS-05,2.8,58.6,9.2,0,0,0.0,3.9,nenhuma,simulador_campo,0,56.1,1.4,13.7,6.0,24.7,-0.1,2026-10-03,6,manha,0
2026-10-03 07:00:00,TAL-05,SNS-05,10.6,57.8,26.4,0,0,0.0,3.7,nenhuma,simulador_campo,0,57.2,3.2,13.0,6.0,24.7,-0.1,2026-10-03,7,manha,0
2026-10-03 07:30:00,TAL-05,SNS-05,11.8,57.5,38.0,0,0,0.0,3.5,nenhuma,simulador_campo,0,57.9,5.1,12.7,6.0,24.7,-0.1,2026-10-03,7,manha,0
2026-10-03 08:00:00,TAL-05,SNS-05,13.0,57.7,48.9,0,0,0.0,3.9,nenhuma,simulador_campo,0,58.2,7.2,13.1,6.0,24.7,-0.1,2026-10-03,8,manha,0
2026-10-03 08:30:00,TAL-05,SNS-05,12.9,57.4,59.0,0,0,0.0,3.9,nenhuma,simulador_campo,0,58.0,9.0,10.6,6.0,24.7,-0.1,2026-10-03,8,manha,0
2026-10-03 09:00:00,TAL-05,SNS-05,15.3,57.1,70.3,0,0,0.0,3.8,nenhuma,simulador_campo,0,57.7,11.1,7.9,6.0,24.7,-0.1,2026-10-03,9,manha,0
2026-10-03 09:30:00,TAL-05,SNS-05,16.2,57.0,81.4,0,0,0.0,3.8,nenhuma,simulador_campo,0,57.4,13.3,5.7,6.0,24.7,-0.1,2026-10-03,9,manha,0
2026-10-03 10:00:00,TAL-05,SNS-05,17.2,56.5,80.8,0,0,0.0,3.7,nenhuma,simulador_campo,0,57.2,14.4,3.3,6.0,24.7,-0.1,2026-10-03,10,manha,0
2026-10-03 10:30:00,TAL-05,SNS-05,18.9,56.2,87.5,0,0,0.0,3.6,nenhuma,simulador_campo,0,57.0,15.6,0.2,6.0,24.7,-0.1,2026-10-03,10,manha,0
2026-10-03 11:00:00,TAL-05,SNS-05,19.8,55.9,95.7,0,0,0.0,3.6,nenhuma,simulador_campo,0,56.7,16.7,-2.7,6.0,24.7,-0.1,2026-10-03,11,manha,0
2026-10-03 11:30:00,TAL-05,SNS-05,20.8,55.6,98.0,0,0,0.0,3.4,nenhuma,simulador_campo,0,56.4,18.0,-3.4,6.0,24.7,-0.1,2026-10-03,11,manha,0
2026-10-03 12:00:00,TAL-05,SNS-05,21.6,54.9,100.0,0,0,0.0,3.3,nenhuma,simulador_campo,0,56.0,19.1,-3.7,6.0,24.7,-0.1,2026-10-03,12,tarde,0
2026-10-03 12:30:00,TAL-05,SNS-05,22.0,55.2,100.0,0,0,0.0,3.4,nenhuma,simulador_campo,0,55.7,20.0,-2.6,6.0,24.7,-0.1,2026-10-03,12,tarde,0
2026-10-03 13:00:00,TAL-05,SNS-05,23.6,55.2,100.0,0,0,0.0,3.5,nenhuma,simulador_campo,0,55.5,21.1,-2.3,6.0,24.7,-0.1,2026-10-03,13,tarde,0
2026-10-03 13:30:00,TAL-05,SNS-05,23.5,55.0,94.2,0,0,0.0,3.5,nenhuma,simulador_campo,0,55.3,21.9,-2.7,6.0,24.7,-0.1,2026-10-03,13,tarde,0
2026-10-03 14:00:00,TAL-05,SNS-05,24.2,54.8,92.8,0,0,0.0,3.9,nenhuma,simulador_campo,0,55.1,22.6,-2.6,6.0,24.3,-0.1,2026-10-03,14,tarde,0
2026-10-03 14:30:00,TAL-05,SNS-05,24.8,54.7,82.0,0,0,0.0,4.0,nenhuma,simulador_campo,0,55.0,23.3,-2.4,6.0,24.8,-0.1,2026-10-03,14,tarde,0
2026-10-03 15:00:00,TAL-05,SNS-05,25.2,54.1,80.0,0,0,0.0,4.2,nenhuma,simulador_campo,0,54.8,23.9,-2.9,6.0,25.2,-0.1,2026-10-03,15,tarde,0
2026-10-03 15:30:00,TAL-05,SNS-05,25.1,54.3,66.4,0,0,0.0,4.1,nenhuma,simulador_campo,0,54.7,24.4,-2.2,6.0,25.2,-0.1,2026-10-03,15,tarde,0
2026-10-03 16:00:00,TAL-05,SNS-05,22.9,53.9,58.3,0,0,0.0,4.0,nenhuma,simulador_campo,0,54.5,24.3,-2.3,6.0,25.2,-0.1,2026-10-03,16,tarde,0
2026-10-03 16:30:00,TAL-05,SNS-05,23.0,53.6,51.7,0,0,0.0,4.0,nenhuma,simulador_campo,0,54.2,24.2,-2.3,6.0,25.2,-0.1,2026-10-03,16,tarde,0
2026-10-03 17:00:00,TAL-05,SNS-05,22.1,53.6,32.9,0,0,0.0,3.7,nenhuma,simulador_campo,0,54.0,23.8,-2.0,6.0,25.2,-0.1,2026-10-03,17,tarde,0
2026-10-03 17:30:00,TAL-05,SNS-05,23.5,53.7,24.9,0,0,0.0,4.0,nenhuma,simulador_campo,0,53.9,23.6,-1.2,6.0,25.2,-0.1,2026-10-03,17,tarde,0
2026-10-03 18:00:00,TAL-05,SNS-05,20.6,53.6,14.6,0,0,0.0,3.7,nenhuma,simulador_campo,0,53.8,22.9,-1.6,6.0,25.2,-0.1,2026-10-03,18,noite,0
2026-10-03 18:30:00,TAL-05,SNS-05,19.1,53.4,0.0,0,0,0.0,3.8,nenhuma,simulador_campo,0,53.6,21.9,-1.8,6.0,25.2,-0.1,2026-10-03,18,noite,0
2026-10-03 19:00:00,TAL-05,SNS-05,19.7,52.6,3.1,0,0,0.0,4.0,nenhuma,simulador_campo,0,53.4,21.3,-2.4,6.0,25.2,-0.1,2026-10-03,19,noite,0
2026-10-03 19:30:00,TAL-05,SNS-05,18.6,52.3,1.5,0,0,0.0,3.9,nenhuma,simulador_campo,0,53.2,20.6,-2.5,6.0,25.2,-0.1,2026-10-03,19,noite,0
2026-10-03 20:00:00,TAL-05,SNS-05,16.6,52.3,2.2,0,0,0.0,3.7,nenhuma,simulador_campo,0,53.0,19.7,-2.4,6.0,25.2,-0.1,2026-10-03,20,noite,0
2026-10-03 20:30:00,TAL-05,SNS-05,15.5,52.1,4.0,0,0,0.0,3.4,nenhuma,simulador_campo,0,52.7,18.3,-2.0,6.0,25.2,-0.1,2026-10-03,20,noite,0
2026-10-03 21:00:00,TAL-05,SNS-05,16.9,51.0,0.2,0,0,0.0,3.2,nenhuma,simulador_campo,0,52.3,17.7,-3.3,6.0,25.2,-0.1,2026-10-03,21,noite,0
2026-10-03 21:30:00,TAL-05,SNS-05,14.3,51.3,4.1,0,0,0.0,2.9,nenhuma,simulador_campo,0,51.9,16.9,-2.6,6.0,25.2,-0.1,2026-10-03,21,noite,0
2026-10-03 22:00:00,TAL-05,SNS-05,13.4,51.4,7.0,0,0,0.0,2.8,nenhuma,simulador_campo,0,51.7,15.9,-2.2,6.0,25.2,-0.1,2026-10-03,22,noite,0
2026-10-03 22:30:00,TAL-05,SNS-05,5.9,51.2,4.2,0,0,0.0,2.6,nenhuma,simulador_campo,0,51.6,13.8,-2.4,6.0,25.2,-0.1,2026-10-03,22,noite,0
2026-10-03 23:00:00,TAL-05,SNS-05,5.1,51.0,2.4,0,0,0.0,2.6,nenhuma,simulador_campo,0,51.3,11.9,-2.7,6.0,25.2,-0.1,2026-10-03,23,noite,0
2026-10-03 23:30:00,TAL-05,SNS-05,3.6,51.0,1.1,0,0,0.0,2.6,nenhuma,simulador_campo,0,51.2,9.9,-2.6,6.0,25.2,-0.1,2026-10-03,23,noite,0
2026-10-04 00:00:00,TAL-05,SNS-05,2.8,50.9,0.0,0,0,0.0,2.3,nenhuma,simulador_campo,0,51.1,7.5,-2.5,6.0,25.2,-0.1,2026-10-04,0,madrugada,0
2026-10-04 00:30:00,TAL-05,SNS-05,1.7,50.9,3.3,0,0,0.0,2.0,nenhuma,simulador_campo,0,51.1,5.4,-1.7,6.0,25.2,-0.1,2026-10-04,0,madrugada,0
2026-10-04 01:00:00,TAL-05,SNS-05,1.9,50.8,3.6,1,0,0.0,1.7,nenhuma,simulador_campo,0,51.0,3.5,-1.5,6.0,25.2,-0.1,2026-10-04,1,madrugada,0
2026-10-04 01:30:00,TAL-05,SNS-05,1.1,50.0,0.9,0,0,0.0,1.6,nenhuma,simulador_campo,0,50.8,2.7,-2.3,6.0,25.2,-0.1,2026-10-04,1,madrugada,0
2026-10-04 02:00:00,TAL-05,SNS-05,-0.6,50.5,1.7,0,0,0.0,2.1,nenhuma,simulador_campo,0,50.7,1.8,-1.6,6.0,25.2,-0.6,2026-10-04,2,madrugada,0
2026-10-04 02:30:00,TAL-05,SNS-05,0.4,50.2,0.7,0,0,0.0,2.0,nenhuma,simulador_campo,0,50.6,1.2,-0.8,6.0,25.2,-0.6,2026-10-04,2,madrugada,0
2026-10-04 03:00:00,TAL-05,SNS-05,-0.0,50.3,0.8,0,0,0.0,1.8,nenhuma,simulador_campo,0,50.4,0.8,-1.0,5.0,25.2,-0.6,2026-10-04,3,madrugada,0
2026-10-04 03:30:00,TAL-05,SNS-05,-0.6,50.4,0.0,0,0,0.0,1.5,nenhuma,simulador_campo,0,50.4,0.4,-1.0,4.0,25.2,-0.6,2026-10-04,3,madrugada,0
2026-10-04 04:00:00,TAL-05,SNS-05,0.5,50.4,2.9,0,0,0.0,1.5,nenhuma,simulador_campo,0,50.3,0.1,-0.8,3.0,25.2,-0.6,2026-10-04,4,madrugada,0
2026-10-04 04:30:00,TAL-05,SNS-05,0.5,50.3,2.2,0,0,0.0,1.3,nenhuma,simulador_campo,0,50.4,0.0,-0.7,2.0,25.2,-0.6,2026-10-04,4,madrugada,0
2026-10-04 05:00:00,TAL-05,SNS-05,1.1,50.7,0.7,0,0,0.0,1.2,nenhuma,simulador_campo,0,50.4,0.3,-0.3,1.0,25.2,-0.6,2026-10-04,5,madrugada,0
2026-10-04 05:30:00,TAL-05,SNS-05,1.9,50.6,0.7,0,0,0.0,1.2,nenhuma,simulador_campo,0,50.4,0.6,-0.3,0.0,25.2,-0.6,2026-10-04,5,madrugada,0
2026-10-04 06:00:00,TAL-05,SNS-05,2.5,50.8,2.0,0,0,0.0,1.5,nenhuma,simulador_campo,0,50.5,1.0,-0.1,0.0,25.2,-0.6,2026-10-04,6,manha,0
2026-10-04 06:30:00,TAL-05,SNS-05,4.4,51.0,12.0,0,0,0.0,1.7,nenhuma,simulador_campo,0,50.6,1.8,0.2,0.0,25.2,-0.6,2026-10-04,6,manha,0
2026-10-04 07:00:00,TAL-05,SNS-05,11.4,51.1,27.0,0,0,0.0,1.9,nenhuma,simulador_campo,0,50.8,3.6,1.1,0.0,25.2,-0.6,2026-10-04,7,manha,0
2026-10-04 07:30:00,TAL-05,SNS-05,10.6,50.9,34.8,0,0,0.0,2.0,nenhuma,simulador_campo,0,50.8,5.3,0.4,0.0,25.2,-0.6,2026-10-04,7,manha,0
2026-10-04 08:00:00,TAL-05,SNS-05,12.9,50.5,47.6,0,0,0.0,1.6,nenhuma,simulador_campo,0,50.8,7.3,0.3,0.0,25.2,-0.6,2026-10-04,8,manha,0
2026-10-04 08:30:00,TAL-05,SNS-05,13.2,50.9,56.0,0,0,0.0,2.0,nenhuma,simulador_campo,0,50.9,9.2,0.6,0.0,25.2,-0.6,2026-10-04,8,manha,0
2026-10-04 09:00:00,TAL-05,SNS-05,14.9,51.0,65.6,0,0,0.0,1.9,nenhuma,simulador_campo,0,50.9,11.2,0.6,0.0,25.2,-0.6,2026-10-04,9,manha,0
2026-10-04 09:30:00,TAL-05,SNS-05,15.9,51.0,78.7,0,0,0.0,1.8,nenhuma,simulador_campo,0,50.9,13.2,0.6,0.0,25.2,-0.6,2026-10-04,9,manha,0
2026-10-04 10:00:00,TAL-05,SNS-05,17.4,50.9,82.5,0,0,0.0,2.0,nenhuma,simulador_campo,0,50.9,14.2,0.6,0.0,25.2,-0.6,2026-10-04,10,manha,0
2026-10-04 10:30:00,TAL-05,SNS-05,18.9,50.0,92.8,0,0,0.0,2.0,nenhuma,simulador_campo,0,50.7,15.5,-0.7,0.0,25.2,-0.6,2026-10-04,10,manha,0
2026-10-04 11:00:00,TAL-05,SNS-05,20.0,50.4,93.3,0,0,0.0,2.0,nenhuma,simulador_campo,0,50.7,16.7,-0.2,0.0,25.2,-0.6,2026-10-04,11,manha,0
2026-10-04 11:30:00,TAL-05,SNS-05,20.9,50.3,99.2,0,0,0.0,1.9,nenhuma,simulador_campo,0,50.6,18.0,-0.5,0.0,25.2,-0.6,2026-10-04,11,manha,0
2026-10-04 12:00:00,TAL-05,SNS-05,21.2,50.4,100.0,0,0,0.0,2.2,nenhuma,simulador_campo,0,50.5,19.0,-0.6,0.0,25.2,-0.6,2026-10-04,12,tarde,0
2026-10-04 12:30:00,TAL-05,SNS-05,21.7,50.5,100.0,0,0,0.0,2.0,nenhuma,simulador_campo,0,50.4,20.0,-0.6,0.0,25.2,-0.6,2026-10-04,12,tarde,0
2026-10-04 13:00:00,TAL-05,SNS-05,23.3,51.0,100.0,0,0,0.0,2.1,nenhuma,simulador_campo,0,50.4,21.0,0.1,0.0,25.2,-0.6,2026-10-04,13,tarde,0
2026-10-04 13:30:00,TAL-05,SNS-05,24.1,51.0,91.6,0,0,0.0,2.3,nenhuma,simulador_campo,0,50.6,21.9,0.5,0.0,25.2,-0.6,2026-10-04,13,tarde,0
2026-10-04 14:00:00,TAL-05,SNS-05,24.2,50.5,89.9,0,0,0.0,2.1,nenhuma,simulador_campo,0,50.6,22.6,-0.4,0.0,25.2,-0.6,2026-10-04,14,tarde,0
2026-10-04 14:30:00,TAL-05,SNS-05,24.6,49.8,82.3,0,0,0.0,1.9,nenhuma,simulador_campo,0,50.5,23.2,-1.2,0.0,25.2,-0.6,2026-10-04,14,tarde,0
2026-10-04 15:00:00,TAL-05,SNS-05,24.0,50.3,80.8,0,0,0.0,1.9,nenhuma,simulador_campo,0,50.5,23.7,-0.7,0.0,25.1,-0.6,2026-10-04,15,tarde,0
2026-10-04 15:30:00,TAL-05,SNS-05,24.3,50.4,70.1,0,0,0.0,2.0,nenhuma,simulador_campo,0,50.5,24.1,-0.5,0.0,24.6,-0.6,2026-10-04,15,tarde,0
2026-10-04 16:00:00,TAL-05,SNS-05,24.3,49.6,60.0,0,0,0.0,1.6,nenhuma,simulador_campo,0,50.3,24.2,-0.4,0.0,24.6,-0.6,2026-10-04,16,tarde,0
2026-10-04 16:30:00,TAL-05,SNS-05,24.2,50.2,49.8,0,0,0.0,1.4,nenhuma,simulador_campo,0,50.1,24.3,-0.2,0.0,24.6,-0.6,2026-10-04,16,tarde,0
2026-10-04 17:00:00,TAL-05,SNS-05,23.0,49.650000000000006,38.5,0,0,0.0,2.0,nenhuma,simulador_campo,1,50.0,24.1,-0.6,0.0,24.6,-0.6,2026-10-04,17,tarde,0
2026-10-04 17:30:00,TAL-05,SNS-05,21.9,49.1,22.7,0,0,0.0,2.1,nenhuma,simulador_campo,0,49.9,23.6,-1.3,0.0,24.6,-0.6,2026-10-04,17,tarde,0
2026-10-04 18:00:00,TAL-05,SNS-05,20.5,48.9,13.1,0,0,0.0,2.1,nenhuma,simulador_campo,0,49.6,23.0,-1.6,0.0,24.6,-0.6,2026-10-04,18,noite,0
2026-10-04 18:30:00,TAL-05,SNS-05,19.5,48.4,3.2,0,0,0.0,2.3,nenhuma,simulador_campo,0,49.3,22.2,-2.6,0.0,24.6,-0.6,2026-10-04,18,noite,0
2026-10-04 19:00:00,TAL-05,SNS-05,20.6,48.1,5.2,0,0,0.0,2.1,nenhuma,simulador_campo,0,49.1,21.6,-2.9,0.0,24.6,-0.6,2026-10-04,19,noite,0
2026-10-04 19:30:00,TAL-05,SNS-05,18.6,47.7,2.0,0,0,0.0,2.4,nenhuma,simulador_campo,0,48.6,20.7,-2.8,0.0,24.6,-0.6,2026-10-04,19,noite,0
2026-10-04 20:00:00,TAL-05,SNS-05,16.4,47.6,0.6,0,0,0.0,2.4,nenhuma,simulador_campo,0,48.3,19.6,-2.2,0.0,24.6,-0.6,2026-10-04,20,noite,0
2026-10-04 20:30:00,TAL-05,SNS-05,15.6,47.2,3.5,0,0,0.0,2.5,nenhuma,simulador_campo,0,48.0,18.5,-3.1,0.0,24.6,-0.6,2026-10-04,20,noite,0
2026-10-04 21:00:00,TAL-05,SNS-05,14.9,46.7,1.7,0,0,0.0,2.8,nenhuma,simulador_campo,0,47.6,17.6,-3.7,0.0,24.6,-0.6,2026-10-04,21,noite,0
2026-10-04 21:30:00,TAL-05,SNS-05,14.9,47.0,2.6,0,0,0.0,2.9,nenhuma,simulador_campo,0,47.4,16.8,-2.6,0.0,24.6,-0.6,2026-10-04,21,noite,0
2026-10-04 22:00:00,TAL-05,SNS-05,11.9,46.9,9.0,0,0,0.0,2.6,nenhuma,simulador_campo,0,47.2,15.4,-3.3,0.0,24.6,-0.6,2026-10-04,22,noite,0
2026-10-04 22:30:00,TAL-05,SNS-05,5.9,46.9,2.4,0,0,0.0,2.5,nenhuma,simulador_campo,0,47.1,13.3,-2.8,0.0,24.6,-0.6,2026-10-04,22,noite,0
2026-10-04 23:00:00,TAL-05,SNS-05,3.9,46.0,1.4,0,0,0.0,2.6,nenhuma,simulador_campo,0,46.8,11.2,-3.1,0.0,24.6,-0.6,2026-10-04,23,noite,0
2026-10-04 23:30:00,TAL-05,SNS-05,2.0,46.2,2.0,0,0,0.0,3.2,nenhuma,simulador_campo,0,46.6,8.9,-2.7,0.0,24.6,-0.6,2026-10-04,23,noite,0
2026-10-04 12:00:00,TAL-TC,ARDUINO-TC,24.7,52.3,78.4,0,0,0.0,0.0,nenhuma,tinkercad,0,52.3,24.7,0.0,0.0,24.7,24.7,2026-10-04,12,tarde,0
2026-10-04 12:00:02,TAL-TC,ARDUINO-TC,24.7,52.3,78.4,0,0,0.0,0.0,nenhuma,tinkercad,0,52.3,24.7,0.0,0.0,24.7,24.7,2026-10-04,12,tarde,0
2026-10-04 12:00:04,TAL-TC,ARDUINO-TC,25.2,48.1,78.4,0,0,0.0,0.0,nenhuma,tinkercad,0,50.9,24.9,-4.2,0.0,25.2,24.7,2026-10-04,12,tarde,0
2026-10-04 12:00:06,TAL-TC,ARDUINO-TC,25.2,41.6,80.1,0,0,0.0,0.0,nenhuma,tinkercad,0,48.6,25.0,-10.7,0.0,25.2,24.7,2026-10-04,12,tarde,0
2026-10-04 12:00:08,TAL-TC,ARDUINO-TC,26.2,35.2,80.1,0,0,0.0,0.0,nenhuma,tinkercad,0,45.9,25.2,-17.1,0.0,26.2,24.7,2026-10-04,12,tarde,0
2026-10-04 12:00:10,TAL-TC,ARDUINO-TC,27.7,28.7,80.1,0,1,0.0,0.0,nenhuma,tinkercad,0,43.0,25.6,-23.6,0.0,27.7,24.7,2026-10-04,12,tarde,0
2026-10-04 12:00:12,TAL-TC,ARDUINO-TC,28.7,28.7,80.1,0,1,0.0,0.0,nenhuma,tinkercad,0,41.0,26.1,-23.6,0.0,28.7,24.7,2026-10-04,12,tarde,0
2026-10-04 12:00:14,TAL-TC,ARDUINO-TC,31.2,24.1,82.5,0,1,0.0,0.0,nenhuma,tinkercad,0,38.9,26.7,-28.2,0.0,31.2,24.7,2026-10-04,12,tarde,0
2026-10-04 12:00:16,TAL-TC,ARDUINO-TC,36.6,24.1,82.5,0,1,0.0,0.0,nenhuma,tinkercad,0,37.2,27.8,-28.2,0.0,36.6,24.7,2026-10-04,12,tarde,0
2026-10-04 12:00:18,TAL-TC,ARDUINO-TC,37.1,18.5,82.5,0,1,0.0,0.0,nenhuma,tinkercad,0,35.4,28.7,-33.8,0.0,37.1,24.7,2026-10-04,12,tarde,0
2026-10-04 12:00:20,TAL-TC,ARDUINO-TC,37.1,18.5,82.5,0,1,0.0,0.0,nenhuma,tinkercad,0,33.8,29.5,-33.8,0.0,37.1,24.7,2026-10-04,12,tarde,0
2026-10-04 12:00:22,TAL-TC,ARDUINO-TC,33.2,33.9,60.2,0,1,0.0,0.0,nenhuma,tinkercad,0,33.8,29.8,-18.4,0.0,37.1,24.7,2026-10-04,12,tarde,0
2026-10-04 12:00:24,TAL-TC,ARDUINO-TC,29.7,47.2,40.6,0,0,0.0,0.0,nenhuma,tinkercad,0,34.9,29.8,-5.1,0.0,37.1,24.7,2026-10-04,12,tarde,0
2026-10-04 12:00:26,TAL-TC,ARDUINO-TC,24.2,47.2,20.3,0,0,0.0,0.0,nenhuma,tinkercad,0,35.7,29.4,-5.1,0.0,37.1,24.2,2026-10-04,12,tarde,0
2026-10-04 12:00:28,TAL-TC,ARDUINO-TC,19.3,46.9,8.1,0,0,0.0,0.0,nenhuma,tinkercad,0,36.5,28.7,-5.4,0.0,37.1,19.3,2026-10-04,12,tarde,0
2026-10-04 12:00:30,TAL-TC,ARDUINO-TC,17.8,46.9,5.3,1,0,0.0,0.0,nenhuma,tinkercad,0,37.1,28.0,-5.4,0.0,37.1,17.8,2026-10-04,12,tarde,0
2026-10-04 12:00:32,TAL-TC,ARDUINO-TC,17.8,46.9,5.3,1,0,0.0,0.0,nenhuma,tinkercad,0,37.7,27.4,-5.4,0.0,37.1,17.8,2026-10-04,12,tarde,0
2026-10-04 12:00:34,TAL-TC,ARDUINO-TC,17.3,46.9,5.3,0,0,0.0,0.0,nenhuma,tinkercad,0,38.2,26.9,-5.4,0.0,37.1,17.3,2026-10-04,12,tarde,0
2026-10-04 12:00:36,TAL-TC,ARDUINO-TC,11.4,46.5,5.3,0,0,0.0,0.0,nenhuma,tinkercad,0,38.7,26.1,-5.8,0.0,37.1,11.4,2026-10-04,12,tarde,0
2026-10-04 12:00:38,TAL-TC,ARDUINO-TC,10.9,46.5,5.3,0,0,0.0,0.0,nenhuma,tinkercad,0,39.0,25.3,-5.8,0.0,37.1,10.9,2026-10-04,12,tarde,0
