timestamp,talhao_id,fonte,evento_critico_agora,alvo_evento_6h,prob_evento_6h,risco_previsto
2026-09-28 00:00:00,TAL-01,simulador_campo,0,0.0,0.088,BAIXO
2026-09-28 00:30:00,TAL-01,simulador_campo,0,0.0,0.088,BAIXO
2026-09-28 01:00:00,TAL-01,simulador_campo,0,0.0,0.061,BAIXO
2026-09-28 01:30:00,TAL-01,simulador_campo,0,0.0,0.056,BAIXO
2026-09-28 02:00:00,TAL-01,simulador_campo,0,0.0,0.069,BAIXO
2026-09-28 02:30:00,TAL-01,simulador_campo,0,0.0,0.058,BAIXO
2026-09-28 03:00:00,TAL-01,simulador_campo,0,0.0,0.223,BAIXO
2026-09-28 03:30:00,TAL-01,simulador_campo,0,0.0,0.083,BAIXO
2026-09-28 04:00:00,TAL-01,simulador_campo,0,0.0,0.034,BAIXO
2026-09-28 04:30:00,TAL-01,simulador_campo,0,0.0,0.042,BAIXO
2026-09-28 05:00:00,TAL-01,simulador_campo,0,0.0,0.06,BAIXO
2026-09-28 05:30:00,TAL-01,simulador_campo,0,0.0,0.029,BAIXO
2026-09-28 06:00:00,TAL-01,simulador_campo,0,0.0,0.028,BAIXO
2026-09-28 06:30:00,TAL-01,simulador_campo,0,0.0,0.021,BAIXO
2026-09-28 07:00:00,TAL-01,simulador_campo,0,0.0,0.011,BAIXO
2026-09-28 07:30:00,TAL-01,simulador_campo,0,0.0,0.016,BAIXO
2026-09-28 08:00:00,TAL-01,simulador_campo,0,0.0,0.013,BAIXO
2026-09-28 08:30:00,TAL-01,simulador_campo,0,0.0,0.013,BAIXO
2026-09-28 09:00:00,TAL-01,simulador_campo,0,0.0,0.012,BAIXO
2026-09-28 09:30:00,TAL-01,simulador_campo,0,0.0,0.012,BAIXO
2026-09-28 10:00:00,TAL-01,simulador_campo,0,0.0,0.004,BAIXO
2026-09-28 10:30:00,TAL-01,simulador_campo,0,0.0,0.005,BAIXO
2026-09-28 11:00:00,TAL-01,simulador_campo,0,0.0,0.005,BAIXO
2026-09-28 11:30:00,TAL-01,simulador_campo,0,0.0,0.004,BAIXO
2026-09-28 12:00:00,TAL-01,simulador_campo,0,0.0,0.004,BAIXO
2026-09-28 12:30:00,TAL-01,simulador_campo,0,0.0,0.002,BAIXO
2026-09-28 13:00:00,TAL-01,simulador_campo,0,0.0,0.007,BAIXO
2026-09-28 13:30:00,TAL-01,simulador_campo,0,0.0,0.004,BAIXO
2026-09-28 14:00:00,TAL-01,simulador_campo,0,0.0,0.008,BAIXO
2026-09-28 14:30:00,TAL-01,simulador_campo,0,0.0,0.008,BAIXO
2026-09-28 15:00:00,TAL-01,simulador_campo,0,0.0,0.008,BAIXO
2026-09-28 15:30:00,TAL-01,simulador_campo,0,0.0,0.008,BAIXO
2026-09-28 16:00:00,TAL-01,simulador_campo,0,0.0,0.008,BAIXO
2026-09-28 16:30:00,TAL-01,simulador_campo,0,0.0,0.008,BAIXO
2026-09-28 17:00:00,TAL-01,simulador_campo,0,0.0,0.01,BAIXO
2026-09-28 17:30:00,TAL-01,simulador_campo,0,0.0,0.01,BAIXO
2026-09-28 18:00:00,TAL-01,simulador_campo,0,0.0,0.024,BAIXO
2026-09-28 18:30:00,TAL-01,simulador_campo,0,0.0,0.023,BAIXO
2026-09-28 19:00:00,TAL-01,simulador_campo,0,0.0,0.025,BAIXO
2026-09-28 19:30:00,TAL-01,simulador_campo,0,0.0,0.03,BAIXO
2026-09-28 20:00:00,TAL-01,simulador_campo,0,0.0,0.025,BAIXO
2026-09-28 20:30:00,TAL-01,simulador_campo,0,0.0,0.026,BAIXO
2026-09-28 21:00:00,TAL-01,simulador_campo,0,0.0,0.026,BAIXO
2026-09-28 21:30:00,TAL-01,simulador_campo,0,0.0,0.033,BAIXO
2026-09-28 22:00:00,TAL-01,simulador_campo,0,0.0,0.028,BAIXO
2026-09-28 22:30:00,TAL-01,simulador_campo,0,0.0,0.028,BAIXO
2026-09-28 23:00:00,TAL-01,simulador_campo,0,0.0,0.05,BAIXO
2026-09-28 23:30:00,TAL-01,simulador_campo,0,0.0,0.055,BAIXO
2026-09-29 00:00:00,TAL-01,simulador_campo,0,0.0,0.016,BAIXO
2026-09-29 00:30:00,TAL-01,simulador_campo,0,0.0,0.017,BAIXO
2026-09-29 01:00:00,TAL-01,simulador_campo,0,0.0,0.015,BAIXO
2026-09-29 01:30:00,TAL-01,simulador_campo,0,0.0,0.013,BAIXO
2026-09-29 02:00:00,TAL-01,simulador_campo,0,0.0,0.013,BAIXO
2026-09-29 02:30:00,TAL-01,simulador_campo,0,0.0,0.014,BAIXO
2026-09-29 03:00:00,TAL-01,simulador_campo,0,0.0,0.011,BAIXO
2026-09-29 03:30:00,TAL-01,simulador_campo,0,0.0,0.008,BAIXO
2026-09-29 04:00:00,TAL-01,simulador_campo,0,0.0,0.012,BAIXO
2026-09-29 04:30:00,TAL-01,simulador_campo,0,0.0,0.018,BAIXO
2026-09-29 05:00:00,TAL-01,simulador_campo,0,0.0,0.013,BAIXO
2026-09-29 05:30:00,TAL-01,simulador_campo,0,0.0,0.016,BAIXO
2026-09-29 06:00:00,TAL-01,simulador_campo,0,0.0,0.017,BAIXO
2026-09-29 06:30:00,TAL-01,simulador_campo,0,0.0,0.015,BAIXO
2026-09-29 07:00:00,TAL-01,simulador_campo,0,0.0,0.01,BAIXO
2026-09-29 07:30:00,TAL-01,simulador_campo,0,0.0,0.011,BAIXO
2026-09-29 08:00:00,TAL-01,simulador_campo,0,0.0,0.009,BAIXO
2026-09-29 08:30:00,TAL-01,simulador_campo,0,0.0,0.011,BAIXO
2026-09-29 09:00:00,TAL-01,simulador_campo,0,0.0,0.011,BAIXO
2026-09-29 09:30:00,TAL-01,simulador_campo,0,0.0,0.018,BAIXO
2026-09-29 10:00:00,TAL-01,simulador_campo,0,0.0,0.009,BAIXO
2026-09-29 10:30:00,TAL-01,simulador_campo,0,0.0,0.009,BAIXO
2026-09-29 11:00:00,TAL-01,simulador_campo,0,0.0,0.002,BAIXO
2026-09-29 11:30:00,TAL-01,simulador_campo,0,0.0,0.002,BAIXO
2026-09-29 12:00:00,TAL-01,simulador_campo,0,0.0,0.002,BAIXO
2026-09-29 12:30:00,TAL-01,simulador_campo,0,0.0,0.002,BAIXO
2026-09-29 13:00:00,TAL-01,simulador_campo,0,0.0,0.002,BAIXO
2026-09-29 13:30:00,TAL-01,simulador_campo,0,0.0,0.007,BAIXO
2026-09-29 14:00:00,TAL-01,simulador_campo,0,0.0,0.004,BAIXO
2026-09-29 14:30:00,TAL-01,simulador_campo,0,0.0,0.004,BAIXO
2026-09-29 15:00:00,TAL-01,simulador_campo,0,0.0,0.008,BAIXO
2026-09-29 15:30:00,TAL-01,simulador_campo,0,0.0,0.01,BAIXO
2026-09-29 16:00:00,TAL-01,simulador_campo,0,0.0,0.009,BAIXO
2026-09-29 16:30:00,TAL-01,simulador_campo,0,0.0,0.002,BAIXO
2026-09-29 17:00:00,TAL-01,simulador_campo,0,0.0,0.001,BAIXO
2026-09-29 17:30:00,TAL-01,simulador_campo,0,0.0,0.003,BAIXO
2026-09-29 18:00:00,TAL-01,simulador_campo,0,0.0,0.003,BAIXO
2026-09-29 18:30:00,TAL-01,simulador_campo,0,0.0,0.005,BAIXO
2026-09-29 19:00:00,TAL-01,simulador_campo,0,0.0,0.004,BAIXO
2026-09-29 19:30:00,TAL-01,simulador_campo,0,0.0,0.005,BAIXO
2026-09-29 20:00:00,TAL-01,simulador_campo,0,0.0,0.008,BAIXO
2026-09-29 20:30:00,TAL-01,simulador_campo,0,0.0,0.005,BAIXO
2026-09-29 21:00:00,TAL-01,simulador_campo,0,0.0,0.005,BAIXO
2026-09-29 21:30:00,TAL-01,simulador_campo,0,0.0,0.013,BAIXO
2026-09-29 22:00:00,TAL-01,simulador_campo,0,0.0,0.011,BAIXO
2026-09-29 22:30:00,TAL-01,simulador_campo,0,0.0,0.009,BAIXO
2026-09-29 23:00:00,TAL-01,simulador_campo,0,0.0,0.017,BAIXO
2026-09-29 23:30:00,TAL-01,simulador_campo,0,0.0,0.025,BAIXO
2026-09-30 00:00:00,TAL-01,simulador_campo,0,0.0,0.01,BAIXO
2026-09-30 00:30:00,TAL-01,simulador_campo,0,0.0,0.01,BAIXO
2026-09-30 01:00:00,TAL-01,simulador_campo,0,0.0,0.007,BAIXO
2026-09-30 01:30:00,TAL-01,simulador_campo,0,0.0,0.005,BAIXO
2026-09-30 02:00:00,TAL-01,simulador_campo,0,0.0,0.004,BAIXO
2026-09-30 02:30:00,TAL-01,simulador_campo,0,0.0,0.011,BAIXO
2026-09-30 03:00:00,TAL-01,simulador_campo,0,0.0,0.048,BAIXO
2026-09-30 03:30:00,TAL-01,simulador_campo,0,0.0,0.004,BAIXO
2026-09-30 04:00:00,TAL-01,simulador_campo,0,0.0,0.004,BAIXO
2026-09-30 04:30:00,TAL-01,simulador_campo,0,0.0,0.004,BAIXO
2026-09-30 05:00:00,TAL-01,simulador_campo,0,0.0,0.009,BAIXO
2026-09-30 05:30:00,TAL-01,simulador_campo,0,0.0,0.007,BAIXO
2026-09-30 06:00:00,TAL-01,simulador_campo,0,0.0,0.008,BAIXO
2026-09-30 06:30:00,TAL-01,simulador_campo,0,0.0,0.006,BAIXO
2026-09-30 07:00:00,TAL-01,simulador_campo,0,0.0,0.005,BAIXO
2026-09-30 07:30:00,TAL-01,simulador_campo,0,0.0,0.004,BAIXO
2026-09-30 08:00:00,TAL-01,simulador_campo,0,0.0,0.001,BAIXO
2026-09-30 08:30:00,TAL-01,simulador_campo,0,0.0,0.001,BAIXO
2026-09-30 09:00:00,TAL-01,simulador_campo,0,0.0,0.009,BAIXO
2026-09-30 09:30:00,TAL-01,simulador_campo,0,0.0,0.001,BAIXO
2026-09-30 10:00:00,TAL-01,simulador_campo,0,0.0,0.0,BAIXO
2026-09-30 10:30:00,TAL-01,simulador_campo,0,0.0,0.001,BAIXO
2026-09-30 11:00:00,TAL-01,simulador_campo,0,0.0,0.0,BAIXO
2026-09-30 11:30:00,TAL-01,simulador_campo,0,0.0,0.001,BAIXO
2026-09-30 12:00:00,TAL-01,simulador_campo,0,0.0,0.0,BAIXO
2026-09-30 12:30:00,TAL-01,simulador_campo,0,0.0,0.001,BAIXO
2026-09-30 13:00:00,TAL-01,simulador_campo,0,0.0,0.005,BAIXO
2026-09-30 13:30:00,TAL-01,simulador_campo,0,0.0,0.012,BAIXO
2026-09-30 14:00:00,TAL-01,simulador_campo,0,0.0,0.002,BAIXO
2026-09-30 14:30:00,TAL-01,simulador_campo,0,0.0,0.001,BAIXO
2026-09-30 15:00:00,TAL-01,simulador_campo,0,0.0,0.015,BAIXO
2026-09-30 15:30:00,TAL-01,simulador_campo,0,0.0,0.035,BAIXO
2026-09-30 16:00:00,TAL-01,simulador_campo,0,0.0,0.027,BAIXO
2026-09-30 16:30:00,TAL-01,simulador_campo,0,0.0,0.018,BAIXO
2026-09-30 17:00:00,TAL-01,simulador_campo,0,0.0,0.012,BAIXO
2026-09-30 17:30:00,TAL-01,simulador_campo,0,0.0,0.022,BAIXO
2026-09-30 18:00:00,TAL-01,simulador_campo,0,0.0,0.036,BAIXO
2026-09-30 18:30:00,TAL-01,simulador_campo,0,0.0,0.066,BAIXO
2026-09-30 19:00:00,TAL-01,simulador_campo,0,0.0,0.045,BAIXO
2026-09-30 19:30:00,TAL-01,simulador_campo,0,0.0,0.043,BAIXO
2026-09-30 20:00:00,TAL-01,simulador_campo,0,0.0,0.034,BAIXO
2026-09-30 20:30:00,TAL-01,simulador_campo,0,0.0,0.023,BAIXO
2026-09-30 21:00:00,TAL-01,simulador_campo,0,0.0,0.026,BAIXO
2026-09-30 21:30:00,TAL-01,simulador_campo,0,0.0,0.037,BAIXO
2026-09-30 22:00:00,TAL-01,simulador_campo,0,0.0,0.023,BAIXO
2026-09-30 22:30:00,TAL-01,simulador_campo,0,0.0,0.02,BAIXO
2026-09-30 23:00:00,TAL-01,simulador_campo,0,0.0,0.028,BAIXO
2026-09-30 23:30:00,TAL-01,simulador_campo,0,0.0,0.037,BAIXO
2026-10-01 00:00:00,TAL-01,simulador_campo,0,0.0,0.009,BAIXO
2026-10-01 00:30:00,TAL-01,simulador_campo,0,0.0,0.011,BAIXO
2026-10-01 01:00:00,TAL-01,simulador_campo,0,0.0,0.012,BAIXO
2026-10-01 01:30:00,TAL-01,simulador_campo,0,0.0,0.009,BAIXO
2026-10-01 02:00:00,TAL-01,simulador_campo,0,0.0,0.005,BAIXO
2026-10-01 02:30:00,TAL-01,simulador_campo,0,0.0,0.005,BAIXO
2026-10-01 03:00:00,TAL-01,simulador_campo,0,0.0,0.01,BAIXO
2026-10-01 03:30:00,TAL-01,simulador_campo,0,0.0,0.01,BAIXO
2026-10-01 04:00:00,TAL-01,simulador_campo,0,0.0,0.044,BAIXO
2026-10-01 04:30:00,TAL-01,simulador_campo,0,0.0,0.007,BAIXO
2026-10-01 05:00:00,TAL-01,simulador_campo,0,0.0,0.024,BAIXO
2026-10-01 05:30:00,TAL-01,simulador_campo,0,0.0,0.04,BAIXO
2026-10-01 06:00:00,TAL-01,simulador_campo,0,0.0,0.046,BAIXO
2026-10-01 06:30:00,TAL-01,simulador_campo,0,0.0,0.015,BAIXO
2026-10-01 07:00:00,TAL-01,simulador_campo,0,0.0,0.024,BAIXO
2026-10-01 07:30:00,TAL-01,simulador_campo,0,0.0,0.009,BAIXO
2026-10-01 08:00:00,TAL-01,simulador_campo,0,0.0,0.008,BAIXO
2026-10-01 08:30:00,TAL-01,simulador_campo,0,0.0,0.006,BAIXO
2026-10-01 09:00:00,TAL-01,simulador_campo,0,0.0,0.008,BAIXO
2026-10-01 09:30:00,TAL-01,simulador_campo,0,0.0,0.008,BAIXO
2026-10-01 10:00:00,TAL-01,simulador_campo,0,0.0,0.004,BAIXO
2026-10-01 10:30:00,TAL-01,simulador_campo,0,0.0,0.001,BAIXO
2026-10-01 11:00:00,TAL-01,simulador_campo,0,0.0,0.002,BAIXO
2026-10-01 11:30:00,TAL-01,simulador_campo,0,0.0,0.002,BAIXO
2026-10-01 12:00:00,TAL-01,simulador_campo,0,0.0,0.002,BAIXO
2026-10-01 12:30:00,TAL-01,simulador_campo,0,0.0,0.001,BAIXO
2026-10-01 13:00:00,TAL-01,simulador_campo,0,0.0,0.005,BAIXO
2026-10-01 13:30:00,TAL-01,simulador_campo,0,0.0,0.005,BAIXO
2026-10-01 14:00:00,TAL-01,simulador_campo,0,0.0,0.006,BAIXO
2026-10-01 14:30:00,TAL-01,simulador_campo,0,0.0,0.017,BAIXO
2026-10-01 15:00:00,TAL-01,simulador_campo,0,0.0,0.031,BAIXO
2026-10-01 15:30:00,TAL-01,simulador_campo,0,0.0,0.017,BAIXO
2026-10-01 16:00:00,TAL-01,simulador_campo,0,0.0,0.027,BAIXO
2026-10-01 16:30:00,TAL-01,simulador_campo,0,0.0,0.024,BAIXO
2026-10-01 17:00:00,TAL-01,simulador_campo,0,0.0,0.019,BAIXO
2026-10-01 17:30:00,TAL-01,simulador_campo,0,0.0,0.017,BAIXO
2026-10-01 18:00:00,TAL-01,simulador_campo,0,0.0,0.023,BAIXO
2026-10-01 18:30:00,TAL-01,simulador_campo,0,0.0,0.029,BAIXO
2026-10-01 19:00:00,TAL-01,simulador_campo,0,0.0,0.029,BAIXO
2026-10-01 19:30:00,TAL-01,simulador_campo,0,0.0,0.029,BAIXO
2026-10-01 20:00:00,TAL-01,simulador_campo,0,0.0,0.017,BAIXO
2026-10-01 20:30:00,TAL-01,simulador_campo,0,0.0,0.019,BAIXO
2026-10-01 21:00:00,TAL-01,simulador_campo,0,0.0,0.019,BAIXO
2026-10-01 21:30:00,TAL-01,simulador_campo,0,0.0,0.017,BAIXO
2026-10-01 22:00:00,TAL-01,simulador_campo,0,0.0,0.021,BAIXO
2026-10-01 22:30:00,TAL-01,simulador_campo,0,0.0,0.021,BAIXO
2026-10-01 23:00:00,TAL-01,simulador_campo,0,0.0,0.036,BAIXO
2026-10-01 23:30:00,TAL-01,simulador_campo,0,0.0,0.05,BAIXO
2026-10-02 00:00:00,TAL-01,simulador_campo,0,0.0,0.012,BAIXO
2026-10-02 00:30:00,TAL-01,simulador_campo,0,0.0,0.012,BAIXO
2026-10-02 01:00:00,TAL-01,simulador_campo,0,0.0,0.015,BAIXO
2026-10-02 01:30:00,TAL-01,simulador_campo,0,0.0,0.018,BAIXO
2026-10-02 02:00:00,TAL-01,simulador_campo,0,0.0,0.052,BAIXO
2026-10-02 02:30:00,TAL-01,simulador_campo,0,0.0,0.027,BAIXO
2026-10-02 03:00:00,TAL-01,simulador_campo,0,0.0,0.025,BAIXO
2026-10-02 03:30:00,TAL-01,simulador_campo,0,0.0,0.021,BAIXO
2026-10-02 04:00:00,TAL-01,simulador_campo,0,0.0,0.068,BAIXO
2026-10-02 04:30:00,TAL-01,simulador_campo,0,0.0,0.063,BAIXO
2026-10-02 05:00:00,TAL-01,simulador_campo,0,0.0,0.056,BAIXO
2026-10-02 05:30:00,TAL-01,simulador_campo,0,0.0,0.054,BAIXO
2026-10-02 06:00:00,TAL-01,simulador_campo,0,0.0,0.075,BAIXO
2026-10-02 06:30:00,TAL-01,simulador_campo,0,0.0,0.049,BAIXO
2026-10-02 07:00:00,TAL-01,simulador_campo,0,0.0,0.06,BAIXO
2026-10-02 07:30:00,TAL-01,simulador_campo,0,0.0,0.048,BAIXO
2026-10-02 08:00:00,TAL-01,simulador_campo,0,0.0,0.042,BAIXO
2026-10-02 08:30:00,TAL-01,simulador_campo,0,0.0,0.042,BAIXO
2026-10-02 09:00:00,TAL-01,simulador_campo,0,0.0,0.024,BAIXO
2026-10-02 09:30:00,TAL-01,simulador_campo,0,0.0,0.024,BAIXO
2026-10-02 10:00:00,TAL-01,simulador_campo,0,0.0,0.017,BAIXO
2026-10-02 10:30:00,TAL-01,simulador_campo,0,0.0,0.016,BAIXO
2026-10-02 11:00:00,TAL-01,simulador_campo,0,0.0,0.023,BAIXO
2026-10-02 11:30:00,TAL-01,simulador_campo,0,0.0,0.032,BAIXO
2026-10-02 12:00:00,TAL-01,simulador_campo,0,0.0,0.035,BAIXO
2026-10-02 12:30:00,TAL-01,simulador_campo,0,0.0,0.024,BAIXO
2026-10-02 13:00:00,TAL-01,simulador_campo,0,0.0,0.031,BAIXO
2026-10-02 13:30:00,TAL-01,simulador_campo,0,0.0,0.034,BAIXO
2026-10-02 14:00:00,TAL-01,simulador_campo,0,0.0,0.029,BAIXO
2026-10-02 14:30:00,TAL-01,simulador_campo,0,0.0,0.027,BAIXO
2026-10-02 15:00:00,TAL-01,simulador_campo,0,0.0,0.015,BAIXO
2026-10-02 15:30:00,TAL-01,simulador_campo,0,0.0,0.006,BAIXO
2026-10-02 16:00:00,TAL-01,simulador_campo,0,0.0,0.008,BAIXO
2026-10-02 16:30:00,TAL-01,simulador_campo,0,0.0,0.001,BAIXO
2026-10-02 17:00:00,TAL-01,simulador_campo,0,0.0,0.012,BAIXO
2026-10-02 17:30:00,TAL-01,simulador_campo,0,0.0,0.011,BAIXO
2026-10-02 18:00:00,TAL-01,simulador_campo,0,0.0,0.027,BAIXO
2026-10-02 18:30:00,TAL-01,simulador_campo,0,0.0,0.023,BAIXO
2026-10-02 19:00:00,TAL-01,simulador_campo,0,0.0,0.023,BAIXO
2026-10-02 19:30:00,TAL-01,simulador_campo,0,0.0,0.027,BAIXO
2026-10-02 20:00:00,TAL-01,simulador_campo,0,0.0,0.024,BAIXO
2026-10-02 20:30:00,TAL-01,simulador_campo,0,0.0,0.025,BAIXO
2026-10-02 21:00:00,TAL-01,simulador_campo,0,0.0,0.034,BAIXO
2026-10-02 21:30:00,TAL-01,simulador_campo,0,0.0,0.07,BAIXO
2026-10-02 22:00:00,TAL-01,simulador_campo,0,0.0,0.067,BAIXO
2026-10-02 22:30:00,TAL-01,simulador_campo,0,0.0,0.083,BAIXO
2026-10-02 23:00:00,TAL-01,simulador_campo,0,0.0,0.111,BAIXO
2026-10-02 23:30:00,TAL-01,simulador_campo,0,0.0,0.109,BAIXO
2026-10-03 00:00:00,TAL-01,simulador_campo,0,0.0,0.065,BAIXO
2026-10-03 00:30:00,TAL-01,simulador_campo,0,0.0,0.095,BAIXO
2026-10-03 01:00:00,TAL-01,simulador_campo,0,0.0,0.071,BAIXO
2026-10-03 01:30:00,TAL-01,simulador_campo,0,0.0,0.078,BAIXO
2026-10-03 02:00:00,TAL-01,simulador_campo,0,0.0,0.098,BAIXO
2026-10-03 02:30:00,TAL-01,simulador_campo,0,0.0,0.134,BAIXO
2026-10-03 03:00:00,TAL-01,simulador_campo,0,0.0,0.08,BAIXO
2026-10-03 03:30:00,TAL-01,simulador_campo,0,0.0,0.062,BAIXO
2026-10-03 04:00:00,TAL-01,simulador_campo,0,0.0,0.079,BAIXO
2026-10-03 04:30:00,TAL-01,simulador_campo,0,0.0,0.084,BAIXO
2026-10-03 05:00:00,TAL-01,simulador_campo,0,0.0,0.05,BAIXO
2026-10-03 05:30:00,TAL-01,simulador_campo,0,0.0,0.05,BAIXO
2026-10-03 06:00:00,TAL-01,simulador_campo,0,0.0,0.023,BAIXO
2026-10-03 06:30:00,TAL-01,simulador_campo,0,0.0,0.025,BAIXO
2026-10-03 07:00:00,TAL-01,simulador_campo,0,0.0,0.023,BAIXO
2026-10-03 07:30:00,TAL-01,simulador_campo,0,0.0,0.015,BAIXO
2026-10-03 08:00:00,TAL-01,simulador_campo,0,0.0,0.015,BAIXO
2026-10-03 08:30:00,TAL-01,simulador_campo,0,0.0,0.014,BAIXO
2026-10-03 09:00:00,TAL-01,simulador_campo,0,0.0,0.013,BAIXO
2026-10-03 09:30:00,TAL-01,simulador_campo,0,0.0,0.011,BAIXO
2026-10-03 10:00:00,TAL-01,simulador_campo,0,0.0,0.011,BAIXO
2026-10-03 10:30:00,TAL-01,simulador_campo,0,0.0,0.011,BAIXO
2026-10-03 11:00:00,TAL-01,simulador_campo,0,0.0,0.01,BAIXO
2026-10-03 11:30:00,TAL-01,simulador_campo,0,0.0,0.01,BAIXO
2026-10-03 12:00:00,TAL-01,simulador_campo,0,0.0,0.01,BAIXO
2026-10-03 12:30:00,TAL-01,simulador_campo,0,0.0,0.011,BAIXO
2026-10-03 13:00:00,TAL-01,simulador_campo,0,0.0,0.011,BAIXO
2026-10-03 13:30:00,TAL-01,simulador_campo,0,0.0,0.01,BAIXO
2026-10-03 14:00:00,TAL-01,simulador_campo,0,0.0,0.013,BAIXO
2026-10-03 14:30:00,TAL-01,simulador_campo,0,0.0,0.013,BAIXO
2026-10-03 15:00:00,TAL-01,simulador_campo,0,0.0,0.025,BAIXO
2026-10-03 15:30:00,TAL-01,simulador_campo,0,0.0,0.029,BAIXO
2026-10-03 16:00:00,TAL-01,simulador_campo,0,0.0,0.029,BAIXO
2026-10-03 16:30:00,TAL-01,simulador_campo,0,0.0,0.029,BAIXO
2026-10-03 17:00:00,TAL-01,simulador_campo,0,0.0,0.034,BAIXO
2026-10-03 17:30:00,TAL-01,simulador_campo,0,0.0,0.044,BAIXO
2026-10-03 18:00:00,TAL-01,simulador_campo,0,0.0,0.052,BAIXO
2026-10-03 18:30:00,TAL-01,simulador_campo,0,0.0,0.066,BAIXO
2026-10-03 19:00:00,TAL-01,simulador_campo,0,0.0,0.066,BAIXO
2026-10-03 19:30:00,TAL-01,simulador_campo,0,0.0,0.116,BAIXO
2026-10-03 20:00:00,TAL-01,simulador_campo,0,0.0,0.106,BAIXO
2026-10-03 20:30:00,TAL-01,simulador_campo,0,0.0,0.131,BAIXO
2026-10-03 21:00:00,TAL-01,simulador_campo,0,0.0,0.132,BAIXO
2026-10-03 21:30:00,TAL-01,simulador_campo,0,0.0,0.131,BAIXO
2026-10-03 22:00:00,TAL-01,simulador_campo,0,0.0,0.136,BAIXO
2026-10-03 22:30:00,TAL-01,simulador_campo,0,0.0,0.135,BAIXO
2026-10-03 23:00:00,TAL-01,simulador_campo,0,0.0,0.182,BAIXO
2026-10-03 23:30:00,TAL-01,simulador_campo,0,0.0,0.185,BAIXO
2026-10-04 00:00:00,TAL-01,simulador_campo,0,0.0,0.129,BAIXO
2026-10-04 00:30:00,TAL-01,simulador_campo,0,0.0,0.122,BAIXO
2026-10-04 01:00:00,TAL-01,simulador_campo,0,0.0,0.113,BAIXO
2026-10-04 01:30:00,TAL-01,simulador_campo,0,0.0,0.116,BAIXO
2026-10-04 02:00:00,TAL-01,simulador_campo,0,0.0,0.131,BAIXO
2026-10-04 02:30:00,TAL-01,simulador_campo,0,0.0,0.09,BAIXO
2026-10-04 03:00:00,TAL-01,simulador_campo,0,0.0,0.087,BAIXO
2026-10-04 03:30:00,TAL-01,simulador_campo,0,0.0,0.115,BAIXO
2026-10-04 04:00:00,TAL-01,simulador_campo,0,0.0,0.145,BAIXO
2026-10-04 04:30:00,TAL-01,simulador_campo,0,0.0,0.126,BAIXO
2026-10-04 05:00:00,TAL-01,simulador_campo,0,0.0,0.068,BAIXO
2026-10-04 05:30:00,TAL-01,simulador_campo,0,0.0,0.054,BAIXO
2026-10-04 06:00:00,TAL-01,simulador_campo,0,0.0,0.056,BAIXO
2026-10-04 06:30:00,TAL-01,simulador_campo,0,0.0,0.084,BAIXO
2026-10-04 07:00:00,TAL-01,simulador_campo,0,0.0,0.046,BAIXO
2026-10-04 07:30:00,TAL-01,simulador_campo,0,0.0,0.037,BAIXO
2026-10-04 08:00:00,TAL-01,simulador_campo,0,0.0,0.03,BAIXO
2026-10-04 08:30:00,TAL-01,simulador_campo,0,0.0,0.05,BAIXO
2026-10-04 09:00:00,TAL-01,simulador_campo,0,0.0,0.034,BAIXO
2026-10-04 09:30:00,TAL-01,simulador_campo,0,0.0,0.018,BAIXO
2026-10-04 10:00:00,TAL-01,simulador_campo,0,0.0,0.015,BAIXO
2026-10-04 10:30:00,TAL-01,simulador_campo,0,0.0,0.015,BAIXO
2026-10-04 11:00:00,TAL-01,simulador_campo,0,0.0,0.015,BAIXO
2026-10-04 11:30:00,TAL-01,simulador_campo,0,0.0,0.011,BAIXO
2026-10-04 12:00:00,TAL-01,simulador_campo,0,0.0,0.01,BAIXO
2026-10-04 12:30:00,TAL-01,simulador_campo,0,0.0,0.009,BAIXO
2026-10-04 13:00:00,TAL-01,simulador_campo,0,0.0,0.013,BAIXO
2026-10-04 13:30:00,TAL-01,simulador_campo,0,0.0,0.013,BAIXO
2026-10-04 14:00:00,TAL-01,simulador_campo,0,0.0,0.016,BAIXO
2026-10-04 14:30:00,TAL-01,simulador_campo,0,0.0,0.013,BAIXO
2026-10-04 15:00:00,TAL-01,simulador_campo,0,0.0,0.013,BAIXO
2026-10-04 15:30:00,TAL-01,simulador_campo,0,0.0,0.017,BAIXO
2026-10-04 16:00:00,TAL-01,simulador_campo,0,0.0,0.016,BAIXO
2026-10-04 16:30:00,TAL-01,simulador_campo,0,0.0,0.017,BAIXO
2026-10-04 17:00:00,TAL-01,simulador_campo,0,0.0,0.02,BAIXO
2026-10-04 17:30:00,TAL-01,simulador_campo,0,0.0,0.022,BAIXO
2026-10-04 18:00:00,TAL-01,simulador_campo,0,,0.036,BAIXO
2026-10-04 18:30:00,TAL-01,simulador_campo,0,,0.036,BAIXO
2026-10-04 19:00:00,TAL-01,simulador_campo,0,,0.041,BAIXO
2026-10-04 19:30:00,TAL-01,simulador_campo,0,,0.048,BAIXO
2026-10-04 20:00:00,TAL-01,simulador_campo,0,,0.047,BAIXO
2026-10-04 20:30:00,TAL-01,simulador_campo,0,,0.067,BAIXO
2026-10-04 21:00:00,TAL-01,simulador_campo,0,,0.071,BAIXO
2026-10-04 21:30:00,TAL-01,simulador_campo,0,,0.072,BAIXO
2026-10-04 22:00:00,TAL-01,simulador_campo,0,,0.06,BAIXO
2026-10-04 22:30:00,TAL-01,simulador_campo,0,,0.053,BAIXO
2026-10-04 23:00:00,TAL-01,simulador_campo,0,,0.049,BAIXO
2026-10-04 23:30:00,TAL-01,simulador_campo,0,,0.065,BAIXO
2026-09-28 00:00:00,TAL-02,simulador_campo,0,0.0,0.118,BAIXO
2026-09-28 00:30:00,TAL-02,simulador_campo,0,0.0,0.016,BAIXO
2026-09-28 01:00:00,TAL-02,simulador_campo,0,0.0,0.016,BAIXO
2026-09-28 01:30:00,TAL-02,simulador_campo,0,0.0,0.016,BAIXO
2026-09-28 02:00:00,TAL-02,simulador_campo,0,0.0,0.018,BAIXO
2026-09-28 02:30:00,TAL-02,simulador_campo,0,0.0,0.014,BAIXO
2026-09-28 03:00:00,TAL-02,simulador_campo,0,0.0,0.017,BAIXO
2026-09-28 03:30:00,TAL-02,simulador_campo,0,0.0,0.011,BAIXO
2026-09-28 04:00:00,TAL-02,simulador_campo,0,0.0,0.012,BAIXO
2026-09-28 04:30:00,TAL-02,simulador_campo,0,0.0,0.012,BAIXO
2026-09-28 05:00:00,TAL-02,simulador_campo,0,0.0,0.014,BAIXO
2026-09-28 05:30:00,TAL-02,simulador_campo,0,0.0,0.024,BAIXO
2026-09-28 06:00:00,TAL-02,simulador_campo,0,0.0,0.02,BAIXO
2026-09-28 06:30:00,TAL-02,simulador_campo,0,0.0,0.024,BAIXO
2026-09-28 07:00:00,TAL-02,simulador_campo,0,0.0,0.015,BAIXO
2026-09-28 07:30:00,TAL-02,simulador_campo,0,0.0,0.008,BAIXO
2026-09-28 08:00:00,TAL-02,simulador_campo,0,0.0,0.008,BAIXO
2026-09-28 08:30:00,TAL-02,simulador_campo,0,0.0,0.011,BAIXO
2026-09-28 09:00:00,TAL-02,simulador_campo,0,0.0,0.004,BAIXO
2026-09-28 09:30:00,TAL-02,simulador_campo,0,0.0,0.003,BAIXO
2026-09-28 10:00:00,TAL-02,simulador_campo,0,0.0,0.003,BAIXO
2026-09-28 10:30:00,TAL-02,simulador_campo,0,0.0,0.001,BAIXO
2026-09-28 11:00:00,TAL-02,simulador_campo,0,0.0,0.001,BAIXO
2026-09-28 11:30:00,TAL-02,simulador_campo,0,0.0,0.001,BAIXO
2026-09-28 12:00:00,TAL-02,simulador_campo,0,0.0,0.001,BAIXO
2026-09-28 12:30:00,TAL-02,simulador_campo,0,0.0,0.002,BAIXO
2026-09-28 13:00:00,TAL-02,simulador_campo,0,0.0,0.002,BAIXO
2026-09-28 13:30:00,TAL-02,simulador_campo,0,0.0,0.002,BAIXO
2026-09-28 14:00:00,TAL-02,simulador_campo,0,0.0,0.005,BAIXO
2026-09-28 14:30:00,TAL-02,simulador_campo,0,0.0,0.005,BAIXO
2026-09-28 15:00:00,TAL-02,simulador_campo,0,0.0,0.007,BAIXO
2026-09-28 15:30:00,TAL-02,simulador_campo,0,0.0,0.01,BAIXO
2026-09-28 16:00:00,TAL-02,simulador_campo,0,0.0,0.005,BAIXO
2026-09-28 16:30:00,TAL-02,simulador_campo,0,0.0,0.005,BAIXO
2026-09-28 17:00:00,TAL-02,simulador_campo,0,0.0,0.006,BAIXO
2026-09-28 17:30:00,TAL-02,simulador_campo,0,0.0,0.019,BAIXO
2026-09-28 18:00:00,TAL-02,simulador_campo,0,0.0,0.027,BAIXO
2026-09-28 18:30:00,TAL-02,simulador_campo,0,0.0,0.029,BAIXO
2026-09-28 19:00:00,TAL-02,simulador_campo,0,0.0,0.016,BAIXO
2026-09-28 19:30:00,TAL-02,simulador_campo,0,0.0,0.025,BAIXO
2026-09-28 20:00:00,TAL-02,simulador_campo,0,0.0,0.016,BAIXO
2026-09-28 20:30:00,TAL-02,simulador_campo,0,0.0,0.018,BAIXO
2026-09-28 21:00:00,TAL-02,simulador_campo,0,0.0,0.019,BAIXO
2026-09-28 21:30:00,TAL-02,simulador_campo,0,0.0,0.017,BAIXO
2026-09-28 22:00:00,TAL-02,simulador_campo,0,0.0,0.018,BAIXO
2026-09-28 22:30:00,TAL-02,simulador_campo,0,0.0,0.026,BAIXO
2026-09-28 23:00:00,TAL-02,simulador_campo,0,0.0,0.016,BAIXO
2026-09-28 23:30:00,TAL-02,simulador_campo,0,0.0,0.019,BAIXO
2026-09-29 00:00:00,TAL-02,simulador_campo,0,0.0,0.01,BAIXO
2026-09-29 00:30:00,TAL-02,simulador_campo,0,0.0,0.012,BAIXO
2026-09-29 01:00:00,TAL-02,simulador_campo,0,0.0,0.014,BAIXO
2026-09-29 01:30:00,TAL-02,simulador_campo,0,0.0,0.016,BAIXO
2026-09-29 02:00:00,TAL-02,simulador_campo,0,0.0,0.015,BAIXO
2026-09-29 02:30:00,TAL-02,simulador_campo,0,0.0,0.015,BAIXO
2026-09-29 03:00:00,TAL-02,simulador_campo,0,0.0,0.015,BAIXO
2026-09-29 03:30:00,TAL-02,simulador_campo,0,0.0,0.012,BAIXO
2026-09-29 04:00:00,TAL-02,simulador_campo,0,0.0,0.014,BAIXO
2026-09-29 04:30:00,TAL-02,simulador_campo,0,0.0,0.013,BAIXO
2026-09-29 05:00:00,TAL-02,simulador_campo,0,0.0,0.017,BAIXO
2026-09-29 05:30:00,TAL-02,simulador_campo,0,0.0,0.017,BAIXO
2026-09-29 06:00:00,TAL-02,simulador_campo,0,0.0,0.018,BAIXO
2026-09-29 06:30:00,TAL-02,simulador_campo,0,0.0,0.017,BAIXO
2026-09-29 07:00:00,TAL-02,simulador_campo,0,0.0,0.017,BAIXO
2026-09-29 07:30:00,TAL-02,simulador_campo,0,0.0,0.016,BAIXO
2026-09-29 08:00:00,TAL-02,simulador_campo,0,0.0,0.016,BAIXO
2026-09-29 08:30:00,TAL-02,simulador_campo,0,0.0,0.014,BAIXO
2026-09-29 09:00:00,TAL-02,simulador_campo,0,0.0,0.012,BAIXO
2026-09-29 09:30:00,TAL-02,simulador_campo,0,0.0,0.012,BAIXO
2026-09-29 10:00:00,TAL-02,simulador_campo,0,0.0,0.013,BAIXO
2026-09-29 10:30:00,TAL-02,simulador_campo,0,0.0,0.013,BAIXO
2026-09-29 11:00:00,TAL-02,simulador_campo,0,0.0,0.013,BAIXO
2026-09-29 11:30:00,TAL-02,simulador_campo,0,0.0,0.004,BAIXO
2026-09-29 12:00:00,TAL-02,simulador_campo,0,0.0,0.007,BAIXO
2026-09-29 12:30:00,TAL-02,simulador_campo,0,0.0,0.004,BAIXO
2026-09-29 13:00:00,TAL-02,simulador_campo,0,0.0,0.005,BAIXO
2026-09-29 13:30:00,TAL-02,simulador_campo,0,0.0,0.007,BAIXO
2026-09-29 14:00:00,TAL-02,simulador_campo,0,0.0,0.002,BAIXO
2026-09-29 14:30:00,TAL-02,simulador_campo,0,0.0,0.009,BAIXO
2026-09-29 15:00:00,TAL-02,simulador_campo,0,0.0,0.008,BAIXO
2026-09-29 15:30:00,TAL-02,simulador_campo,0,0.0,0.007,BAIXO
2026-09-29 16:00:00,TAL-02,simulador_campo,0,0.0,0.006,BAIXO
2026-09-29 16:30:00,TAL-02,simulador_campo,0,0.0,0.013,BAIXO
2026-09-29 17:00:00,TAL-02,simulador_campo,0,0.0,0.005,BAIXO
2026-09-29 17:30:00,TAL-02,simulador_campo,0,0.0,0.006,BAIXO
2026-09-29 18:00:00,TAL-02,simulador_campo,0,0.0,0.014,BAIXO
2026-09-29 18:30:00,TAL-02,simulador_campo,0,0.0,0.006,BAIXO
2026-09-29 19:00:00,TAL-02,simulador_campo,0,0.0,0.005,BAIXO
2026-09-29 19:30:00,TAL-02,simulador_campo,0,0.0,0.007,BAIXO
2026-09-29 20:00:00,TAL-02,simulador_campo,0,0.0,0.008,BAIXO
2026-09-29 20:30:00,TAL-02,simulador_campo,0,0.0,0.007,BAIXO
2026-09-29 21:00:00,TAL-02,simulador_campo,0,0.0,0.014,BAIXO
2026-09-29 21:30:00,TAL-02,simulador_campo,0,0.0,0.013,BAIXO
2026-09-29 22:00:00,TAL-02,simulador_campo,0,0.0,0.017,BAIXO
2026-09-29 22:30:00,TAL-02,simulador_campo,0,0.0,0.017,BAIXO
2026-09-29 23:00:00,TAL-02,simulador_campo,0,0.0,0.016,BAIXO
2026-09-29 23:30:00,TAL-02,simulador_campo,0,0.0,0.01,BAIXO
2026-09-30 00:00:00,TAL-02,simulador_campo,0,0.0,0.009,BAIXO
2026-09-30 00:30:00,TAL-02,simulador_campo,0,0.0,0.009,BAIXO
2026-09-30 01:00:00,TAL-02,simulador_campo,0,0.0,0.007,BAIXO
2026-09-30 01:30:00,TAL-02,simulador_campo,0,0.0,0.005,BAIXO
2026-09-30 02:00:00,TAL-02,simulador_campo,0,0.0,0.004,BAIXO
2026-09-30 02:30:00,TAL-02,simulador_campo,0,0.0,0.005,BAIXO
2026-09-30 03:00:00,TAL-02,simulador_campo,0,0.0,0.004,BAIXO
2026-09-30 03:30:00,TAL-02,simulador_campo,0,0.0,0.004,BAIXO
2026-09-30 04:00:00,TAL-02,simulador_campo,0,0.0,0.004,BAIXO
2026-09-30 04:30:00,TAL-02,simulador_campo,0,0.0,0.005,BAIXO
2026-09-30 05:00:00,TAL-02,simulador_campo,0,0.0,0.005,BAIXO
2026-09-30 05:30:00,TAL-02,simulador_campo,0,0.0,0.005,BAIXO
2026-09-30 06:00:00,TAL-02,simulador_campo,0,0.0,0.01,BAIXO
2026-09-30 06:30:00,TAL-02,simulador_campo,0,0.0,0.009,BAIXO
2026-09-30 07:00:00,TAL-02,simulador_campo,0,0.0,0.012,BAIXO
2026-09-30 07:30:00,TAL-02,simulador_campo,0,0.0,0.007,BAIXO
2026-09-30 08:00:00,TAL-02,simulador_campo,0,0.0,0.007,BAIXO
2026-09-30 08:30:00,TAL-02,simulador_campo,0,0.0,0.007,BAIXO
2026-09-30 09:00:00,TAL-02,simulador_campo,0,0.0,0.004,BAIXO
2026-09-30 09:30:00,TAL-02,simulador_campo,0,0.0,0.004,BAIXO
2026-09-30 10:00:00,TAL-02,simulador_campo,0,0.0,0.004,BAIXO
2026-09-30 10:30:00,TAL-02,simulador_campo,0,0.0,0.004,BAIXO
2026-09-30 11:00:00,TAL-02,simulador_campo,0,0.0,0.004,BAIXO
2026-09-30 11:30:00,TAL-02,simulador_campo,0,0.0,0.004,BAIXO
2026-09-30 12:00:00,TAL-02,simulador_campo,0,0.0,0.004,BAIXO
2026-09-30 12:30:00,TAL-02,simulador_campo,0,0.0,0.004,BAIXO
2026-09-30 13:00:00,TAL-02,simulador_campo,0,0.0,0.004,BAIXO
2026-09-30 13:30:00,TAL-02,simulador_campo,0,0.0,0.004,BAIXO
2026-09-30 14:00:00,TAL-02,simulador_campo,0,0.0,0.004,BAIXO
2026-09-30 14:30:00,TAL-02,simulador_campo,0,0.0,0.004,BAIXO
2026-09-30 15:00:00,TAL-02,simulador_campo,0,0.0,0.004,BAIXO
2026-09-30 15:30:00,TAL-02,simulador_campo,0,0.0,0.004,BAIXO
2026-09-30 16:00:00,TAL-02,simulador_campo,0,0.0,0.004,BAIXO
2026-09-30 16:30:00,TAL-02,simulador_campo,0,0.0,0.025,BAIXO
2026-09-30 17:00:00,TAL-02,simulador_campo,0,0.0,0.018,BAIXO
2026-09-30 17:30:00,TAL-02,simulador_campo,0,0.0,0.024,BAIXO
2026-09-30 18:00:00,TAL-02,simulador_campo,0,0.0,0.037,BAIXO
2026-09-30 18:30:00,TAL-02,simulador_campo,0,0.0,0.039,BAIXO
2026-09-30 19:00:00,TAL-02,simulador_campo,0,0.0,0.039,BAIXO
2026-09-30 19:30:00,TAL-02,simulador_campo,0,0.0,0.04,BAIXO
2026-09-30 20:00:00,TAL-02,simulador_campo,0,0.0,0.038,BAIXO
2026-09-30 20:30:00,TAL-02,simulador_campo,0,0.0,0.026,BAIXO
2026-09-30 21:00:00,TAL-02,simulador_campo,0,0.0,0.026,BAIXO
2026-09-30 21:30:00,TAL-02,simulador_campo,0,0.0,0.025,BAIXO
2026-09-30 22:00:00,TAL-02,simulador_campo,0,0.0,0.027,BAIXO
2026-09-30 22:30:00,TAL-02,simulador_campo,0,0.0,0.024,BAIXO
2026-09-30 23:00:00,TAL-02,simulador_campo,0,0.0,0.032,BAIXO
2026-09-30 23:30:00,TAL-02,simulador_campo,0,0.0,0.028,BAIXO
2026-10-01 00:00:00,TAL-02,simulador_campo,0,0.0,0.022,BAIXO
2026-10-01 00:30:00,TAL-02,simulador_campo,0,0.0,0.025,BAIXO
2026-10-01 01:00:00,TAL-02,simulador_campo,0,0.0,0.043,BAIXO
2026-10-01 01:30:00,TAL-02,simulador_campo,0,0.0,0.046,BAIXO
2026-10-01 02:00:00,TAL-02,simulador_campo,0,0.0,0.048,BAIXO
2026-10-01 02:30:00,TAL-02,simulador_campo,0,0.0,0.057,BAIXO
2026-10-01 03:00:00,TAL-02,simulador_campo,0,0.0,0.053,BAIXO
2026-10-01 03:30:00,TAL-02,simulador_campo,0,0.0,0.067,BAIXO
2026-10-01 04:00:00,TAL-02,simulador_campo,0,0.0,0.043,BAIXO
2026-10-01 04:30:00,TAL-02,simulador_campo,0,0.0,0.054,BAIXO
2026-10-01 05:00:00,TAL-02,simulador_campo,0,0.0,0.055,BAIXO
2026-10-01 05:30:00,TAL-02,simulador_campo,0,0.0,0.056,BAIXO
2026-10-01 06:00:00,TAL-02,simulador_campo,0,0.0,0.054,BAIXO
2026-10-01 06:30:00,TAL-02,simulador_campo,0,0.0,0.047,BAIXO
2026-10-01 07:00:00,TAL-02,simulador_campo,0,0.0,0.037,BAIXO
2026-10-01 07:30:00,TAL-02,simulador_campo,0,0.0,0.034,BAIXO
2026-10-01 08:00:00,TAL-02,simulador_campo,0,0.0,0.039,BAIXO
2026-10-01 08:30:00,TAL-02,simulador_campo,0,0.0,0.037,BAIXO
2026-10-01 09:00:00,TAL-02,simulador_campo,0,0.0,0.04,BAIXO
2026-10-01 09:30:00,TAL-02,simulador_campo,0,0.0,0.032,BAIXO
2026-10-01 10:00:00,TAL-02,simulador_campo,0,0.0,0.032,BAIXO
2026-10-01 10:30:00,TAL-02,simulador_campo,0,0.0,0.025,BAIXO
2026-10-01 11:00:00,TAL-02,simulador_campo,0,0.0,0.03,BAIXO
2026-10-01 11:30:00,TAL-02,simulador_campo,0,0.0,0.029,BAIXO
2026-10-01 12:00:00,TAL-02,simulador_campo,0,0.0,0.033,BAIXO
2026-10-01 12:30:00,TAL-02,simulador_campo,0,0.0,0.03,BAIXO
2026-10-01 13:00:00,TAL-02,simulador_campo,0,0.0,0.03,BAIXO
2026-10-01 13:30:00,TAL-02,simulador_campo,0,0.0,0.038,BAIXO
2026-10-01 14:00:00,TAL-02,simulador_campo,0,0.0,0.039,BAIXO
2026-10-01 14:30:00,TAL-02,simulador_campo,0,0.0,0.031,BAIXO
2026-10-01 15:00:00,TAL-02,simulador_campo,0,0.0,0.04,BAIXO
2026-10-01 15:30:00,TAL-02,simulador_campo,0,0.0,0.043,BAIXO
2026-10-01 16:00:00,TAL-02,simulador_campo,0,0.0,0.459,MEDIO
2026-10-01 16:30:00,TAL-02,simulador_campo,0,1.0,0.916,ALTO
2026-10-01 17:00:00,TAL-02,simulador_campo,0,1.0,0.98,ALTO
2026-10-01 17:30:00,TAL-02,simulador_campo,0,1.0,0.979,ALTO
2026-10-01 18:00:00,TAL-02,simulador_campo,0,1.0,0.977,ALTO
2026-10-01 18:30:00,TAL-02,simulador_campo,0,1.0,0.98,ALTO
2026-10-01 19:00:00,TAL-02,simulador_campo,0,1.0,0.978,ALTO
2026-10-01 19:30:00,TAL-02,simulador_campo,0,1.0,0.978,ALTO
2026-10-01 20:00:00,TAL-02,simulador_campo,0,1.0,0.979,ALTO
2026-10-01 20:30:00,TAL-02,simulador_campo,0,1.0,0.981,ALTO
2026-10-01 21:00:00,TAL-02,simulador_campo,0,1.0,0.98,ALTO
2026-10-01 21:30:00,TAL-02,simulador_campo,0,1.0,0.975,ALTO
2026-10-01 22:00:00,TAL-02,simulador_campo,0,1.0,0.97,ALTO
2026-10-01 22:30:00,TAL-02,simulador_campo,1,1.0,0.975,ALTO
2026-10-01 23:00:00,TAL-02,simulador_campo,1,1.0,0.978,ALTO
2026-10-01 23:30:00,TAL-02,simulador_campo,1,1.0,0.977,ALTO
2026-10-02 00:00:00,TAL-02,simulador_campo,1,1.0,0.98,ALTO
2026-10-02 00:30:00,TAL-02,simulador_campo,1,1.0,0.96,ALTO
2026-10-02 01:00:00,TAL-02,simulador_campo,1,1.0,0.982,ALTO
2026-10-02 01:30:00,TAL-02,simulador_campo,1,1.0,0.973,ALTO
2026-10-02 02:00:00,TAL-02,simulador_campo,1,1.0,0.981,ALTO
2026-10-02 02:30:00,TAL-02,simulador_campo,1,1.0,0.982,ALTO
2026-10-02 03:00:00,TAL-02,simulador_campo,1,1.0,0.983,ALTO
2026-10-02 03:30:00,TAL-02,simulador_campo,1,1.0,0.982,ALTO
2026-10-02 04:00:00,TAL-02,simulador_campo,1,1.0,0.982,ALTO
2026-10-02 04:30:00,TAL-02,simulador_campo,1,1.0,0.982,ALTO
2026-10-02 05:00:00,TAL-02,simulador_campo,1,1.0,0.979,ALTO
2026-10-02 05:30:00,TAL-02,simulador_campo,1,1.0,0.979,ALTO
2026-10-02 06:00:00,TAL-02,simulador_campo,1,1.0,0.984,ALTO
2026-10-02 06:30:00,TAL-02,simulador_campo,1,1.0,0.986,ALTO
2026-10-02 07:00:00,TAL-02,simulador_campo,1,1.0,0.986,ALTO
2026-10-02 07:30:00,TAL-02,simulador_campo,1,1.0,0.983,ALTO
2026-10-02 08:00:00,TAL-02,simulador_campo,1,1.0,0.99,ALTO
2026-10-02 08:30:00,TAL-02,simulador_campo,1,1.0,0.987,ALTO
2026-10-02 09:00:00,TAL-02,simulador_campo,1,1.0,0.99,ALTO
2026-10-02 09:30:00,TAL-02,simulador_campo,1,1.0,0.987,ALTO
2026-10-02 10:00:00,TAL-02,simulador_campo,1,1.0,0.99,ALTO
2026-10-02 10:30:00,TAL-02,simulador_campo,1,1.0,0.99,ALTO
2026-10-02 11:00:00,TAL-02,simulador_campo,1,1.0,0.99,ALTO
2026-10-02 11:30:00,TAL-02,simulador_campo,1,1.0,0.99,ALTO
2026-10-02 12:00:00,TAL-02,simulador_campo,1,1.0,0.99,ALTO
2026-10-02 12:30:00,TAL-02,simulador_campo,1,1.0,0.989,ALTO
2026-10-02 13:00:00,TAL-02,simulador_campo,1,1.0,0.983,ALTO
2026-10-02 13:30:00,TAL-02,simulador_campo,1,1.0,0.983,ALTO
2026-10-02 14:00:00,TAL-02,simulador_campo,1,1.0,0.983,ALTO
2026-10-02 14:30:00,TAL-02,simulador_campo,1,1.0,0.984,ALTO
2026-10-02 15:00:00,TAL-02,simulador_campo,1,1.0,0.988,ALTO
2026-10-02 15:30:00,TAL-02,simulador_campo,1,1.0,0.989,ALTO
2026-10-02 16:00:00,TAL-02,simulador_campo,1,1.0,0.988,ALTO
2026-10-02 16:30:00,TAL-02,simulador_campo,1,1.0,0.991,ALTO
2026-10-02 17:00:00,TAL-02,simulador_campo,1,1.0,0.991,ALTO
2026-10-02 17:30:00,TAL-02,simulador_campo,1,1.0,0.991,ALTO
2026-10-02 18:00:00,TAL-02,simulador_campo,1,1.0,0.989,ALTO
2026-10-02 18:30:00,TAL-02,simulador_campo,1,1.0,0.985,ALTO
2026-10-02 19:00:00,TAL-02,simulador_campo,1,1.0,0.984,ALTO
2026-10-02 19:30:00,TAL-02,simulador_campo,1,1.0,0.985,ALTO
2026-10-02 20:00:00,TAL-02,simulador_campo,1,1.0,0.985,ALTO
2026-10-02 20:30:00,TAL-02,simulador_campo,1,1.0,0.982,ALTO
2026-10-02 21:00:00,TAL-02,simulador_campo,1,1.0,0.988,ALTO
2026-10-02 21:30:00,TAL-02,simulador_campo,1,1.0,0.984,ALTO
2026-10-02 22:00:00,TAL-02,simulador_campo,1,1.0,0.986,ALTO
2026-10-02 22:30:00,TAL-02,simulador_campo,1,1.0,0.988,ALTO
2026-10-02 23:00:00,TAL-02,simulador_campo,1,1.0,0.987,ALTO
2026-10-02 23:30:00,TAL-02,simulador_campo,1,1.0,0.981,ALTO
2026-10-03 00:00:00,TAL-02,simulador_campo,1,1.0,0.969,ALTO
2026-10-03 00:30:00,TAL-02,simulador_campo,1,1.0,0.988,ALTO
2026-10-03 01:00:00,TAL-02,simulador_campo,1,1.0,0.987,ALTO
2026-10-03 01:30:00,TAL-02,simulador_campo,1,1.0,0.972,ALTO
2026-10-03 02:00:00,TAL-02,simulador_campo,1,1.0,0.987,ALTO
2026-10-03 02:30:00,TAL-02,simulador_campo,1,1.0,0.982,ALTO
2026-10-03 03:00:00,TAL-02,simulador_campo,1,1.0,0.842,ALTO
2026-10-03 03:30:00,TAL-02,simulador_campo,1,1.0,0.829,ALTO
2026-10-03 04:00:00,TAL-02,simulador_campo,1,1.0,0.818,ALTO
2026-10-03 04:30:00,TAL-02,simulador_campo,1,0.0,0.818,ALTO
2026-10-03 05:00:00,TAL-02,simulador_campo,0,0.0,0.817,ALTO
2026-10-03 05:30:00,TAL-02,simulador_campo,0,0.0,0.657,ALTO
2026-10-03 06:00:00,TAL-02,simulador_campo,0,0.0,0.665,ALTO
2026-10-03 06:30:00,TAL-02,simulador_campo,0,1.0,0.662,ALTO
2026-10-03 07:00:00,TAL-02,simulador_campo,0,1.0,0.82,ALTO
2026-10-03 07:30:00,TAL-02,simulador_campo,0,1.0,0.672,ALTO
2026-10-03 08:00:00,TAL-02,simulador_campo,0,1.0,0.672,ALTO
2026-10-03 08:30:00,TAL-02,simulador_campo,0,1.0,0.672,ALTO
2026-10-03 09:00:00,TAL-02,simulador_campo,0,1.0,0.818,ALTO
2026-10-03 09:30:00,TAL-02,simulador_campo,0,1.0,0.828,ALTO
2026-10-03 10:00:00,TAL-02,simulador_campo,0,1.0,0.819,ALTO
2026-10-03 10:30:00,TAL-02,simulador_campo,0,1.0,0.794,ALTO
2026-10-03 11:00:00,TAL-02,simulador_campo,0,1.0,0.801,ALTO
2026-10-03 11:30:00,TAL-02,simulador_campo,0,1.0,0.801,ALTO
2026-10-03 12:00:00,TAL-02,simulador_campo,0,1.0,0.821,ALTO
2026-10-03 12:30:00,TAL-02,simulador_campo,1,1.0,0.826,ALTO
2026-10-03 13:00:00,TAL-02,simulador_campo,1,1.0,0.816,ALTO
2026-10-03 13:30:00,TAL-02,simulador_campo,1,1.0,0.792,ALTO
2026-10-03 14:00:00,TAL-02,simulador_campo,1,1.0,0.79,ALTO
2026-10-03 14:30:00,TAL-02,simulador_campo,1,1.0,0.821,ALTO
2026-10-03 15:00:00,TAL-02,simulador_campo,1,1.0,0.801,ALTO
2026-10-03 15:30:00,TAL-02,simulador_campo,1,1.0,0.801,ALTO
2026-10-03 16:00:00,TAL-02,simulador_campo,1,1.0,0.815,ALTO
2026-10-03 16:30:00,TAL-02,simulador_campo,1,1.0,0.84,ALTO
2026-10-03 17:00:00,TAL-02,simulador_campo,1,1.0,0.846,ALTO
2026-10-03 17:30:00,TAL-02,simulador_campo,1,1.0,0.847,ALTO
2026-10-03 18:00:00,TAL-02,simulador_campo,1,1.0,0.853,ALTO
2026-10-03 18:30:00,TAL-02,simulador_campo,1,1.0,0.845,ALTO
2026-10-03 19:00:00,TAL-02,simulador_campo,1,1.0,0.846,ALTO
2026-10-03 19:30:00,TAL-02,simulador_campo,1,1.0,0.846,ALTO
2026-10-03 20:00:00,TAL-02,simulador_campo,1,1.0,0.851,ALTO
2026-10-03 20:30:00,TAL-02,simulador_campo,1,1.0,0.849,ALTO
2026-10-03 21:00:00,TAL-02,simulador_campo,1,1.0,0.849,ALTO
2026-10-03 21:30:00,TAL-02,simulador_campo,1,1.0,0.849,ALTO
2026-10-03 22:00:00,TAL-02,simulador_campo,1,1.0,0.852,ALTO
2026-10-03 22:30:00,TAL-02,simulador_campo,1,1.0,0.852,ALTO
2026-10-03 23:00:00,TAL-02,simulador_campo,1,1.0,0.851,ALTO
2026-10-03 23:30:00,TAL-02,simulador_campo,1,1.0,0.849,ALTO
2026-10-04 00:00:00,TAL-02,simulador_campo,1,1.0,0.836,ALTO
2026-10-04 00:30:00,TAL-02,simulador_campo,1,1.0,0.835,ALTO
2026-10-04 01:00:00,TAL-02,simulador_campo,1,1.0,0.835,ALTO
2026-10-04 01:30:00,TAL-02,simulador_campo,1,1.0,0.835,ALTO
2026-10-04 02:00:00,TAL-02,simulador_campo,1,1.0,0.831,ALTO
2026-10-04 02:30:00,TAL-02,simulador_campo,1,1.0,0.796,ALTO
2026-10-04 03:00:00,TAL-02,simulador_campo,1,1.0,0.826,ALTO
2026-10-04 03:30:00,TAL-02,simulador_campo,1,1.0,0.787,ALTO
2026-10-04 04:00:00,TAL-02,simulador_campo,1,1.0,0.803,ALTO
2026-10-04 04:30:00,TAL-02,simulador_campo,1,1.0,0.793,ALTO
2026-10-04 05:00:00,TAL-02,simulador_campo,1,1.0,0.792,ALTO
2026-10-04 05:30:00,TAL-02,simulador_campo,1,1.0,0.899,ALTO
2026-10-04 06:00:00,TAL-02,simulador_campo,1,1.0,0.917,ALTO
2026-10-04 06:30:00,TAL-02,simulador_campo,1,1.0,0.929,ALTO
2026-10-04 07:00:00,TAL-02,simulador_campo,1,1.0,0.934,ALTO
2026-10-04 07:30:00,TAL-02,simulador_campo,1,1.0,0.925,ALTO
2026-10-04 08:00:00,TAL-02,simulador_campo,1,1.0,0.921,ALTO
2026-10-04 08:30:00,TAL-02,simulador_campo,1,1.0,0.921,ALTO
2026-10-04 09:00:00,TAL-02,simulador_campo,1,1.0,0.921,ALTO
2026-10-04 09:30:00,TAL-02,simulador_campo,1,1.0,0.921,ALTO
2026-10-04 10:00:00,TAL-02,simulador_campo,1,1.0,0.922,ALTO
2026-10-04 10:30:00,TAL-02,simulador_campo,1,1.0,0.922,ALTO
2026-10-04 11:00:00,TAL-02,simulador_campo,1,1.0,0.928,ALTO
2026-10-04 11:30:00,TAL-02,simulador_campo,1,1.0,0.909,ALTO
2026-10-04 12:00:00,TAL-02,simulador_campo,1,1.0,0.909,ALTO
2026-10-04 12:30:00,TAL-02,simulador_campo,1,1.0,0.904,ALTO
2026-10-04 13:00:00,TAL-02,simulador_campo,1,1.0,0.904,ALTO
2026-10-04 13:30:00,TAL-02,simulador_campo,1,1.0,0.909,ALTO
2026-10-04 14:00:00,TAL-02,simulador_campo,1,1.0,0.903,ALTO
2026-10-04 14:30:00,TAL-02,simulador_campo,1,1.0,0.903,ALTO
2026-10-04 15:00:00,TAL-02,simulador_campo,1,1.0,0.9,ALTO
2026-10-04 15:30:00,TAL-02,simulador_campo,1,1.0,0.898,ALTO
2026-10-04 16:00:00,TAL-02,simulador_campo,1,1.0,0.904,ALTO
2026-10-04 16:30:00,TAL-02,simulador_campo,1,1.0,0.912,ALTO
2026-10-04 17:00:00,TAL-02,simulador_campo,1,1.0,0.911,ALTO
2026-10-04 17:30:00,TAL-02,simulador_campo,1,1.0,0.944,ALTO
2026-10-04 18:00:00,TAL-02,simulador_campo,1,,0.929,ALTO
2026-10-04 18:30:00,TAL-02,simulador_campo,1,,0.931,ALTO
2026-10-04 19:00:00,TAL-02,simulador_campo,1,,0.931,ALTO
2026-10-04 19:30:00,TAL-02,simulador_campo,1,,0.931,ALTO
2026-10-04 20:00:00,TAL-02,simulador_campo,1,,0.921,ALTO
2026-10-04 20:30:00,TAL-02,simulador_campo,1,,0.921,ALTO
2026-10-04 21:00:00,TAL-02,simulador_campo,1,,0.919,ALTO
2026-10-04 21:30:00,TAL-02,simulador_campo,1,,0.92,ALTO
2026-10-04 22:00:00,TAL-02,simulador_campo,1,,0.923,ALTO
2026-10-04 22:30:00,TAL-02,simulador_campo,1,,0.917,ALTO
2026-10-04 23:00:00,TAL-02,simulador_campo,1,,0.917,ALTO
2026-10-04 23:30:00,TAL-02,simulador_campo,1,,0.915,ALTO
2026-09-28 00:00:00,TAL-03,simulador_campo,0,0.0,0.171,BAIXO
2026-09-28 00:30:00,TAL-03,simulador_campo,0,0.0,0.129,BAIXO
2026-09-28 01:00:00,TAL-03,simulador_campo,0,0.0,0.129,BAIXO
2026-09-28 01:30:00,TAL-03,simulador_campo,0,0.0,0.073,BAIXO
2026-09-28 02:00:00,TAL-03,simulador_campo,0,0.0,0.067,BAIXO
2026-09-28 02:30:00,TAL-03,simulador_campo,0,0.0,0.079,BAIXO
2026-09-28 03:00:00,TAL-03,simulador_campo,0,0.0,0.052,BAIXO
2026-09-28 03:30:00,TAL-03,simulador_campo,0,0.0,0.062,BAIXO
2026-09-28 04:00:00,TAL-03,simulador_campo,0,0.0,0.06,BAIXO
2026-09-28 04:30:00,TAL-03,simulador_campo,0,0.0,0.069,BAIXO
2026-09-28 05:00:00,TAL-03,simulador_campo,0,0.0,0.064,BAIXO
2026-09-28 05:30:00,TAL-03,simulador_campo,0,0.0,0.068,BAIXO
2026-09-28 06:00:00,TAL-03,simulador_campo,0,0.0,0.068,BAIXO
2026-09-28 06:30:00,TAL-03,simulador_campo,0,0.0,0.067,BAIXO
2026-09-28 07:00:00,TAL-03,simulador_campo,0,0.0,0.043,BAIXO
2026-09-28 07:30:00,TAL-03,simulador_campo,0,0.0,0.022,BAIXO
2026-09-28 08:00:00,TAL-03,simulador_campo,0,0.0,0.016,BAIXO
2026-09-28 08:30:00,TAL-03,simulador_campo,0,0.0,0.012,BAIXO
2026-09-28 09:00:00,TAL-03,simulador_campo,0,0.0,0.006,BAIXO
2026-09-28 09:30:00,TAL-03,simulador_campo,0,0.0,0.006,BAIXO
2026-09-28 10:00:00,TAL-03,simulador_campo,0,0.0,0.006,BAIXO
2026-09-28 10:30:00,TAL-03,simulador_campo,0,0.0,0.008,BAIXO
2026-09-28 11:00:00,TAL-03,simulador_campo,0,0.0,0.009,BAIXO
2026-09-28 11:30:00,TAL-03,simulador_campo,0,0.0,0.011,BAIXO
2026-09-28 12:00:00,TAL-03,simulador_campo,0,0.0,0.008,BAIXO
2026-09-28 12:30:00,TAL-03,simulador_campo,0,0.0,0.009,BAIXO
2026-09-28 13:00:00,TAL-03,simulador_campo,0,0.0,0.015,BAIXO
2026-09-28 13:30:00,TAL-03,simulador_campo,0,0.0,0.035,BAIXO
2026-09-28 14:00:00,TAL-03,simulador_campo,0,0.0,0.024,BAIXO
2026-09-28 14:30:00,TAL-03,simulador_campo,0,0.0,0.027,BAIXO
2026-09-28 15:00:00,TAL-03,simulador_campo,0,0.0,0.022,BAIXO
2026-09-28 15:30:00,TAL-03,simulador_campo,0,0.0,0.036,BAIXO
2026-09-28 16:00:00,TAL-03,simulador_campo,0,0.0,0.028,BAIXO
2026-09-28 16:30:00,TAL-03,simulador_campo,0,0.0,0.026,BAIXO
2026-09-28 17:00:00,TAL-03,simulador_campo,0,0.0,0.028,BAIXO
2026-09-28 17:30:00,TAL-03,simulador_campo,0,0.0,0.045,BAIXO
2026-09-28 18:00:00,TAL-03,simulador_campo,0,0.0,0.067,BAIXO
2026-09-28 18:30:00,TAL-03,simulador_campo,0,0.0,0.072,BAIXO
2026-09-28 19:00:00,TAL-03,simulador_campo,0,0.0,0.06,BAIXO
2026-09-28 19:30:00,TAL-03,simulador_campo,0,0.0,0.054,BAIXO
2026-09-28 20:00:00,TAL-03,simulador_campo,0,0.0,0.035,BAIXO
2026-09-28 20:30:00,TAL-03,simulador_campo,0,0.0,0.035,BAIXO
2026-09-28 21:00:00,TAL-03,simulador_campo,0,0.0,0.048,BAIXO
2026-09-28 21:30:00,TAL-03,simulador_campo,0,0.0,0.052,BAIXO
2026-09-28 22:00:00,TAL-03,simulador_campo,0,0.0,0.056,BAIXO
2026-09-28 22:30:00,TAL-03,simulador_campo,0,0.0,0.054,BAIXO
2026-09-28 23:00:00,TAL-03,simulador_campo,0,0.0,0.058,BAIXO
2026-09-28 23:30:00,TAL-03,simulador_campo,0,0.0,0.054,BAIXO
2026-09-29 01:00:00,TAL-03,simulador_campo,0,0.0,0.061,BAIXO
2026-09-29 01:30:00,TAL-03,simulador_campo,0,0.0,0.067,BAIXO
2026-09-29 02:00:00,TAL-03,simulador_campo,0,0.0,0.069,BAIXO
2026-09-29 02:30:00,TAL-03,simulador_campo,0,0.0,0.054,BAIXO
2026-09-29 03:00:00,TAL-03,simulador_campo,0,0.0,0.072,BAIXO
2026-09-29 03:30:00,TAL-03,simulador_campo,0,0.0,0.068,BAIXO
2026-09-29 04:00:00,TAL-03,simulador_campo,0,0.0,0.087,BAIXO
2026-09-29 04:30:00,TAL-03,simulador_campo,0,0.0,0.075,BAIXO
2026-09-29 05:00:00,TAL-03,simulador_campo,0,0.0,0.073,BAIXO
2026-09-29 05:30:00,TAL-03,simulador_campo,0,0.0,0.071,BAIXO
2026-09-29 06:00:00,TAL-03,simulador_campo,0,0.0,0.083,BAIXO
2026-09-29 06:30:00,TAL-03,simulador_campo,0,0.0,0.078,BAIXO
2026-09-29 07:00:00,TAL-03,simulador_campo,0,0.0,0.07,BAIXO
2026-09-29 07:30:00,TAL-03,simulador_campo,0,0.0,0.055,BAIXO
2026-09-29 08:00:00,TAL-03,simulador_campo,0,0.0,0.057,BAIXO
2026-09-29 08:30:00,TAL-03,simulador_campo,0,0.0,0.035,BAIXO
2026-09-29 09:00:00,TAL-03,simulador_campo,0,0.0,0.026,BAIXO
2026-09-29 09:30:00,TAL-03,simulador_campo,0,0.0,0.028,BAIXO
2026-09-29 10:00:00,TAL-03,simulador_campo,0,0.0,0.027,BAIXO
2026-09-29 10:30:00,TAL-03,simulador_campo,0,0.0,0.039,BAIXO
2026-09-29 11:00:00,TAL-03,simulador_campo,0,0.0,0.018,BAIXO
2026-09-29 11:30:00,TAL-03,simulador_campo,0,0.0,0.032,BAIXO
2026-09-29 12:00:00,TAL-03,simulador_campo,0,0.0,0.014,BAIXO
2026-09-29 12:30:00,TAL-03,simulador_campo,0,0.0,0.022,BAIXO
2026-09-29 13:00:00,TAL-03,simulador_campo,0,0.0,0.024,BAIXO
2026-09-29 13:30:00,TAL-03,simulador_campo,0,0.0,0.016,BAIXO
2026-09-29 14:00:00,TAL-03,simulador_campo,0,0.0,0.022,BAIXO
2026-09-29 14:30:00,TAL-03,simulador_campo,0,0.0,0.045,BAIXO
2026-09-29 15:00:00,TAL-03,simulador_campo,0,0.0,0.022,BAIXO
2026-09-29 15:30:00,TAL-03,simulador_campo,0,0.0,0.023,BAIXO
2026-09-29 16:00:00,TAL-03,simulador_campo,0,0.0,0.013,BAIXO
2026-09-29 16:30:00,TAL-03,simulador_campo,0,0.0,0.038,BAIXO
2026-09-29 17:00:00,TAL-03,simulador_campo,0,0.0,0.022,BAIXO
2026-09-29 17:30:00,TAL-03,simulador_campo,0,0.0,0.032,BAIXO
2026-09-29 18:00:00,TAL-03,simulador_campo,0,0.0,0.058,BAIXO
2026-09-29 18:30:00,TAL-03,simulador_campo,0,0.0,0.049,BAIXO
2026-09-29 19:00:00,TAL-03,simulador_campo,0,0.0,0.049,BAIXO
2026-09-29 19:30:00,TAL-03,simulador_campo,0,0.0,0.051,BAIXO
2026-09-29 20:00:00,TAL-03,simulador_campo,0,0.0,0.058,BAIXO
2026-09-29 20:30:00,TAL-03,simulador_campo,0,0.0,0.051,BAIXO
2026-09-29 21:00:00,TAL-03,simulador_campo,0,0.0,0.045,BAIXO
2026-09-29 21:30:00,TAL-03,simulador_campo,0,0.0,0.048,BAIXO
2026-09-29 22:00:00,TAL-03,simulador_campo,0,0.0,0.052,BAIXO
2026-09-29 22:30:00,TAL-03,simulador_campo,0,0.0,0.054,BAIXO
2026-09-29 23:00:00,TAL-03,simulador_campo,0,0.0,0.038,BAIXO
2026-09-29 23:30:00,TAL-03,simulador_campo,0,0.0,0.044,BAIXO
2026-09-30 00:00:00,TAL-03,simulador_campo,0,0.0,0.021,BAIXO
2026-09-30 00:30:00,TAL-03,simulador_campo,0,0.0,0.02,BAIXO
2026-09-30 01:00:00,TAL-03,simulador_campo,0,0.0,0.04,BAIXO
2026-09-30 01:30:00,TAL-03,simulador_campo,0,0.0,0.03,BAIXO
2026-09-30 02:00:00,TAL-03,simulador_campo,0,0.0,0.047,BAIXO
2026-09-30 02:30:00,TAL-03,simulador_campo,0,0.0,0.037,BAIXO
2026-09-30 03:00:00,TAL-03,simulador_campo,0,0.0,0.029,BAIXO
2026-09-30 03:30:00,TAL-03,simulador_campo,0,0.0,0.046,BAIXO
2026-09-30 04:00:00,TAL-03,simulador_campo,0,0.0,0.049,BAIXO
2026-09-30 04:30:00,TAL-03,simulador_campo,0,0.0,0.034,BAIXO
2026-09-30 05:00:00,TAL-03,simulador_campo,0,0.0,0.034,BAIXO
2026-09-30 05:30:00,TAL-03,simulador_campo,0,0.0,0.05,BAIXO
2026-09-30 06:00:00,TAL-03,simulador_campo,0,0.0,0.035,BAIXO
2026-09-30 06:30:00,TAL-03,simulador_campo,0,0.0,0.037,BAIXO
2026-09-30 07:00:00,TAL-03,simulador_campo,0,0.0,0.035,BAIXO
2026-09-30 07:30:00,TAL-03,simulador_campo,0,0.0,0.026,BAIXO
2026-09-30 08:00:00,TAL-03,simulador_campo,0,0.0,0.013,BAIXO
2026-09-30 08:30:00,TAL-03,simulador_campo,0,0.0,0.007,BAIXO
2026-09-30 09:00:00,TAL-03,simulador_campo,0,0.0,0.006,BAIXO
2026-09-30 09:30:00,TAL-03,simulador_campo,0,0.0,0.001,BAIXO
2026-09-30 10:00:00,TAL-03,simulador_campo,0,0.0,0.005,BAIXO
2026-09-30 10:30:00,TAL-03,simulador_campo,0,0.0,0.003,BAIXO
2026-09-30 11:00:00,TAL-03,simulador_campo,0,0.0,0.001,BAIXO
2026-09-30 11:30:00,TAL-03,simulador_campo,0,0.0,0.001,BAIXO
2026-09-30 12:00:00,TAL-03,simulador_campo,0,0.0,0.001,BAIXO
2026-09-30 12:30:00,TAL-03,simulador_campo,0,0.0,0.001,BAIXO
2026-09-30 13:00:00,TAL-03,simulador_campo,0,0.0,0.001,BAIXO
2026-09-30 13:30:00,TAL-03,simulador_campo,0,0.0,0.005,BAIXO
2026-09-30 14:00:00,TAL-03,simulador_campo,0,0.0,0.005,BAIXO
2026-09-30 14:30:00,TAL-03,simulador_campo,0,0.0,0.017,BAIXO
2026-09-30 15:00:00,TAL-03,simulador_campo,0,0.0,0.078,BAIXO
2026-09-30 15:30:00,TAL-03,simulador_campo,0,0.0,0.032,BAIXO
2026-09-30 16:00:00,TAL-03,simulador_campo,0,0.0,0.105,BAIXO
2026-09-30 16:30:00,TAL-03,simulador_campo,0,0.0,0.073,BAIXO
2026-09-30 17:00:00,TAL-03,simulador_campo,0,0.0,0.057,BAIXO
2026-09-30 17:30:00,TAL-03,simulador_campo,0,0.0,0.026,BAIXO
2026-09-30 18:00:00,TAL-03,simulador_campo,0,0.0,0.039,BAIXO
2026-09-30 18:30:00,TAL-03,simulador_campo,0,0.0,0.047,BAIXO
2026-09-30 19:00:00,TAL-03,simulador_campo,0,0.0,0.057,BAIXO
2026-09-30 19:30:00,TAL-03,simulador_campo,0,0.0,0.031,BAIXO
2026-09-30 20:00:00,TAL-03,simulador_campo,0,0.0,0.037,BAIXO
2026-09-30 20:30:00,TAL-03,simulador_campo,0,0.0,0.029,BAIXO
2026-09-30 21:00:00,TAL-03,simulador_campo,0,0.0,0.04,BAIXO
2026-09-30 21:30:00,TAL-03,simulador_campo,0,0.0,0.033,BAIXO
2026-09-30 22:00:00,TAL-03,simulador_campo,0,0.0,0.032,BAIXO
2026-09-30 22:30:00,TAL-03,simulador_campo,0,0.0,0.052,BAIXO
2026-09-30 23:00:00,TAL-03,simulador_campo,0,0.0,0.05,BAIXO
2026-09-30 23:30:00,TAL-03,simulador_campo,0,0.0,0.044,BAIXO
2026-10-01 00:00:00,TAL-03,simulador_campo,0,0.0,0.041,BAIXO
2026-10-01 00:30:00,TAL-03,simulador_campo,0,0.0,0.044,BAIXO
2026-10-01 01:00:00,TAL-03,simulador_campo,0,0.0,0.117,BAIXO
2026-10-01 01:30:00,TAL-03,simulador_campo,0,0.0,0.05,BAIXO
2026-10-01 02:00:00,TAL-03,simulador_campo,0,0.0,0.057,BAIXO
2026-10-01 02:30:00,TAL-03,simulador_campo,0,0.0,0.1,BAIXO
2026-10-01 03:00:00,TAL-03,simulador_campo,0,0.0,0.141,BAIXO
2026-10-01 03:30:00,TAL-03,simulador_campo,0,0.0,0.236,BAIXO
2026-10-01 04:00:00,TAL-03,simulador_campo,0,1.0,0.668,ALTO
2026-10-01 04:30:00,TAL-03,simulador_campo,0,1.0,0.73,ALTO
2026-10-01 05:00:00,TAL-03,simulador_campo,0,1.0,0.867,ALTO
2026-10-01 05:30:00,TAL-03,simulador_campo,0,1.0,0.897,ALTO
2026-10-01 06:00:00,TAL-03,simulador_campo,0,1.0,0.891,ALTO
2026-10-01 06:30:00,TAL-03,simulador_campo,0,1.0,0.915,ALTO
2026-10-01 07:00:00,TAL-03,simulador_campo,0,1.0,0.919,ALTO
2026-10-01 07:30:00,TAL-03,simulador_campo,0,1.0,0.882,ALTO
2026-10-01 08:00:00,TAL-03,simulador_campo,0,1.0,0.856,ALTO
2026-10-01 08:30:00,TAL-03,simulador_campo,0,1.0,0.885,ALTO
2026-10-01 09:00:00,TAL-03,simulador_campo,0,1.0,0.948,ALTO
2026-10-01 09:30:00,TAL-03,simulador_campo,0,1.0,0.954,ALTO
2026-10-01 10:00:00,TAL-03,simulador_campo,1,1.0,0.978,ALTO
2026-10-01 10:30:00,TAL-03,simulador_campo,1,1.0,0.981,ALTO
2026-10-01 11:00:00,TAL-03,simulador_campo,1,1.0,0.985,ALTO
2026-10-01 11:30:00,TAL-03,simulador_campo,1,1.0,0.99,ALTO
2026-10-01 12:00:00,TAL-03,simulador_campo,1,1.0,0.99,ALTO
2026-10-01 12:30:00,TAL-03,simulador_campo,1,1.0,0.991,ALTO
2026-10-01 13:00:00,TAL-03,simulador_campo,1,1.0,0.992,ALTO
2026-10-01 13:30:00,TAL-03,simulador_campo,1,1.0,0.994,ALTO
2026-10-01 14:00:00,TAL-03,simulador_campo,1,1.0,0.994,ALTO
2026-10-01 14:30:00,TAL-03,simulador_campo,1,1.0,0.988,ALTO
2026-10-01 15:00:00,TAL-03,simulador_campo,1,1.0,0.987,ALTO
2026-10-01 15:30:00,TAL-03,simulador_campo,1,1.0,0.986,ALTO
2026-10-01 16:00:00,TAL-03,simulador_campo,1,1.0,0.972,ALTO
2026-10-01 16:30:00,TAL-03,simulador_campo,1,1.0,0.966,ALTO
2026-10-01 17:00:00,TAL-03,simulador_campo,1,1.0,0.938,ALTO
2026-10-01 17:30:00,TAL-03,simulador_campo,1,1.0,0.968,ALTO
2026-10-01 18:00:00,TAL-03,simulador_campo,1,1.0,0.927,ALTO
2026-10-01 18:30:00,TAL-03,simulador_campo,1,1.0,0.815,ALTO
2026-10-01 19:00:00,TAL-03,simulador_campo,1,1.0,0.697,ALTO
2026-10-01 19:30:00,TAL-03,simulador_campo,1,0.0,0.582,MEDIO
2026-10-01 20:00:00,TAL-03,simulador_campo,0,0.0,0.223,BAIXO
2026-10-01 20:30:00,TAL-03,simulador_campo,0,0.0,0.216,BAIXO
2026-10-01 21:00:00,TAL-03,simulador_campo,0,0.0,0.149,BAIXO
2026-10-01 21:30:00,TAL-03,simulador_campo,0,0.0,0.135,BAIXO
2026-10-01 22:00:00,TAL-03,simulador_campo,0,0.0,0.16,BAIXO
2026-10-01 22:30:00,TAL-03,simulador_campo,0,0.0,0.298,BAIXO
2026-10-01 23:00:00,TAL-03,simulador_campo,0,0.0,0.235,BAIXO
2026-10-01 23:30:00,TAL-03,simulador_campo,0,0.0,0.099,BAIXO
2026-10-02 00:00:00,TAL-03,simulador_campo,0,0.0,0.186,BAIXO
2026-10-02 00:30:00,TAL-03,simulador_campo,0,0.0,0.331,MEDIO
2026-10-02 01:00:00,TAL-03,simulador_campo,0,0.0,0.195,BAIXO
2026-10-02 01:30:00,TAL-03,simulador_campo,0,0.0,0.209,BAIXO
2026-10-02 02:00:00,TAL-03,simulador_campo,0,0.0,0.243,BAIXO
2026-10-02 02:30:00,TAL-03,simulador_campo,0,0.0,0.237,BAIXO
2026-10-02 03:00:00,TAL-03,simulador_campo,0,0.0,0.275,BAIXO
2026-10-02 03:30:00,TAL-03,simulador_campo,0,0.0,0.401,MEDIO
2026-10-02 04:30:00,TAL-03,simulador_campo,0,1.0,0.662,ALTO
2026-10-02 05:00:00,TAL-03,simulador_campo,0,1.0,0.799,ALTO
2026-10-02 05:30:00,TAL-03,simulador_campo,0,1.0,0.831,ALTO
2026-10-02 06:00:00,TAL-03,simulador_campo,0,1.0,0.832,ALTO
2026-10-02 06:30:00,TAL-03,simulador_campo,0,1.0,0.9,ALTO
2026-10-02 07:00:00,TAL-03,simulador_campo,0,1.0,0.922,ALTO
2026-10-02 07:30:00,TAL-03,simulador_campo,0,1.0,0.932,ALTO
2026-10-02 08:00:00,TAL-03,simulador_campo,0,1.0,0.963,ALTO
2026-10-02 08:30:00,TAL-03,simulador_campo,0,1.0,0.958,ALTO
2026-10-02 09:00:00,TAL-03,simulador_campo,0,1.0,0.971,ALTO
2026-10-02 09:30:00,TAL-03,simulador_campo,0,1.0,0.978,ALTO
2026-10-02 10:00:00,TAL-03,simulador_campo,0,1.0,0.973,ALTO
2026-10-02 10:30:00,TAL-03,simulador_campo,1,1.0,0.982,ALTO
2026-10-02 11:00:00,TAL-03,simulador_campo,1,1.0,0.986,ALTO
2026-10-02 11:30:00,TAL-03,simulador_campo,1,1.0,0.985,ALTO
2026-10-02 12:00:00,TAL-03,simulador_campo,1,1.0,0.99,ALTO
2026-10-02 12:30:00,TAL-03,simulador_campo,1,1.0,0.98,ALTO
2026-10-02 13:00:00,TAL-03,simulador_campo,1,1.0,0.989,ALTO
2026-10-02 13:30:00,TAL-03,simulador_campo,1,1.0,0.995,ALTO
2026-10-02 14:00:00,TAL-03,simulador_campo,1,1.0,0.995,ALTO
2026-10-02 14:30:00,TAL-03,simulador_campo,1,1.0,0.968,ALTO
2026-10-02 15:00:00,TAL-03,simulador_campo,1,1.0,0.973,ALTO
2026-10-02 15:30:00,TAL-03,simulador_campo,1,1.0,0.992,ALTO
2026-10-02 16:00:00,TAL-03,simulador_campo,1,1.0,0.99,ALTO
2026-10-02 16:30:00,TAL-03,simulador_campo,1,1.0,0.99,ALTO
2026-10-02 17:00:00,TAL-03,simulador_campo,1,1.0,0.985,ALTO
2026-10-02 17:30:00,TAL-03,simulador_campo,1,1.0,0.978,ALTO
2026-10-02 18:00:00,TAL-03,simulador_campo,1,1.0,0.916,ALTO
2026-10-02 18:30:00,TAL-03,simulador_campo,1,1.0,0.835,ALTO
2026-10-02 19:00:00,TAL-03,simulador_campo,1,0.0,0.6,ALTO
2026-10-02 19:30:00,TAL-03,simulador_campo,0,0.0,0.397,MEDIO
2026-10-02 20:00:00,TAL-03,simulador_campo,0,0.0,0.248,BAIXO
2026-10-02 20:30:00,TAL-03,simulador_campo,0,0.0,0.171,BAIXO
2026-10-02 21:00:00,TAL-03,simulador_campo,0,0.0,0.13,BAIXO
2026-10-02 21:30:00,TAL-03,simulador_campo,0,0.0,0.097,BAIXO
2026-10-02 22:00:00,TAL-03,simulador_campo,0,0.0,0.106,BAIXO
2026-10-02 22:30:00,TAL-03,simulador_campo,0,0.0,0.103,BAIXO
2026-10-02 23:00:00,TAL-03,simulador_campo,0,0.0,0.089,BAIXO
2026-10-02 23:30:00,TAL-03,simulador_campo,0,0.0,0.114,BAIXO
2026-10-03 00:00:00,TAL-03,simulador_campo,0,0.0,0.247,BAIXO
2026-10-03 00:30:00,TAL-03,simulador_campo,0,0.0,0.238,BAIXO
2026-10-03 01:00:00,TAL-03,simulador_campo,0,0.0,0.248,BAIXO
2026-10-03 01:30:00,TAL-03,simulador_campo,0,0.0,0.258,BAIXO
2026-10-03 02:00:00,TAL-03,simulador_campo,0,0.0,0.305,MEDIO
2026-10-03 02:30:00,TAL-03,simulador_campo,0,0.0,0.294,BAIXO
2026-10-03 03:00:00,TAL-03,simulador_campo,0,0.0,0.403,MEDIO
2026-10-03 03:30:00,TAL-03,simulador_campo,0,0.0,0.307,MEDIO
2026-10-03 04:00:00,TAL-03,simulador_campo,0,1.0,0.358,MEDIO
2026-10-03 04:30:00,TAL-03,simulador_campo,0,1.0,0.347,MEDIO
2026-10-03 05:00:00,TAL-03,simulador_campo,0,1.0,0.358,MEDIO
2026-10-03 05:30:00,TAL-03,simulador_campo,0,1.0,0.376,MEDIO
2026-10-03 06:00:00,TAL-03,simulador_campo,0,1.0,0.364,MEDIO
2026-10-03 06:30:00,TAL-03,simulador_campo,0,1.0,0.457,MEDIO
2026-10-03 07:00:00,TAL-03,simulador_campo,0,1.0,0.468,MEDIO
2026-10-03 07:30:00,TAL-03,simulador_campo,0,1.0,0.5,MEDIO
2026-10-03 08:00:00,TAL-03,simulador_campo,0,1.0,0.498,MEDIO
2026-10-03 08:30:00,TAL-03,simulador_campo,0,1.0,0.529,MEDIO
2026-10-03 09:00:00,TAL-03,simulador_campo,0,1.0,0.578,MEDIO
2026-10-03 09:30:00,TAL-03,simulador_campo,0,1.0,0.664,ALTO
2026-10-03 10:00:00,TAL-03,simulador_campo,1,1.0,0.677,ALTO
2026-10-03 10:30:00,TAL-03,simulador_campo,1,1.0,0.664,ALTO
2026-10-03 11:00:00,TAL-03,simulador_campo,1,1.0,0.574,MEDIO
2026-10-03 11:30:00,TAL-03,simulador_campo,1,1.0,0.559,MEDIO
2026-10-03 12:00:00,TAL-03,simulador_campo,1,1.0,0.549,MEDIO
2026-10-03 12:30:00,TAL-03,simulador_campo,1,1.0,0.549,MEDIO
2026-10-03 13:00:00,TAL-03,simulador_campo,1,1.0,0.579,MEDIO
2026-10-03 13:30:00,TAL-03,simulador_campo,1,1.0,0.623,ALTO
2026-10-03 14:00:00,TAL-03,simulador_campo,1,1.0,0.617,ALTO
2026-10-03 14:30:00,TAL-03,simulador_campo,1,1.0,0.617,ALTO
2026-10-03 15:00:00,TAL-03,simulador_campo,1,1.0,0.599,MEDIO
2026-10-03 15:30:00,TAL-03,simulador_campo,1,1.0,0.608,ALTO
2026-10-03 16:00:00,TAL-03,simulador_campo,1,1.0,0.622,ALTO
2026-10-03 16:30:00,TAL-03,simulador_campo,1,1.0,0.625,ALTO
2026-10-03 17:00:00,TAL-03,simulador_campo,1,1.0,0.626,ALTO
2026-10-03 17:30:00,TAL-03,simulador_campo,1,1.0,0.623,ALTO
2026-10-03 18:00:00,TAL-03,simulador_campo,1,1.0,0.609,ALTO
2026-10-03 18:30:00,TAL-03,simulador_campo,1,1.0,0.553,MEDIO
2026-10-03 19:00:00,TAL-03,simulador_campo,1,1.0,0.448,MEDIO
2026-10-03 19:30:00,TAL-03,simulador_campo,1,1.0,0.421,MEDIO
2026-10-03 20:00:00,TAL-03,simulador_campo,1,0.0,0.304,MEDIO
2026-10-03 20:30:00,TAL-03,simulador_campo,0,0.0,0.371,MEDIO
2026-10-03 21:00:00,TAL-03,simulador_campo,0,0.0,0.363,MEDIO
2026-10-03 21:30:00,TAL-03,simulador_campo,0,0.0,0.316,MEDIO
2026-10-03 22:00:00,TAL-03,simulador_campo,0,0.0,0.291,BAIXO
2026-10-03 22:30:00,TAL-03,simulador_campo,0,0.0,0.281,BAIXO
2026-10-03 23:00:00,TAL-03,simulador_campo,0,0.0,0.292,BAIXO
2026-10-03 23:30:00,TAL-03,simulador_campo,0,0.0,0.279,BAIXO
2026-10-04 00:00:00,TAL-03,simulador_campo,0,0.0,0.348,MEDIO
2026-10-04 00:30:00,TAL-03,simulador_campo,0,0.0,0.347,MEDIO
2026-10-04 01:00:00,TAL-03,simulador_campo,0,0.0,0.36,MEDIO
2026-10-04 01:30:00,TAL-03,simulador_campo,0,0.0,0.327,MEDIO
2026-10-04 02:00:00,TAL-03,simulador_campo,0,0.0,0.342,MEDIO
2026-10-04 02:30:00,TAL-03,simulador_campo,0,0.0,0.3,MEDIO
2026-10-04 03:00:00,TAL-03,simulador_campo,0,0.0,0.384,MEDIO
2026-10-04 03:30:00,TAL-03,simulador_campo,0,0.0,0.38,MEDIO
2026-10-04 04:00:00,TAL-03,simulador_campo,0,1.0,0.412,MEDIO
2026-10-04 04:30:00,TAL-03,simulador_campo,0,1.0,0.413,MEDIO
2026-10-04 05:00:00,TAL-03,simulador_campo,0,1.0,0.374,MEDIO
2026-10-04 05:30:00,TAL-03,simulador_campo,0,1.0,0.406,MEDIO
2026-10-04 06:00:00,TAL-03,simulador_campo,0,1.0,0.362,MEDIO
2026-10-04 06:30:00,TAL-03,simulador_campo,0,1.0,0.455,MEDIO
2026-10-04 07:00:00,TAL-03,simulador_campo,0,1.0,0.446,MEDIO
2026-10-04 07:30:00,TAL-03,simulador_campo,0,1.0,0.481,MEDIO
2026-10-04 08:00:00,TAL-03,simulador_campo,0,1.0,0.536,MEDIO
2026-10-04 08:30:00,TAL-03,simulador_campo,0,1.0,0.525,MEDIO
2026-10-04 09:00:00,TAL-03,simulador_campo,0,1.0,0.603,ALTO
2026-10-04 09:30:00,TAL-03,simulador_campo,0,1.0,0.614,ALTO
2026-10-04 10:00:00,TAL-03,simulador_campo,1,1.0,0.633,ALTO
2026-10-04 10:30:00,TAL-03,simulador_campo,0,1.0,0.656,ALTO
2026-10-04 11:00:00,TAL-03,simulador_campo,1,1.0,0.672,ALTO
2026-10-04 11:30:00,TAL-03,simulador_campo,1,1.0,0.679,ALTO
2026-10-04 12:00:00,TAL-03,simulador_campo,1,1.0,0.672,ALTO
2026-10-04 12:30:00,TAL-03,simulador_campo,1,1.0,0.676,ALTO
2026-10-04 13:00:00,TAL-03,simulador_campo,1,1.0,0.687,ALTO
2026-10-04 13:30:00,TAL-03,simulador_campo,1,1.0,0.742,ALTO
2026-10-04 14:00:00,TAL-03,simulador_campo,1,1.0,0.753,ALTO
2026-10-04 14:30:00,TAL-03,simulador_campo,1,1.0,0.753,ALTO
2026-10-04 15:00:00,TAL-03,simulador_campo,1,1.0,0.746,ALTO
2026-10-04 15:30:00,TAL-03,simulador_campo,1,1.0,0.768,ALTO
2026-10-04 16:00:00,TAL-03,simulador_campo,1,1.0,0.789,ALTO
2026-10-04 16:30:00,TAL-03,simulador_campo,1,1.0,0.784,ALTO
2026-10-04 17:00:00,TAL-03,simulador_campo,1,1.0,0.836,ALTO
2026-10-04 17:30:00,TAL-03,simulador_campo,1,1.0,0.853,ALTO
2026-10-04 18:00:00,TAL-03,simulador_campo,1,,0.809,ALTO
2026-10-04 18:30:00,TAL-03,simulador_campo,1,,0.761,ALTO
2026-10-04 19:00:00,TAL-03,simulador_campo,1,,0.684,ALTO
2026-10-04 19:30:00,TAL-03,simulador_campo,0,,0.594,MEDIO
2026-10-04 20:00:00,TAL-03,simulador_campo,0,,0.489,MEDIO
2026-10-04 20:30:00,TAL-03,simulador_campo,1,,0.527,MEDIO
2026-10-04 21:00:00,TAL-03,simulador_campo,0,,0.437,MEDIO
2026-10-04 21:30:00,TAL-03,simulador_campo,0,,0.4,MEDIO
2026-10-04 22:00:00,TAL-03,simulador_campo,0,,0.425,MEDIO
2026-10-04 22:30:00,TAL-03,simulador_campo,0,,0.374,MEDIO
2026-10-04 23:00:00,TAL-03,simulador_campo,0,,0.35,MEDIO
2026-10-04 23:30:00,TAL-03,simulador_campo,0,,0.334,MEDIO
2026-09-28 00:00:00,TAL-04,simulador_campo,0,0.0,0.012,BAIXO
2026-09-28 00:30:00,TAL-04,simulador_campo,0,0.0,0.016,BAIXO
2026-09-28 01:00:00,TAL-04,simulador_campo,0,0.0,0.009,BAIXO
2026-09-28 01:30:00,TAL-04,simulador_campo,0,0.0,0.012,BAIXO
2026-09-28 02:00:00,TAL-04,simulador_campo,0,0.0,0.011,BAIXO
2026-09-28 02:30:00,TAL-04,simulador_campo,0,0.0,0.029,BAIXO
2026-09-28 03:00:00,TAL-04,simulador_campo,0,0.0,0.012,BAIXO
2026-09-28 03:30:00,TAL-04,simulador_campo,0,0.0,0.144,BAIXO
2026-09-28 04:00:00,TAL-04,simulador_campo,0,0.0,0.049,BAIXO
2026-09-28 04:30:00,TAL-04,simulador_campo,0,0.0,0.026,BAIXO
2026-09-28 05:00:00,TAL-04,simulador_campo,0,0.0,0.02,BAIXO
2026-09-28 05:30:00,TAL-04,simulador_campo,0,0.0,0.023,BAIXO
2026-09-28 06:00:00,TAL-04,simulador_campo,0,0.0,0.03,BAIXO
2026-09-28 06:30:00,TAL-04,simulador_campo,0,0.0,0.017,BAIXO
2026-09-28 07:00:00,TAL-04,simulador_campo,0,0.0,0.015,BAIXO
2026-09-28 07:30:00,TAL-04,simulador_campo,0,0.0,0.015,BAIXO
2026-09-28 08:00:00,TAL-04,simulador_campo,0,0.0,0.017,BAIXO
2026-09-28 08:30:00,TAL-04,simulador_campo,0,0.0,0.013,BAIXO
2026-09-28 09:00:00,TAL-04,simulador_campo,0,0.0,0.015,BAIXO
2026-09-28 09:30:00,TAL-04,simulador_campo,0,0.0,0.013,BAIXO
2026-09-28 10:00:00,TAL-04,simulador_campo,0,0.0,0.004,BAIXO
2026-09-28 10:30:00,TAL-04,simulador_campo,0,0.0,0.004,BAIXO
2026-09-28 11:00:00,TAL-04,simulador_campo,0,0.0,0.004,BAIXO
2026-09-28 11:30:00,TAL-04,simulador_campo,0,0.0,0.004,BAIXO
2026-09-28 12:00:00,TAL-04,simulador_campo,0,0.0,0.005,BAIXO
2026-09-28 12:30:00,TAL-04,simulador_campo,0,0.0,0.004,BAIXO
2026-09-28 13:00:00,TAL-04,simulador_campo,0,0.0,0.008,BAIXO
2026-09-28 13:30:00,TAL-04,simulador_campo,0,0.0,0.005,BAIXO
2026-09-28 14:00:00,TAL-04,simulador_campo,0,0.0,0.004,BAIXO
2026-09-28 14:30:00,TAL-04,simulador_campo,0,0.0,0.004,BAIXO
2026-09-28 15:00:00,TAL-04,simulador_campo,0,0.0,0.005,BAIXO
2026-09-28 15:30:00,TAL-04,simulador_campo,0,0.0,0.004,BAIXO
2026-09-28 16:00:00,TAL-04,simulador_campo,0,0.0,0.01,BAIXO
2026-09-28 16:30:00,TAL-04,simulador_campo,0,0.0,0.007,BAIXO
2026-09-28 17:00:00,TAL-04,simulador_campo,0,0.0,0.009,BAIXO
2026-09-28 17:30:00,TAL-04,simulador_campo,0,0.0,0.01,BAIXO
2026-09-28 18:00:00,TAL-04,simulador_campo,0,0.0,0.036,BAIXO
2026-09-28 18:30:00,TAL-04,simulador_campo,0,0.0,0.028,BAIXO
2026-09-28 19:00:00,TAL-04,simulador_campo,0,0.0,0.025,BAIXO
2026-09-28 19:30:00,TAL-04,simulador_campo,0,0.0,0.03,BAIXO
2026-09-28 20:00:00,TAL-04,simulador_campo,0,0.0,0.024,BAIXO
2026-09-28 20:30:00,TAL-04,simulador_campo,0,0.0,0.028,BAIXO
2026-09-28 21:00:00,TAL-04,simulador_campo,0,0.0,0.023,BAIXO
2026-09-28 21:30:00,TAL-04,simulador_campo,0,0.0,0.03,BAIXO
2026-09-28 22:00:00,TAL-04,simulador_campo,0,0.0,0.034,BAIXO
2026-09-28 22:30:00,TAL-04,simulador_campo,0,0.0,0.028,BAIXO
2026-09-28 23:00:00,TAL-04,simulador_campo,0,0.0,0.038,BAIXO
2026-09-28 23:30:00,TAL-04,simulador_campo,0,0.0,0.073,BAIXO
2026-09-29 00:00:00,TAL-04,simulador_campo,0,0.0,0.019,BAIXO
2026-09-29 00:30:00,TAL-04,simulador_campo,0,0.0,0.019,BAIXO
2026-09-29 01:00:00,TAL-04,simulador_campo,0,0.0,0.014,BAIXO
2026-09-29 01:30:00,TAL-04,simulador_campo,0,0.0,0.015,BAIXO
2026-09-29 02:00:00,TAL-04,simulador_campo,0,0.0,0.076,BAIXO
2026-09-29 02:30:00,TAL-04,simulador_campo,0,0.0,0.023,BAIXO
2026-09-29 03:00:00,TAL-04,simulador_campo,0,0.0,0.015,BAIXO
2026-09-29 03:30:00,TAL-04,simulador_campo,0,0.0,0.016,BAIXO
2026-09-29 04:00:00,TAL-04,simulador_campo,0,0.0,0.135,BAIXO
2026-09-29 04:30:00,TAL-04,simulador_campo,0,0.0,0.047,BAIXO
2026-09-29 05:00:00,TAL-04,simulador_campo,0,0.0,0.022,BAIXO
2026-09-29 05:30:00,TAL-04,simulador_campo,0,0.0,0.014,BAIXO
2026-09-29 06:00:00,TAL-04,simulador_campo,0,0.0,0.012,BAIXO
2026-09-29 06:30:00,TAL-04,simulador_campo,0,0.0,0.012,BAIXO
2026-09-29 07:00:00,TAL-04,simulador_campo,0,0.0,0.009,BAIXO
2026-09-29 08:00:00,TAL-04,simulador_campo,0,0.0,0.01,BAIXO
2026-09-29 08:30:00,TAL-04,simulador_campo,0,0.0,0.01,BAIXO
2026-09-29 09:00:00,TAL-04,simulador_campo,0,0.0,0.008,BAIXO
2026-09-29 09:30:00,TAL-04,simulador_campo,0,0.0,0.013,BAIXO
2026-09-29 10:00:00,TAL-04,simulador_campo,0,0.0,0.003,BAIXO
2026-09-29 10:30:00,TAL-04,simulador_campo,0,0.0,0.006,BAIXO
2026-09-29 11:00:00,TAL-04,simulador_campo,0,0.0,0.003,BAIXO
2026-09-29 11:30:00,TAL-04,simulador_campo,0,0.0,0.003,BAIXO
2026-09-29 12:00:00,TAL-04,simulador_campo,0,0.0,0.0,BAIXO
2026-09-29 12:30:00,TAL-04,simulador_campo,0,0.0,0.0,BAIXO
2026-09-29 13:00:00,TAL-04,simulador_campo,0,0.0,0.002,BAIXO
2026-09-29 13:30:00,TAL-04,simulador_campo,0,0.0,0.002,BAIXO
2026-09-29 14:00:00,TAL-04,simulador_campo,0,0.0,0.002,BAIXO
2026-09-29 14:30:00,TAL-04,simulador_campo,0,0.0,0.005,BAIXO
2026-09-29 15:00:00,TAL-04,simulador_campo,0,0.0,0.012,BAIXO
2026-09-29 15:30:00,TAL-04,simulador_campo,0,0.0,0.012,BAIXO
2026-09-29 16:00:00,TAL-04,simulador_campo,0,0.0,0.006,BAIXO
2026-09-29 16:30:00,TAL-04,simulador_campo,0,0.0,0.005,BAIXO
2026-09-29 17:00:00,TAL-04,simulador_campo,0,0.0,0.002,BAIXO
2026-09-29 17:30:00,TAL-04,simulador_campo,0,0.0,0.006,BAIXO
2026-09-29 18:00:00,TAL-04,simulador_campo,0,0.0,0.015,BAIXO
2026-09-29 18:30:00,TAL-04,simulador_campo,0,0.0,0.012,BAIXO
2026-09-29 19:00:00,TAL-04,simulador_campo,0,0.0,0.011,BAIXO
2026-09-29 19:30:00,TAL-04,simulador_campo,0,0.0,0.011,BAIXO
2026-09-29 20:00:00,TAL-04,simulador_campo,0,0.0,0.009,BAIXO
2026-09-29 20:30:00,TAL-04,simulador_campo,0,0.0,0.011,BAIXO
2026-09-29 21:00:00,TAL-04,simulador_campo,0,0.0,0.01,BAIXO
2026-09-29 21:30:00,TAL-04,simulador_campo,0,0.0,0.007,BAIXO
2026-09-29 22:00:00,TAL-04,simulador_campo,0,0.0,0.012,BAIXO
2026-09-29 22:30:00,TAL-04,simulador_campo,0,0.0,0.009,BAIXO
2026-09-29 23:00:00,TAL-04,simulador_campo,0,0.0,0.018,BAIXO
2026-09-29 23:30:00,TAL-04,simulador_campo,0,0.0,0.032,BAIXO
2026-09-30 00:00:00,TAL-04,simulador_campo,0,0.0,0.006,BAIXO
2026-09-30 00:30:00,TAL-04,simulador_campo,0,0.0,0.006,BAIXO
2026-09-30 01:00:00,TAL-04,simulador_campo,0,0.0,0.006,BAIXO
2026-09-30 01:30:00,TAL-04,simulador_campo,0,0.0,0.006,BAIXO
2026-09-30 02:00:00,TAL-04,simulador_campo,0,0.0,0.004,BAIXO
2026-09-30 02:30:00,TAL-04,simulador_campo,0,0.0,0.004,BAIXO
2026-09-30 03:30:00,TAL-04,simulador_campo,0,0.0,0.01,BAIXO
2026-09-30 04:00:00,TAL-04,simulador_campo,0,0.0,0.005,BAIXO
2026-09-30 04:30:00,TAL-04,simulador_campo,0,0.0,0.005,BAIXO
2026-09-30 05:00:00,TAL-04,simulador_campo,0,0.0,0.005,BAIXO
2026-09-30 05:30:00,TAL-04,simulador_campo,0,0.0,0.011,BAIXO
2026-09-30 06:00:00,TAL-04,simulador_campo,0,0.0,0.008,BAIXO
2026-09-30 06:30:00,TAL-04,simulador_campo,0,0.0,0.018,BAIXO
2026-09-30 07:00:00,TAL-04,simulador_campo,0,0.0,0.015,BAIXO
2026-09-30 07:30:00,TAL-04,simulador_campo,0,0.0,0.009,BAIXO
2026-09-30 08:00:00,TAL-04,simulador_campo,0,0.0,0.009,BAIXO
2026-09-30 08:30:00,TAL-04,simulador_campo,0,0.0,0.014,BAIXO
2026-09-30 09:00:00,TAL-04,simulador_campo,0,0.0,0.013,BAIXO
2026-09-30 09:30:00,TAL-04,simulador_campo,0,0.0,0.012,BAIXO
2026-09-30 10:00:00,TAL-04,simulador_campo,0,0.0,0.009,BAIXO
2026-09-30 10:30:00,TAL-04,simulador_campo,0,0.0,0.008,BAIXO
2026-09-30 11:00:00,TAL-04,simulador_campo,0,0.0,0.01,BAIXO
2026-09-30 11:30:00,TAL-04,simulador_campo,0,0.0,0.007,BAIXO
2026-09-30 12:00:00,TAL-04,simulador_campo,0,0.0,0.008,BAIXO
2026-09-30 12:30:00,TAL-04,simulador_campo,0,0.0,0.012,BAIXO
2026-09-30 13:00:00,TAL-04,simulador_campo,0,0.0,0.013,BAIXO
2026-09-30 13:30:00,TAL-04,simulador_campo,0,0.0,0.022,BAIXO
2026-09-30 14:00:00,TAL-04,simulador_campo,0,0.0,0.024,BAIXO
2026-09-30 14:30:00,TAL-04,simulador_campo,0,0.0,0.025,BAIXO
2026-09-30 15:00:00,TAL-04,simulador_campo,0,0.0,0.029,BAIXO
2026-09-30 15:30:00,TAL-04,simulador_campo,0,0.0,0.037,BAIXO
2026-09-30 16:00:00,TAL-04,simulador_campo,0,0.0,0.041,BAIXO
2026-09-30 16:30:00,TAL-04,simulador_campo,0,0.0,0.055,BAIXO
2026-09-30 17:00:00,TAL-04,simulador_campo,0,0.0,0.057,BAIXO
2026-09-30 17:30:00,TAL-04,simulador_campo,0,0.0,0.067,BAIXO
2026-09-30 18:00:00,TAL-04,simulador_campo,0,0.0,0.068,BAIXO
2026-09-30 18:30:00,TAL-04,simulador_campo,0,0.0,0.08,BAIXO
2026-09-30 19:00:00,TAL-04,simulador_campo,0,0.0,0.077,BAIXO
2026-09-30 19:30:00,TAL-04,simulador_campo,0,0.0,0.064,BAIXO
2026-09-30 20:00:00,TAL-04,simulador_campo,0,0.0,0.062,BAIXO
2026-09-30 20:30:00,TAL-04,simulador_campo,0,0.0,0.042,BAIXO
2026-09-30 21:00:00,TAL-04,simulador_campo,0,0.0,0.032,BAIXO
2026-09-30 21:30:00,TAL-04,simulador_campo,0,0.0,0.027,BAIXO
2026-09-30 22:00:00,TAL-04,simulador_campo,0,0.0,0.025,BAIXO
2026-09-30 22:30:00,TAL-04,simulador_campo,0,0.0,0.013,BAIXO
2026-09-30 23:00:00,TAL-04,simulador_campo,0,0.0,0.039,BAIXO
2026-09-30 23:30:00,TAL-04,simulador_campo,0,0.0,0.027,BAIXO
2026-10-01 00:00:00,TAL-04,simulador_campo,0,0.0,0.046,BAIXO
2026-10-01 00:30:00,TAL-04,simulador_campo,0,0.0,0.056,BAIXO
2026-10-01 01:00:00,TAL-04,simulador_campo,0,0.0,0.091,BAIXO
2026-10-01 01:30:00,TAL-04,simulador_campo,0,0.0,0.173,BAIXO
2026-10-01 02:00:00,TAL-04,simulador_campo,0,0.0,0.575,MEDIO
2026-10-01 02:30:00,TAL-04,simulador_campo,0,1.0,0.903,ALTO
2026-10-01 03:00:00,TAL-04,simulador_campo,0,1.0,0.959,ALTO
2026-10-01 03:30:00,TAL-04,simulador_campo,0,1.0,0.951,ALTO
2026-10-01 04:00:00,TAL-04,simulador_campo,0,1.0,0.979,ALTO
2026-10-01 04:30:00,TAL-04,simulador_campo,0,1.0,0.986,ALTO
2026-10-01 05:00:00,TAL-04,simulador_campo,0,1.0,0.987,ALTO
2026-10-01 05:30:00,TAL-04,simulador_campo,0,1.0,0.99,ALTO
2026-10-01 06:00:00,TAL-04,simulador_campo,0,1.0,0.993,ALTO
2026-10-01 06:30:00,TAL-04,simulador_campo,0,1.0,0.991,ALTO
2026-10-01 07:00:00,TAL-04,simulador_campo,0,1.0,0.993,ALTO
2026-10-01 07:30:00,TAL-04,simulador_campo,0,1.0,0.994,ALTO
2026-10-01 08:00:00,TAL-04,simulador_campo,0,1.0,0.994,ALTO
2026-10-01 08:30:00,TAL-04,simulador_campo,1,1.0,0.994,ALTO
2026-10-01 09:00:00,TAL-04,simulador_campo,1,1.0,0.991,ALTO
2026-10-01 09:30:00,TAL-04,simulador_campo,1,1.0,0.994,ALTO
2026-10-01 10:00:00,TAL-04,simulador_campo,1,1.0,0.994,ALTO
2026-10-01 10:30:00,TAL-04,simulador_campo,1,1.0,0.994,ALTO
2026-10-01 11:00:00,TAL-04,simulador_campo,1,1.0,0.994,ALTO
2026-10-01 11:30:00,TAL-04,simulador_campo,1,1.0,0.994,ALTO
2026-10-01 12:00:00,TAL-04,simulador_campo,1,1.0,0.992,ALTO
2026-10-01 12:30:00,TAL-04,simulador_campo,1,1.0,0.992,ALTO
2026-10-01 13:00:00,TAL-04,simulador_campo,1,1.0,0.996,ALTO
2026-10-01 13:30:00,TAL-04,simulador_campo,1,1.0,0.996,ALTO
2026-10-01 14:00:00,TAL-04,simulador_campo,1,1.0,0.996,ALTO
2026-10-01 14:30:00,TAL-04,simulador_campo,1,1.0,0.97,ALTO
2026-10-01 15:00:00,TAL-04,simulador_campo,1,1.0,0.994,ALTO
2026-10-01 15:30:00,TAL-04,simulador_campo,1,1.0,0.961,ALTO
2026-10-01 16:00:00,TAL-04,simulador_campo,1,1.0,0.995,ALTO
2026-10-01 16:30:00,TAL-04,simulador_campo,1,1.0,0.974,ALTO
2026-10-01 17:00:00,TAL-04,simulador_campo,1,1.0,0.958,ALTO
2026-10-01 17:30:00,TAL-04,simulador_campo,1,1.0,0.992,ALTO
2026-10-01 18:00:00,TAL-04,simulador_campo,1,1.0,0.992,ALTO
2026-10-01 18:30:00,TAL-04,simulador_campo,1,1.0,0.988,ALTO
2026-10-01 19:00:00,TAL-04,simulador_campo,1,1.0,0.996,ALTO
2026-10-01 19:30:00,TAL-04,simulador_campo,1,1.0,0.994,ALTO
2026-10-01 20:00:00,TAL-04,simulador_campo,1,1.0,0.994,ALTO
2026-10-01 20:30:00,TAL-04,simulador_campo,1,1.0,0.996,ALTO
2026-10-01 21:00:00,TAL-04,simulador_campo,1,1.0,0.995,ALTO
2026-10-01 21:30:00,TAL-04,simulador_campo,1,1.0,0.999,ALTO
2026-10-01 22:00:00,TAL-04,simulador_campo,1,1.0,0.994,ALTO
2026-10-01 22:30:00,TAL-04,simulador_campo,1,1.0,0.995,ALTO
2026-10-01 23:00:00,TAL-04,simulador_campo,1,1.0,0.995,ALTO
2026-10-01 23:30:00,TAL-04,simulador_campo,1,1.0,0.995,ALTO
2026-10-02 00:00:00,TAL-04,simulador_campo,1,1.0,0.992,ALTO
2026-10-02 00:30:00,TAL-04,simulador_campo,1,1.0,0.992,ALTO
2026-10-02 01:00:00,TAL-04,simulador_campo,1,1.0,0.995,ALTO
2026-10-02 01:30:00,TAL-04,simulador_campo,1,1.0,0.983,ALTO
2026-10-02 02:00:00,TAL-04,simulador_campo,1,1.0,0.995,ALTO
2026-10-02 02:30:00,TAL-04,simulador_campo,1,1.0,0.982,ALTO
2026-10-02 03:00:00,TAL-04,simulador_campo,1,1.0,0.998,ALTO
2026-10-02 03:30:00,TAL-04,simulador_campo,1,1.0,0.99,ALTO
2026-10-02 04:00:00,TAL-04,simulador_campo,1,1.0,0.997,ALTO
2026-10-02 04:30:00,TAL-04,simulador_campo,1,1.0,0.997,ALTO
2026-10-02 05:00:00,TAL-04,simulador_campo,1,1.0,0.991,ALTO
2026-10-02 05:30:00,TAL-04,simulador_campo,1,1.0,0.998,ALTO
2026-10-02 06:00:00,TAL-04,simulador_campo,1,1.0,0.999,ALTO
2026-10-02 06:30:00,TAL-04,simulador_campo,1,1.0,0.999,ALTO
2026-10-02 07:00:00,TAL-04,simulador_campo,1,1.0,0.999,ALTO
2026-10-02 07:30:00,TAL-04,simulador_campo,1,1.0,0.999,ALTO
2026-10-02 08:00:00,TAL-04,simulador_campo,1,1.0,0.999,ALTO
2026-10-02 08:30:00,TAL-04,simulador_campo,1,1.0,0.998,ALTO
2026-10-02 09:00:00,TAL-04,simulador_campo,1,1.0,0.999,ALTO
2026-10-02 09:30:00,TAL-04,simulador_campo,1,1.0,0.999,ALTO
2026-10-02 10:00:00,TAL-04,simulador_campo,1,1.0,0.999,ALTO
2026-10-02 10:30:00,TAL-04,simulador_campo,1,1.0,0.999,ALTO
2026-10-02 11:00:00,TAL-04,simulador_campo,1,1.0,0.995,ALTO
2026-10-02 11:30:00,TAL-04,simulador_campo,1,1.0,0.999,ALTO
2026-10-02 12:00:00,TAL-04,simulador_campo,1,1.0,0.999,ALTO
2026-10-02 12:30:00,TAL-04,simulador_campo,1,1.0,0.999,ALTO
2026-10-02 13:00:00,TAL-04,simulador_campo,1,1.0,0.998,ALTO
2026-10-02 13:30:00,TAL-04,simulador_campo,1,1.0,0.996,ALTO
2026-10-02 14:00:00,TAL-04,simulador_campo,1,1.0,0.995,ALTO
2026-10-02 14:30:00,TAL-04,simulador_campo,1,1.0,0.995,ALTO
2026-10-02 15:00:00,TAL-04,simulador_campo,1,1.0,0.96,ALTO
2026-10-02 15:30:00,TAL-04,simulador_campo,1,1.0,0.99,ALTO
2026-10-02 16:00:00,TAL-04,simulador_campo,1,1.0,0.995,ALTO
2026-10-02 16:30:00,TAL-04,simulador_campo,1,1.0,0.991,ALTO
2026-10-02 17:00:00,TAL-04,simulador_campo,1,1.0,0.971,ALTO
2026-10-02 17:30:00,TAL-04,simulador_campo,1,1.0,0.992,ALTO
2026-10-02 18:00:00,TAL-04,simulador_campo,1,1.0,0.994,ALTO
2026-10-02 18:30:00,TAL-04,simulador_campo,1,1.0,0.987,ALTO
2026-10-02 19:00:00,TAL-04,simulador_campo,1,1.0,0.987,ALTO
2026-10-02 19:30:00,TAL-04,simulador_campo,1,1.0,0.984,ALTO
2026-10-02 20:00:00,TAL-04,simulador_campo,1,1.0,0.963,ALTO
2026-10-02 20:30:00,TAL-04,simulador_campo,1,1.0,0.976,ALTO
2026-10-02 21:00:00,TAL-04,simulador_campo,1,1.0,0.982,ALTO
2026-10-02 21:30:00,TAL-04,simulador_campo,1,1.0,0.985,ALTO
2026-10-02 22:00:00,TAL-04,simulador_campo,1,1.0,0.984,ALTO
2026-10-02 22:30:00,TAL-04,simulador_campo,1,1.0,0.973,ALTO
2026-10-02 23:00:00,TAL-04,simulador_campo,1,1.0,0.986,ALTO
2026-10-02 23:30:00,TAL-04,simulador_campo,1,1.0,0.977,ALTO
2026-10-03 00:00:00,TAL-04,simulador_campo,1,1.0,0.936,ALTO
2026-10-03 00:30:00,TAL-04,simulador_campo,1,1.0,0.945,ALTO
2026-10-03 01:00:00,TAL-04,simulador_campo,1,1.0,0.943,ALTO
2026-10-03 01:30:00,TAL-04,simulador_campo,1,1.0,0.95,ALTO
2026-10-03 02:00:00,TAL-04,simulador_campo,1,1.0,0.947,ALTO
2026-10-03 02:30:00,TAL-04,simulador_campo,1,1.0,0.802,ALTO
2026-10-03 03:00:00,TAL-04,simulador_campo,1,1.0,0.706,ALTO
2026-10-03 03:30:00,TAL-04,simulador_campo,1,1.0,0.693,ALTO
2026-10-03 04:00:00,TAL-04,simulador_campo,1,1.0,0.654,ALTO
2026-10-03 04:30:00,TAL-04,simulador_campo,1,1.0,0.639,ALTO
2026-10-03 05:00:00,TAL-04,simulador_campo,1,1.0,0.649,ALTO
2026-10-03 05:30:00,TAL-04,simulador_campo,1,1.0,0.643,ALTO
2026-10-03 06:00:00,TAL-04,simulador_campo,1,1.0,0.639,ALTO
2026-10-03 06:30:00,TAL-04,simulador_campo,1,1.0,0.639,ALTO
2026-10-03 07:00:00,TAL-04,simulador_campo,1,1.0,0.64,ALTO
2026-10-03 07:30:00,TAL-04,simulador_campo,1,1.0,0.634,ALTO
2026-10-03 08:00:00,TAL-04,simulador_campo,1,1.0,0.635,ALTO
2026-10-03 08:30:00,TAL-04,simulador_campo,1,1.0,0.634,ALTO
2026-10-03 09:00:00,TAL-04,simulador_campo,1,1.0,0.634,ALTO
2026-10-03 09:30:00,TAL-04,simulador_campo,1,1.0,0.634,ALTO
2026-10-03 10:00:00,TAL-04,simulador_campo,1,1.0,0.639,ALTO
2026-10-03 10:30:00,TAL-04,simulador_campo,1,1.0,0.637,ALTO
2026-10-03 11:00:00,TAL-04,simulador_campo,1,1.0,0.601,ALTO
2026-10-03 11:30:00,TAL-04,simulador_campo,1,1.0,0.643,ALTO
2026-10-03 12:00:00,TAL-04,simulador_campo,1,1.0,0.619,ALTO
2026-10-03 12:30:00,TAL-04,simulador_campo,1,1.0,0.619,ALTO
2026-10-03 13:00:00,TAL-04,simulador_campo,1,1.0,0.602,ALTO
2026-10-03 13:30:00,TAL-04,simulador_campo,1,1.0,0.597,MEDIO
2026-10-03 14:00:00,TAL-04,simulador_campo,1,1.0,0.597,MEDIO
2026-10-03 14:30:00,TAL-04,simulador_campo,1,1.0,0.597,MEDIO
2026-10-03 15:00:00,TAL-04,simulador_campo,1,1.0,0.607,ALTO
2026-10-03 15:30:00,TAL-04,simulador_campo,1,1.0,0.624,ALTO
2026-10-03 16:00:00,TAL-04,simulador_campo,1,1.0,0.61,ALTO
2026-10-03 16:30:00,TAL-04,simulador_campo,1,1.0,0.625,ALTO
2026-10-03 17:00:00,TAL-04,simulador_campo,1,1.0,0.602,ALTO
2026-10-03 17:30:00,TAL-04,simulador_campo,1,1.0,0.615,ALTO
2026-10-03 18:00:00,TAL-04,simulador_campo,1,1.0,0.618,ALTO
2026-10-03 18:30:00,TAL-04,simulador_campo,1,1.0,0.616,ALTO
2026-10-03 19:00:00,TAL-04,simulador_campo,1,1.0,0.626,ALTO
2026-10-03 19:30:00,TAL-04,simulador_campo,1,1.0,0.638,ALTO
2026-10-03 20:00:00,TAL-04,simulador_campo,1,1.0,0.645,ALTO
2026-10-03 20:30:00,TAL-04,simulador_campo,1,1.0,0.629,ALTO
2026-10-03 21:00:00,TAL-04,simulador_campo,1,1.0,0.644,ALTO
2026-10-03 21:30:00,TAL-04,simulador_campo,1,1.0,0.658,ALTO
2026-10-03 22:00:00,TAL-04,simulador_campo,1,1.0,0.661,ALTO
2026-10-03 22:30:00,TAL-04,simulador_campo,1,1.0,0.667,ALTO
2026-10-03 23:00:00,TAL-04,simulador_campo,1,1.0,0.673,ALTO
2026-10-03 23:30:00,TAL-04,simulador_campo,1,1.0,0.671,ALTO
2026-10-04 00:00:00,TAL-04,simulador_campo,1,1.0,0.651,ALTO
2026-10-04 00:30:00,TAL-04,simulador_campo,1,1.0,0.656,ALTO
2026-10-04 01:00:00,TAL-04,simulador_campo,1,1.0,0.659,ALTO
2026-10-04 01:30:00,TAL-04,simulador_campo,1,1.0,0.654,ALTO
2026-10-04 02:00:00,TAL-04,simulador_campo,1,1.0,0.652,ALTO
2026-10-04 02:30:00,TAL-04,simulador_campo,1,1.0,0.777,ALTO
2026-10-04 03:00:00,TAL-04,simulador_campo,1,1.0,0.787,ALTO
2026-10-04 03:30:00,TAL-04,simulador_campo,1,1.0,0.787,ALTO
2026-10-04 04:00:00,TAL-04,simulador_campo,1,1.0,0.817,ALTO
2026-10-04 04:30:00,TAL-04,simulador_campo,1,1.0,0.83,ALTO
2026-10-04 05:00:00,TAL-04,simulador_campo,1,1.0,0.846,ALTO
2026-10-04 05:30:00,TAL-04,simulador_campo,1,1.0,0.978,ALTO
2026-10-04 06:00:00,TAL-04,simulador_campo,1,1.0,0.978,ALTO
2026-10-04 06:30:00,TAL-04,simulador_campo,1,1.0,0.978,ALTO
2026-10-04 07:00:00,TAL-04,simulador_campo,1,1.0,0.978,ALTO
2026-10-04 07:30:00,TAL-04,simulador_campo,1,1.0,0.96,ALTO
2026-10-04 08:00:00,TAL-04,simulador_campo,1,1.0,0.97,ALTO
2026-10-04 08:30:00,TAL-04,simulador_campo,1,1.0,0.965,ALTO
2026-10-04 09:00:00,TAL-04,simulador_campo,1,1.0,0.97,ALTO
2026-10-04 09:30:00,TAL-04,simulador_campo,1,1.0,0.935,ALTO
2026-10-04 10:00:00,TAL-04,simulador_campo,1,1.0,0.909,ALTO
2026-10-04 10:30:00,TAL-04,simulador_campo,1,1.0,0.873,ALTO
2026-10-04 11:00:00,TAL-04,simulador_campo,1,1.0,0.843,ALTO
2026-10-04 11:30:00,TAL-04,simulador_campo,1,1.0,0.86,ALTO
2026-10-04 12:00:00,TAL-04,simulador_campo,1,1.0,0.9,ALTO
2026-10-04 12:30:00,TAL-04,simulador_campo,1,1.0,0.918,ALTO
2026-10-04 13:00:00,TAL-04,simulador_campo,1,1.0,0.921,ALTO
2026-10-04 13:30:00,TAL-04,simulador_campo,1,1.0,0.879,ALTO
2026-10-04 14:00:00,TAL-04,simulador_campo,1,1.0,0.921,ALTO
2026-10-04 14:30:00,TAL-04,simulador_campo,1,1.0,0.924,ALTO
2026-10-04 15:00:00,TAL-04,simulador_campo,1,1.0,0.962,ALTO
2026-10-04 15:30:00,TAL-04,simulador_campo,1,1.0,0.956,ALTO
2026-10-04 16:00:00,TAL-04,simulador_campo,1,1.0,0.961,ALTO
2026-10-04 16:30:00,TAL-04,simulador_campo,1,1.0,0.946,ALTO
2026-10-04 17:00:00,TAL-04,simulador_campo,1,1.0,0.901,ALTO
2026-10-04 17:30:00,TAL-04,simulador_campo,1,1.0,0.842,ALTO
2026-10-04 18:00:00,TAL-04,simulador_campo,1,,0.834,ALTO
2026-10-04 18:30:00,TAL-04,simulador_campo,1,,0.842,ALTO
2026-10-04 19:00:00,TAL-04,simulador_campo,1,,0.842,ALTO
2026-10-04 19:30:00,TAL-04,simulador_campo,1,,0.836,ALTO
2026-10-04 20:00:00,TAL-04,simulador_campo,1,,0.939,ALTO
2026-10-04 20:30:00,TAL-04,simulador_campo,1,,0.934,ALTO
2026-10-04 21:00:00,TAL-04,simulador_campo,1,,0.92,ALTO
2026-10-04 21:30:00,TAL-04,simulador_campo,1,,0.917,ALTO
2026-10-04 22:00:00,TAL-04,simulador_campo,1,,0.922,ALTO
2026-10-04 22:30:00,TAL-04,simulador_campo,1,,0.904,ALTO
2026-10-04 23:00:00,TAL-04,simulador_campo,1,,0.927,ALTO
2026-10-04 23:30:00,TAL-04,simulador_campo,1,,0.923,ALTO
2026-09-28 00:00:00,TAL-05,simulador_campo,0,1.0,0.93,ALTO
2026-09-28 00:30:00,TAL-05,simulador_campo,1,1.0,0.951,ALTO
2026-09-28 01:00:00,TAL-05,simulador_campo,1,1.0,0.989,ALTO
2026-09-28 01:30:00,TAL-05,simulador_campo,1,1.0,0.986,ALTO
2026-09-28 02:00:00,TAL-05,simulador_campo,1,1.0,0.986,ALTO
2026-09-28 02:30:00,TAL-05,simulador_campo,1,1.0,0.988,ALTO
2026-09-28 03:00:00,TAL-05,simulador_campo,1,1.0,0.988,ALTO
2026-09-28 03:30:00,TAL-05,simulador_campo,1,1.0,0.988,ALTO
2026-09-28 04:00:00,TAL-05,simulador_campo,1,1.0,0.979,ALTO
2026-09-28 04:30:00,TAL-05,simulador_campo,1,1.0,0.938,ALTO
2026-09-28 05:00:00,TAL-05,simulador_campo,1,1.0,0.892,ALTO
2026-09-28 05:30:00,TAL-05,simulador_campo,1,0.0,0.802,ALTO
2026-09-28 06:00:00,TAL-05,simulador_campo,0,0.0,0.559,MEDIO
2026-09-28 06:30:00,TAL-05,simulador_campo,0,0.0,0.26,BAIXO
2026-09-28 07:00:00,TAL-05,simulador_campo,0,0.0,0.082,BAIXO
2026-09-28 07:30:00,TAL-05,simulador_campo,0,0.0,0.072,BAIXO
2026-09-28 08:00:00,TAL-05,simulador_campo,0,0.0,0.082,BAIXO
2026-09-28 08:30:00,TAL-05,simulador_campo,0,0.0,0.082,BAIXO
2026-09-28 09:00:00,TAL-05,simulador_campo,0,0.0,0.087,BAIXO
2026-09-28 09:30:00,TAL-05,simulador_campo,0,0.0,0.068,BAIXO
2026-09-28 10:00:00,TAL-05,simulador_campo,0,0.0,0.074,BAIXO
2026-09-28 10:30:00,TAL-05,simulador_campo,0,0.0,0.083,BAIXO
2026-09-28 11:00:00,TAL-05,simulador_campo,0,0.0,0.071,BAIXO
2026-09-28 11:30:00,TAL-05,simulador_campo,0,0.0,0.091,BAIXO
2026-09-28 12:00:00,TAL-05,simulador_campo,0,0.0,0.088,BAIXO
2026-09-28 12:30:00,TAL-05,simulador_campo,0,0.0,0.09,BAIXO
2026-09-28 13:00:00,TAL-05,simulador_campo,0,0.0,0.083,BAIXO
2026-09-28 13:30:00,TAL-05,simulador_campo,0,0.0,0.088,BAIXO
2026-09-28 14:00:00,TAL-05,simulador_campo,0,0.0,0.084,BAIXO
2026-09-28 14:30:00,TAL-05,simulador_campo,0,0.0,0.04,BAIXO
2026-09-28 15:00:00,TAL-05,simulador_campo,0,0.0,0.04,BAIXO
2026-09-28 15:30:00,TAL-05,simulador_campo,0,0.0,0.039,BAIXO
2026-09-28 16:00:00,TAL-05,simulador_campo,0,0.0,0.047,BAIXO
2026-09-28 16:30:00,TAL-05,simulador_campo,0,0.0,0.045,BAIXO
2026-09-28 17:00:00,TAL-05,simulador_campo,0,0.0,0.059,BAIXO
2026-09-28 17:30:00,TAL-05,simulador_campo,0,0.0,0.077,BAIXO
2026-09-28 18:00:00,TAL-05,simulador_campo,0,0.0,0.564,MEDIO
2026-09-28 18:30:00,TAL-05,simulador_campo,0,0.0,0.668,ALTO
2026-09-28 19:00:00,TAL-05,simulador_campo,0,1.0,0.77,ALTO
2026-09-28 19:30:00,TAL-05,simulador_campo,0,1.0,0.783,ALTO
2026-09-28 20:00:00,TAL-05,simulador_campo,0,1.0,0.808,ALTO
2026-09-28 20:30:00,TAL-05,simulador_campo,0,1.0,0.9,ALTO
2026-09-28 21:00:00,TAL-05,simulador_campo,0,1.0,0.907,ALTO
2026-09-28 21:30:00,TAL-05,simulador_campo,0,1.0,0.938,ALTO
2026-09-28 22:00:00,TAL-05,simulador_campo,0,1.0,0.933,ALTO
2026-09-28 22:30:00,TAL-05,simulador_campo,0,1.0,0.983,ALTO
2026-09-28 23:00:00,TAL-05,simulador_campo,0,1.0,0.983,ALTO
2026-09-28 23:30:00,TAL-05,simulador_campo,0,1.0,0.981,ALTO
2026-09-29 00:00:00,TAL-05,simulador_campo,0,1.0,0.935,ALTO
2026-09-29 00:30:00,TAL-05,simulador_campo,0,1.0,0.956,ALTO
2026-09-29 01:00:00,TAL-05,simulador_campo,1,1.0,0.984,ALTO
2026-09-29 01:30:00,TAL-05,simulador_campo,1,1.0,0.984,ALTO
2026-09-29 02:00:00,TAL-05,simulador_campo,1,1.0,0.985,ALTO
2026-09-29 02:30:00,TAL-05,simulador_campo,1,1.0,0.985,ALTO
2026-09-29 03:00:00,TAL-05,simulador_campo,1,1.0,0.983,ALTO
2026-09-29 03:30:00,TAL-05,simulador_campo,1,1.0,0.983,ALTO
2026-09-29 04:00:00,TAL-05,simulador_campo,1,1.0,0.985,ALTO
2026-09-29 04:30:00,TAL-05,simulador_campo,1,1.0,0.983,ALTO
2026-09-29 05:00:00,TAL-05,simulador_campo,1,1.0,0.971,ALTO
2026-09-29 05:30:00,TAL-05,simulador_campo,1,1.0,0.965,ALTO
2026-09-29 06:00:00,TAL-05,simulador_campo,1,0.0,0.66,ALTO
2026-09-29 06:30:00,TAL-05,simulador_campo,0,0.0,0.325,MEDIO
2026-09-29 07:00:00,TAL-05,simulador_campo,0,0.0,0.161,BAIXO
2026-09-29 07:30:00,TAL-05,simulador_campo,0,0.0,0.139,BAIXO
2026-09-29 08:00:00,TAL-05,simulador_campo,0,0.0,0.149,BAIXO
2026-09-29 08:30:00,TAL-05,simulador_campo,0,0.0,0.11,BAIXO
2026-09-29 09:00:00,TAL-05,simulador_campo,0,0.0,0.118,BAIXO
2026-09-29 09:30:00,TAL-05,simulador_campo,0,0.0,0.094,BAIXO
2026-09-29 10:00:00,TAL-05,simulador_campo,0,0.0,0.093,BAIXO
2026-09-29 10:30:00,TAL-05,simulador_campo,0,0.0,0.108,BAIXO
2026-09-29 11:00:00,TAL-05,simulador_campo,0,0.0,0.118,BAIXO
2026-09-29 11:30:00,TAL-05,simulador_campo,0,0.0,0.132,BAIXO
2026-09-29 12:00:00,TAL-05,simulador_campo,0,0.0,0.116,BAIXO
2026-09-29 12:30:00,TAL-05,simulador_campo,0,0.0,0.122,BAIXO
2026-09-29 13:00:00,TAL-05,simulador_campo,0,0.0,0.125,BAIXO
2026-09-29 13:30:00,TAL-05,simulador_campo,0,0.0,0.117,BAIXO
2026-09-29 14:00:00,TAL-05,simulador_campo,0,0.0,0.111,BAIXO
2026-09-29 14:30:00,TAL-05,simulador_campo,0,0.0,0.084,BAIXO
2026-09-29 15:00:00,TAL-05,simulador_campo,0,0.0,0.078,BAIXO
2026-09-29 15:30:00,TAL-05,simulador_campo,0,0.0,0.079,BAIXO
2026-09-29 16:00:00,TAL-05,simulador_campo,0,0.0,0.092,BAIXO
2026-09-29 16:30:00,TAL-05,simulador_campo,0,0.0,0.153,BAIXO
2026-09-29 17:00:00,TAL-05,simulador_campo,0,0.0,0.138,BAIXO
2026-09-29 17:30:00,TAL-05,simulador_campo,0,0.0,0.207,BAIXO
2026-09-29 18:00:00,TAL-05,simulador_campo,0,1.0,0.795,ALTO
2026-09-29 18:30:00,TAL-05,simulador_campo,0,1.0,0.899,ALTO
2026-09-29 19:00:00,TAL-05,simulador_campo,0,1.0,0.925,ALTO
2026-09-29 19:30:00,TAL-05,simulador_campo,0,1.0,0.927,ALTO
2026-09-29 20:00:00,TAL-05,simulador_campo,0,1.0,0.93,ALTO
2026-09-29 20:30:00,TAL-05,simulador_campo,0,1.0,0.926,ALTO
2026-09-29 21:00:00,TAL-05,simulador_campo,0,1.0,0.938,ALTO
2026-09-29 21:30:00,TAL-05,simulador_campo,0,1.0,0.959,ALTO
2026-09-29 22:00:00,TAL-05,simulador_campo,0,1.0,0.947,ALTO
2026-09-29 22:30:00,TAL-05,simulador_campo,0,1.0,0.987,ALTO
2026-09-29 23:00:00,TAL-05,simulador_campo,0,1.0,0.978,ALTO
2026-09-29 23:30:00,TAL-05,simulador_campo,0,1.0,0.962,ALTO
2026-09-30 00:00:00,TAL-05,simulador_campo,1,1.0,0.988,ALTO
2026-09-30 00:30:00,TAL-05,simulador_campo,1,1.0,0.995,ALTO
2026-09-30 01:00:00,TAL-05,simulador_campo,1,1.0,0.996,ALTO
2026-09-30 01:30:00,TAL-05,simulador_campo,1,1.0,0.989,ALTO
2026-09-30 02:00:00,TAL-05,simulador_campo,1,1.0,0.989,ALTO
2026-09-30 02:30:00,TAL-05,simulador_campo,1,1.0,0.993,ALTO
2026-09-30 03:00:00,TAL-05,simulador_campo,1,1.0,0.99,ALTO
2026-09-30 03:30:00,TAL-05,simulador_campo,1,1.0,0.988,ALTO
2026-09-30 04:00:00,TAL-05,simulador_campo,1,1.0,0.942,ALTO
2026-09-30 04:30:00,TAL-05,simulador_campo,1,1.0,0.955,ALTO
2026-09-30 05:00:00,TAL-05,simulador_campo,1,1.0,0.947,ALTO
2026-09-30 05:30:00,TAL-05,simulador_campo,1,1.0,0.905,ALTO
2026-09-30 06:00:00,TAL-05,simulador_campo,1,0.0,0.564,MEDIO
2026-09-30 06:30:00,TAL-05,simulador_campo,0,0.0,0.35,MEDIO
2026-09-30 07:00:00,TAL-05,simulador_campo,0,0.0,0.096,BAIXO
2026-09-30 07:30:00,TAL-05,simulador_campo,0,0.0,0.081,BAIXO
2026-09-30 08:00:00,TAL-05,simulador_campo,0,0.0,0.095,BAIXO
2026-09-30 08:30:00,TAL-05,simulador_campo,0,0.0,0.141,BAIXO
2026-09-30 09:00:00,TAL-05,simulador_campo,0,0.0,0.141,BAIXO
2026-09-30 09:30:00,TAL-05,simulador_campo,0,0.0,0.127,BAIXO
2026-09-30 10:00:00,TAL-05,simulador_campo,0,0.0,0.098,BAIXO
2026-09-30 10:30:00,TAL-05,simulador_campo,0,0.0,0.096,BAIXO
2026-09-30 11:00:00,TAL-05,simulador_campo,0,0.0,0.088,BAIXO
2026-09-30 11:30:00,TAL-05,simulador_campo,0,0.0,0.057,BAIXO
2026-09-30 12:00:00,TAL-05,simulador_campo,0,0.0,0.065,BAIXO
2026-09-30 12:30:00,TAL-05,simulador_campo,0,0.0,0.068,BAIXO
2026-09-30 13:00:00,TAL-05,simulador_campo,0,0.0,0.061,BAIXO
2026-09-30 13:30:00,TAL-05,simulador_campo,0,0.0,0.064,BAIXO
2026-09-30 14:00:00,TAL-05,simulador_campo,0,0.0,0.064,BAIXO
2026-09-30 14:30:00,TAL-05,simulador_campo,0,0.0,0.045,BAIXO
2026-09-30 15:00:00,TAL-05,simulador_campo,0,0.0,0.048,BAIXO
2026-09-30 15:30:00,TAL-05,simulador_campo,0,0.0,0.048,BAIXO
2026-09-30 16:00:00,TAL-05,simulador_campo,0,0.0,0.048,BAIXO
2026-09-30 16:30:00,TAL-05,simulador_campo,0,0.0,0.088,BAIXO
2026-09-30 17:00:00,TAL-05,simulador_campo,0,0.0,0.102,BAIXO
2026-09-30 17:30:00,TAL-05,simulador_campo,0,0.0,0.121,BAIXO
2026-09-30 18:00:00,TAL-05,simulador_campo,0,1.0,0.628,ALTO
2026-09-30 18:30:00,TAL-05,simulador_campo,0,1.0,0.741,ALTO
2026-09-30 19:00:00,TAL-05,simulador_campo,0,1.0,0.814,ALTO
2026-09-30 19:30:00,TAL-05,simulador_campo,0,1.0,0.8,ALTO
2026-09-30 20:00:00,TAL-05,simulador_campo,0,1.0,0.813,ALTO
2026-09-30 20:30:00,TAL-05,simulador_campo,0,1.0,0.872,ALTO
2026-09-30 21:00:00,TAL-05,simulador_campo,0,1.0,0.895,ALTO
2026-09-30 21:30:00,TAL-05,simulador_campo,0,1.0,0.934,ALTO
2026-09-30 22:00:00,TAL-05,simulador_campo,0,1.0,0.929,ALTO
2026-09-30 22:30:00,TAL-05,simulador_campo,0,1.0,0.962,ALTO
2026-09-30 23:00:00,TAL-05,simulador_campo,0,1.0,0.968,ALTO
2026-09-30 23:30:00,TAL-05,simulador_campo,0,1.0,0.932,ALTO
2026-10-01 00:00:00,TAL-05,simulador_campo,1,1.0,0.946,ALTO
2026-10-01 00:30:00,TAL-05,simulador_campo,1,1.0,0.962,ALTO
2026-10-01 01:00:00,TAL-05,simulador_campo,1,1.0,0.978,ALTO
2026-10-01 01:30:00,TAL-05,simulador_campo,1,1.0,0.963,ALTO
2026-10-01 02:00:00,TAL-05,simulador_campo,1,1.0,0.978,ALTO
2026-10-01 02:30:00,TAL-05,simulador_campo,1,1.0,0.973,ALTO
2026-10-01 03:00:00,TAL-05,simulador_campo,1,1.0,0.978,ALTO
2026-10-01 03:30:00,TAL-05,simulador_campo,1,1.0,0.978,ALTO
2026-10-01 04:00:00,TAL-05,simulador_campo,1,1.0,0.964,ALTO
2026-10-01 04:30:00,TAL-05,simulador_campo,1,1.0,0.974,ALTO
2026-10-01 05:00:00,TAL-05,simulador_campo,1,1.0,0.924,ALTO
2026-10-01 05:30:00,TAL-05,simulador_campo,1,1.0,0.896,ALTO
2026-10-01 06:00:00,TAL-05,simulador_campo,1,0.0,0.692,ALTO
2026-10-01 06:30:00,TAL-05,simulador_campo,0,0.0,0.353,MEDIO
2026-10-01 07:00:00,TAL-05,simulador_campo,0,0.0,0.144,BAIXO
2026-10-01 07:30:00,TAL-05,simulador_campo,0,0.0,0.123,BAIXO
2026-10-01 08:00:00,TAL-05,simulador_campo,0,0.0,0.11,BAIXO
2026-10-01 08:30:00,TAL-05,simulador_campo,0,0.0,0.107,BAIXO
2026-10-01 09:00:00,TAL-05,simulador_campo,0,0.0,0.115,BAIXO
2026-10-01 09:30:00,TAL-05,simulador_campo,0,0.0,0.111,BAIXO
2026-10-01 10:00:00,TAL-05,simulador_campo,0,0.0,0.103,BAIXO
2026-10-01 10:30:00,TAL-05,simulador_campo,0,0.0,0.094,BAIXO
2026-10-01 11:00:00,TAL-05,simulador_campo,0,0.0,0.106,BAIXO
2026-10-01 11:30:00,TAL-05,simulador_campo,0,0.0,0.101,BAIXO
2026-10-01 12:00:00,TAL-05,simulador_campo,0,0.0,0.077,BAIXO
2026-10-01 12:30:00,TAL-05,simulador_campo,0,0.0,0.078,BAIXO
2026-10-01 13:00:00,TAL-05,simulador_campo,0,0.0,0.073,BAIXO
2026-10-01 13:30:00,TAL-05,simulador_campo,0,0.0,0.074,BAIXO
2026-10-01 14:00:00,TAL-05,simulador_campo,0,0.0,0.07,BAIXO
2026-10-01 14:30:00,TAL-05,simulador_campo,0,0.0,0.091,BAIXO
2026-10-01 15:00:00,TAL-05,simulador_campo,0,0.0,0.048,BAIXO
2026-10-01 15:30:00,TAL-05,simulador_campo,0,0.0,0.072,BAIXO
2026-10-01 16:00:00,TAL-05,simulador_campo,0,0.0,0.088,BAIXO
2026-10-01 16:30:00,TAL-05,simulador_campo,0,0.0,0.106,BAIXO
2026-10-01 17:00:00,TAL-05,simulador_campo,0,0.0,0.101,BAIXO
2026-10-01 17:30:00,TAL-05,simulador_campo,0,0.0,0.145,BAIXO
2026-10-01 18:00:00,TAL-05,simulador_campo,0,1.0,0.693,ALTO
2026-10-01 18:30:00,TAL-05,simulador_campo,0,1.0,0.764,ALTO
2026-10-01 19:00:00,TAL-05,simulador_campo,0,1.0,0.793,ALTO
2026-10-01 19:30:00,TAL-05,simulador_campo,0,1.0,0.794,ALTO
2026-10-01 20:00:00,TAL-05,simulador_campo,0,1.0,0.847,ALTO
2026-10-01 20:30:00,TAL-05,simulador_campo,0,1.0,0.888,ALTO
2026-10-01 21:00:00,TAL-05,simulador_campo,0,1.0,0.902,ALTO
2026-10-01 21:30:00,TAL-05,simulador_campo,0,1.0,0.896,ALTO
2026-10-01 22:00:00,TAL-05,simulador_campo,0,1.0,0.924,ALTO
2026-10-01 22:30:00,TAL-05,simulador_campo,0,1.0,0.956,ALTO
2026-10-01 23:00:00,TAL-05,simulador_campo,0,1.0,0.98,ALTO
2026-10-01 23:30:00,TAL-05,simulador_campo,0,1.0,0.975,ALTO
2026-10-02 00:00:00,TAL-05,simulador_campo,1,1.0,0.971,ALTO
2026-10-02 00:30:00,TAL-05,simulador_campo,1,1.0,0.983,ALTO
2026-10-02 01:00:00,TAL-05,simulador_campo,1,1.0,0.98,ALTO
2026-10-02 01:30:00,TAL-05,simulador_campo,1,1.0,0.988,ALTO
2026-10-02 02:00:00,TAL-05,simulador_campo,1,1.0,0.991,ALTO
2026-10-02 02:30:00,TAL-05,simulador_campo,1,1.0,0.99,ALTO
2026-10-02 03:00:00,TAL-05,simulador_campo,1,1.0,0.99,ALTO
2026-10-02 03:30:00,TAL-05,simulador_campo,1,1.0,0.981,ALTO
2026-10-02 04:00:00,TAL-05,simulador_campo,1,1.0,0.984,ALTO
2026-10-02 04:30:00,TAL-05,simulador_campo,1,1.0,0.985,ALTO
2026-10-02 05:00:00,TAL-05,simulador_campo,1,1.0,0.973,ALTO
2026-10-02 05:30:00,TAL-05,simulador_campo,1,1.0,0.903,ALTO
2026-10-02 06:00:00,TAL-05,simulador_campo,0,1.0,0.774,ALTO
2026-10-02 06:30:00,TAL-05,simulador_campo,1,0.0,0.368,MEDIO
2026-10-02 07:00:00,TAL-05,simulador_campo,0,0.0,0.119,BAIXO
2026-10-02 07:30:00,TAL-05,simulador_campo,0,0.0,0.095,BAIXO
2026-10-02 08:00:00,TAL-05,simulador_campo,0,0.0,0.109,BAIXO
2026-10-02 08:30:00,TAL-05,simulador_campo,0,0.0,0.104,BAIXO
2026-10-02 09:00:00,TAL-05,simulador_campo,0,0.0,0.1,BAIXO
2026-10-02 09:30:00,TAL-05,simulador_campo,0,0.0,0.082,BAIXO
2026-10-02 10:00:00,TAL-05,simulador_campo,0,0.0,0.083,BAIXO
2026-10-02 10:30:00,TAL-05,simulador_campo,0,0.0,0.082,BAIXO
2026-10-02 11:00:00,TAL-05,simulador_campo,0,0.0,0.092,BAIXO
2026-10-02 11:30:00,TAL-05,simulador_campo,0,0.0,0.098,BAIXO
2026-10-02 12:00:00,TAL-05,simulador_campo,0,0.0,0.087,BAIXO
2026-10-02 12:30:00,TAL-05,simulador_campo,0,0.0,0.096,BAIXO
2026-10-02 13:00:00,TAL-05,simulador_campo,0,0.0,0.085,BAIXO
2026-10-02 13:30:00,TAL-05,simulador_campo,0,0.0,0.094,BAIXO
2026-10-02 14:00:00,TAL-05,simulador_campo,0,0.0,0.099,BAIXO
2026-10-02 14:30:00,TAL-05,simulador_campo,0,0.0,0.078,BAIXO
2026-10-02 15:00:00,TAL-05,simulador_campo,0,0.0,0.083,BAIXO
2026-10-02 15:30:00,TAL-05,simulador_campo,0,0.0,0.086,BAIXO
2026-10-02 16:00:00,TAL-05,simulador_campo,0,0.0,0.09,BAIXO
2026-10-02 16:30:00,TAL-05,simulador_campo,0,0.0,0.133,BAIXO
2026-10-02 17:00:00,TAL-05,simulador_campo,0,0.0,0.157,BAIXO
2026-10-02 17:30:00,TAL-05,simulador_campo,0,0.0,0.192,BAIXO
2026-10-02 18:00:00,TAL-05,simulador_campo,0,1.0,0.703,ALTO
2026-10-02 18:30:00,TAL-05,simulador_campo,0,1.0,0.81,ALTO
2026-10-02 19:00:00,TAL-05,simulador_campo,0,1.0,0.843,ALTO
2026-10-02 19:30:00,TAL-05,simulador_campo,0,1.0,0.849,ALTO
2026-10-02 20:00:00,TAL-05,simulador_campo,0,1.0,0.819,ALTO
2026-10-02 20:30:00,TAL-05,simulador_campo,0,1.0,0.847,ALTO
2026-10-02 21:00:00,TAL-05,simulador_campo,0,1.0,0.89,ALTO
2026-10-02 21:30:00,TAL-05,simulador_campo,0,1.0,0.881,ALTO
2026-10-02 22:00:00,TAL-05,simulador_campo,0,1.0,0.935,ALTO
2026-10-02 22:30:00,TAL-05,simulador_campo,0,1.0,0.978,ALTO
2026-10-02 23:00:00,TAL-05,simulador_campo,0,1.0,0.968,ALTO
2026-10-02 23:30:00,TAL-05,simulador_campo,0,1.0,0.91,ALTO
2026-10-03 00:00:00,TAL-05,simulador_campo,1,1.0,0.951,ALTO
2026-10-03 00:30:00,TAL-05,simulador_campo,1,1.0,0.972,ALTO
2026-10-03 01:00:00,TAL-05,simulador_campo,1,1.0,0.977,ALTO
2026-10-03 01:30:00,TAL-05,simulador_campo,1,1.0,0.986,ALTO
2026-10-03 02:00:00,TAL-05,simulador_campo,1,1.0,0.981,ALTO
2026-10-03 02:30:00,TAL-05,simulador_campo,1,1.0,0.986,ALTO
2026-10-03 03:00:00,TAL-05,simulador_campo,1,1.0,0.921,ALTO
2026-10-03 03:30:00,TAL-05,simulador_campo,1,1.0,0.921,ALTO
2026-10-03 04:00:00,TAL-05,simulador_campo,1,1.0,0.921,ALTO
2026-10-03 04:30:00,TAL-05,simulador_campo,1,1.0,0.913,ALTO
2026-10-03 05:00:00,TAL-05,simulador_campo,1,1.0,0.892,ALTO
2026-10-03 05:30:00,TAL-05,simulador_campo,1,1.0,0.885,ALTO
2026-10-03 06:00:00,TAL-05,simulador_campo,1,1.0,0.71,ALTO
2026-10-03 06:30:00,TAL-05,simulador_campo,1,0.0,0.535,MEDIO
2026-10-03 07:00:00,TAL-05,simulador_campo,0,0.0,0.299,BAIXO
2026-10-03 07:30:00,TAL-05,simulador_campo,0,0.0,0.285,BAIXO
2026-10-03 08:00:00,TAL-05,simulador_campo,0,0.0,0.309,MEDIO
2026-10-03 08:30:00,TAL-05,simulador_campo,0,0.0,0.313,MEDIO
2026-10-03 09:00:00,TAL-05,simulador_campo,0,0.0,0.252,BAIXO
2026-10-03 09:30:00,TAL-05,simulador_campo,0,0.0,0.207,BAIXO
2026-10-03 10:00:00,TAL-05,simulador_campo,0,0.0,0.172,BAIXO
2026-10-03 10:30:00,TAL-05,simulador_campo,0,0.0,0.112,BAIXO
2026-10-03 11:00:00,TAL-05,simulador_campo,0,0.0,0.108,BAIXO
2026-10-03 11:30:00,TAL-05,simulador_campo,0,0.0,0.081,BAIXO
2026-10-03 12:00:00,TAL-05,simulador_campo,0,0.0,0.065,BAIXO
2026-10-03 12:30:00,TAL-05,simulador_campo,0,0.0,0.073,BAIXO
2026-10-03 13:00:00,TAL-05,simulador_campo,0,0.0,0.068,BAIXO
2026-10-03 13:30:00,TAL-05,simulador_campo,0,0.0,0.07,BAIXO
2026-10-03 14:00:00,TAL-05,simulador_campo,0,0.0,0.067,BAIXO
2026-10-03 14:30:00,TAL-05,simulador_campo,0,0.0,0.048,BAIXO
2026-10-03 15:00:00,TAL-05,simulador_campo,0,0.0,0.047,BAIXO
2026-10-03 15:30:00,TAL-05,simulador_campo,0,0.0,0.049,BAIXO
2026-10-03 16:00:00,TAL-05,simulador_campo,0,0.0,0.051,BAIXO
2026-10-03 16:30:00,TAL-05,simulador_campo,0,0.0,0.049,BAIXO
2026-10-03 17:00:00,TAL-05,simulador_campo,0,0.0,0.069,BAIXO
2026-10-03 17:30:00,TAL-05,simulador_campo,0,0.0,0.064,BAIXO
2026-10-03 18:00:00,TAL-05,simulador_campo,0,1.0,0.444,MEDIO
2026-10-03 18:30:00,TAL-05,simulador_campo,0,1.0,0.606,ALTO
2026-10-03 19:00:00,TAL-05,simulador_campo,0,1.0,0.629,ALTO
2026-10-03 19:30:00,TAL-05,simulador_campo,0,1.0,0.642,ALTO
2026-10-03 20:00:00,TAL-05,simulador_campo,0,1.0,0.696,ALTO
2026-10-03 20:30:00,TAL-05,simulador_campo,0,1.0,0.748,ALTO
2026-10-03 21:00:00,TAL-05,simulador_campo,0,1.0,0.558,MEDIO
2026-10-03 21:30:00,TAL-05,simulador_campo,0,1.0,0.687,ALTO
2026-10-03 22:00:00,TAL-05,simulador_campo,0,1.0,0.679,ALTO
2026-10-03 22:30:00,TAL-05,simulador_campo,0,1.0,0.735,ALTO
2026-10-03 23:00:00,TAL-05,simulador_campo,0,1.0,0.76,ALTO
2026-10-03 23:30:00,TAL-05,simulador_campo,0,1.0,0.769,ALTO
2026-10-04 00:00:00,TAL-05,simulador_campo,1,1.0,0.781,ALTO
2026-10-04 00:30:00,TAL-05,simulador_campo,1,1.0,0.807,ALTO
2026-10-04 01:00:00,TAL-05,simulador_campo,1,1.0,0.802,ALTO
2026-10-04 01:30:00,TAL-05,simulador_campo,1,1.0,0.812,ALTO
2026-10-04 02:00:00,TAL-05,simulador_campo,1,1.0,0.815,ALTO
2026-10-04 02:30:00,TAL-05,simulador_campo,1,1.0,0.83,ALTO
2026-10-04 03:00:00,TAL-05,simulador_campo,1,1.0,0.831,ALTO
2026-10-04 03:30:00,TAL-05,simulador_campo,1,1.0,0.839,ALTO
2026-10-04 04:00:00,TAL-05,simulador_campo,1,1.0,0.853,ALTO
2026-10-04 04:30:00,TAL-05,simulador_campo,1,1.0,0.853,ALTO
2026-10-04 05:00:00,TAL-05,simulador_campo,1,1.0,0.853,ALTO
2026-10-04 05:30:00,TAL-05,simulador_campo,1,1.0,0.895,ALTO
2026-10-04 06:00:00,TAL-05,simulador_campo,1,0.0,0.668,ALTO
2026-10-04 06:30:00,TAL-05,simulador_campo,0,0.0,0.379,MEDIO
2026-10-04 07:00:00,TAL-05,simulador_campo,0,0.0,0.157,BAIXO
2026-10-04 07:30:00,TAL-05,simulador_campo,0,0.0,0.139,BAIXO
2026-10-04 08:00:00,TAL-05,simulador_campo,0,0.0,0.147,BAIXO
2026-10-04 08:30:00,TAL-05,simulador_campo,0,0.0,0.173,BAIXO
2026-10-04 09:00:00,TAL-05,simulador_campo,0,0.0,0.127,BAIXO
2026-10-04 09:30:00,TAL-05,simulador_campo,0,0.0,0.123,BAIXO
2026-10-04 10:00:00,TAL-05,simulador_campo,0,0.0,0.112,BAIXO
2026-10-04 10:30:00,TAL-05,simulador_campo,0,0.0,0.115,BAIXO
2026-10-04 11:00:00,TAL-05,simulador_campo,0,0.0,0.117,BAIXO
2026-10-04 11:30:00,TAL-05,simulador_campo,0,0.0,0.115,BAIXO
2026-10-04 12:00:00,TAL-05,simulador_campo,0,0.0,0.098,BAIXO
2026-10-04 12:30:00,TAL-05,simulador_campo,0,0.0,0.096,BAIXO
2026-10-04 13:00:00,TAL-05,simulador_campo,0,0.0,0.093,BAIXO
2026-10-04 13:30:00,TAL-05,simulador_campo,0,0.0,0.09,BAIXO
2026-10-04 14:00:00,TAL-05,simulador_campo,0,0.0,0.083,BAIXO
2026-10-04 14:30:00,TAL-05,simulador_campo,0,0.0,0.063,BAIXO
2026-10-04 15:00:00,TAL-05,simulador_campo,0,0.0,0.064,BAIXO
2026-10-04 15:30:00,TAL-05,simulador_campo,0,0.0,0.064,BAIXO
2026-10-04 16:00:00,TAL-05,simulador_campo,0,0.0,0.064,BAIXO
2026-10-04 16:30:00,TAL-05,simulador_campo,0,0.0,0.064,BAIXO
2026-10-04 17:00:00,TAL-05,simulador_campo,0,0.0,0.082,BAIXO
2026-10-04 17:30:00,TAL-05,simulador_campo,0,1.0,0.097,BAIXO
2026-10-04 18:00:00,TAL-05,simulador_campo,0,,0.553,MEDIO
2026-10-04 18:30:00,TAL-05,simulador_campo,0,,0.696,ALTO
2026-10-04 19:00:00,TAL-05,simulador_campo,0,,0.671,ALTO
2026-10-04 19:30:00,TAL-05,simulador_campo,0,,0.724,ALTO
2026-10-04 20:00:00,TAL-05,simulador_campo,0,,0.752,ALTO
2026-10-04 20:30:00,TAL-05,simulador_campo,0,,0.802,ALTO
2026-10-04 21:00:00,TAL-05,simulador_campo,0,,0.805,ALTO
2026-10-04 21:30:00,TAL-05,simulador_campo,0,,0.814,ALTO
2026-10-04 22:00:00,TAL-05,simulador_campo,0,,0.706,ALTO
2026-10-04 22:30:00,TAL-05,simulador_campo,0,,0.881,ALTO
2026-10-04 23:00:00,TAL-05,simulador_campo,0,,0.891,ALTO
2026-10-04 23:30:00,TAL-05,simulador_campo,1,,0.894,ALTO
2026-10-04 12:00:00,TAL-TC,tinkercad,0,,0.32,MEDIO
2026-10-04 12:00:02,TAL-TC,tinkercad,0,,0.32,MEDIO
2026-10-04 12:00:04,TAL-TC,tinkercad,0,,0.274,BAIXO
2026-10-04 12:00:06,TAL-TC,tinkercad,0,,0.258,BAIXO
2026-10-04 12:00:08,TAL-TC,tinkercad,0,,0.262,BAIXO
2026-10-04 12:00:10,TAL-TC,tinkercad,0,,0.305,MEDIO
2026-10-04 12:00:12,TAL-TC,tinkercad,0,,0.293,BAIXO
2026-10-04 12:00:14,TAL-TC,tinkercad,0,,0.302,MEDIO
2026-10-04 12:00:16,TAL-TC,tinkercad,0,,0.581,MEDIO
2026-10-04 12:00:18,TAL-TC,tinkercad,1,,0.732,ALTO
2026-10-04 12:00:20,TAL-TC,tinkercad,1,,0.742,ALTO
2026-10-04 12:00:22,TAL-TC,tinkercad,0,,0.438,MEDIO
2026-10-04 12:00:24,TAL-TC,tinkercad,0,,0.411,MEDIO
2026-10-04 12:00:26,TAL-TC,tinkercad,0,,0.407,MEDIO
2026-10-04 12:00:28,TAL-TC,tinkercad,0,,0.169,BAIXO
2026-10-04 12:00:30,TAL-TC,tinkercad,0,,0.149,BAIXO
2026-10-04 12:00:32,TAL-TC,tinkercad,0,,0.154,BAIXO
2026-10-04 12:00:34,TAL-TC,tinkercad,0,,0.156,BAIXO
2026-10-04 12:00:36,TAL-TC,tinkercad,0,,0.327,MEDIO
2026-10-04 12:00:38,TAL-TC,tinkercad,0,,0.327,MEDIO
